"created_at";"pk_id";"wok_bet_pk_id";"part_id";"part_event";"part_odds";"part_sport";"part_live";"part_bank";"part_match_datetime";"part_prognosis_result_type";"part_prognosis_value";"part_stake";"part_cancellation_reason"
"2026-03-15 16:28:07.253";"a-pk-00000022";"a-pk-00000021";"a0000-b0-p0";"ATP Tour|Real Madrid : Bayern Munich";"3,63";"Tennis";"0";"0";"2026-02-01 02:45:40.060";"MATCH ODDS";"Bayern";"5,35";"NULL"
"2026-01-13 23:21:51.882";"a-pk-00000025";"a-pk-00000024";"a0000-b1-p0";"UEFA Champions League|AZ Alkmaar : Fenerbahce Istanbul";"2,38";"Football";"0";"1";"2026-02-14 05:17:29.255";"MATCH ODDS";"Fenerbahce";"17,62";"NULL"
"2026-03-14 22:46:50.569";"a-pk-00000028";"a-pk-00000027";"a0000-b2-p0";"ATP Tour|AZ Alkmaar : Bayern Munich";"8,35";"Tennis";"0";"0";"2026-03-07 01:37:47.555";"MATCH ODDS";"Bayern";"2,16";"NULL"
"2026-02-09 10:20:57.553";"b-pk-00000020";"b-pk-00000019";"b0001-b0-p0";"Premier League|AZ Alkmaar : Fenerbahce Istanbul";"2,07";"Football";"0";"1";"2026-02-23 06:04:26.417";"MATCH ODDS";"Fenerbahce";"7,29";"NULL"
"2026-04-25 18:44:01.877";"b-pk-00000021";"b-pk-00000019";"b0001-b0-p1";"ATP Tour|Feyenoord Rotterdam : Real Madrid";"10,71";"Basketball";"1";"1";"2026-01-12 09:48:24.873";"MATCH ODDS";"Real";"17,94";"NULL"
"2026-04-08 08:27:31.029";"b-pk-00000022";"b-pk-00000019";"b0001-b0-p2";"Eredivisie|Juventus : Juventus";"5,40";"Basketball";"1";"0";"2026-04-05 19:34:01.928";"MATCH ODDS";"Juventus";"8,49";"NULL"
"2026-01-12 07:41:04.799";"b-pk-00000026";"b-pk-00000025";"b0001-b1-p0";"UEFA Champions League|Feyenoord Rotterdam : Arsenal";"11,54";"Football";"0";"0";"2026-02-27 00:39:09.244";"MATCH ODDS";"Arsenal";"3,40";"NULL"
"2026-01-23 09:54:43.614";"b-pk-00000030";"b-pk-00000029";"b0001-b2-p0";"Eredivisie|Real Madrid : Fenerbahce Istanbul";"9,90";"Basketball";"0";"1";"2026-04-22 11:04:32.663";"MATCH ODDS";"Fenerbahce";"7,48";"NULL"
"2026-03-21 14:45:09.445";"b-pk-00000031";"b-pk-00000029";"b0001-b2-p1";"ATP Tour|Arsenal : Fenerbahce Istanbul";"3,10";"Basketball";"1";"1";"2026-04-14 23:37:17.330";"MATCH ODDS";"Fenerbahce";"17,18";"NULL"
"2026-02-03 07:46:26.500";"b-pk-00000034";"b-pk-00000033";"b0001-b3-p0";"UEFA Champions League|FC Twente : Bayern Munich";"7,20";"Football";"1";"1";"2026-04-26 00:05:18.226";"MATCH ODDS";"Bayern";"8,68";"NULL"
"2026-03-14 23:35:21.360";"b-pk-00000035";"b-pk-00000033";"b0001-b3-p1";"ATP Tour|FC Twente : Bayern Munich";"8,79";"Tennis";"1";"1";"2026-02-04 23:12:20.122";"MATCH ODDS";"Bayern";"15,11";"NULL"
"2026-03-24 13:11:12.135";"c-pk-00000023";"c-pk-00000022";"c0002-b0-p0";"Premier League|Ajax : Fenerbahce Istanbul";"9,69";"Tennis";"1";"0";"2026-03-27 15:51:18.764";"MATCH ODDS";"Fenerbahce";"17,54";"NULL"
"2026-02-28 21:46:43.406";"c-pk-00000024";"c-pk-00000022";"c0002-b0-p1";"Eredivisie|Arsenal : Fenerbahce Istanbul";"11,65";"Basketball";"1";"0";"2026-04-01 08:34:07.465";"MATCH ODDS";"Fenerbahce";"8,00";"NULL"
"2026-03-04 21:14:30.025";"c-pk-00000025";"c-pk-00000022";"c0002-b0-p2";"ATP Tour|Bayern Munich : Juventus";"7,89";"Basketball";"1";"0";"2026-01-21 14:58:44.309";"MATCH ODDS";"Juventus";"13,34";"NULL"
"2026-04-20 13:17:02.706";"c-pk-00000028";"c-pk-00000027";"c0002-b1-p0";"UEFA Champions League|Real Madrid : Arsenal";"5,20";"Tennis";"1";"0";"2026-03-04 21:23:34.923";"MATCH ODDS";"Arsenal";"19,58";"NULL"
"2026-01-28 14:05:42.217";"c-pk-00000029";"c-pk-00000027";"c0002-b1-p1";"Eredivisie|AZ Alkmaar : Bayern Munich";"8,13";"Basketball";"0";"0";"2026-03-08 04:50:36.210";"MATCH ODDS";"Bayern";"2,30";"NULL"
"2026-02-11 04:50:57.610";"c-pk-00000030";"c-pk-00000027";"c0002-b1-p2";"Eredivisie|Real Madrid : Juventus";"1,23";"Football";"0";"1";"2026-02-04 21:55:01.134";"MATCH ODDS";"Juventus";"1,28";"NULL"
"2026-04-27 22:58:23.090";"a-pk-00000009";"a-pk-00000008";"a0003-b0-p0";"Eredivisie|Feyenoord Rotterdam : Bayern Munich";"5,92";"Football";"0";"1";"2026-04-17 02:25:55.317";"MATCH ODDS";"Bayern";"15,17";"NULL"
"2026-02-25 11:22:46.981";"a-pk-00000010";"a-pk-00000008";"a0003-b0-p1";"UEFA Champions League|Ajax : Fenerbahce Istanbul";"10,04";"Football";"0";"0";"2026-02-09 06:11:38.156";"MATCH ODDS";"Fenerbahce";"15,44";"NULL"
"2026-03-15 14:02:03.377";"a-pk-00000014";"a-pk-00000013";"a0003-b1-p0";"UEFA Champions League|Bayern Munich : Juventus";"10,18";"Football";"0";"1";"2026-04-19 17:50:47.917";"MATCH ODDS";"Juventus";"1,78";"NULL"
"2026-04-17 04:03:28.105";"a-pk-00000015";"a-pk-00000013";"a0003-b1-p1";"Premier League|Juventus : Real Madrid";"9,96";"Tennis";"0";"0";"2026-01-08 22:28:28.536";"MATCH ODDS";"Real";"10,93";"NULL"
"2026-01-19 21:09:58.358";"a-pk-00000018";"a-pk-00000017";"a0003-b2-p0";"Premier League|FC Twente : Real Madrid";"4,55";"Basketball";"1";"0";"2026-01-10 17:24:41.810";"MATCH ODDS";"Real";"7,24";"NULL"
"2026-03-01 11:19:11.973";"a-pk-00000019";"a-pk-00000017";"a0003-b2-p1";"ATP Tour|FC Twente : Fenerbahce Istanbul";"3,51";"Tennis";"0";"0";"2026-02-05 02:18:54.807";"MATCH ODDS";"Fenerbahce";"2,92";"NULL"
"2026-04-08 17:15:19.988";"a-pk-00000023";"a-pk-00000022";"a0003-b3-p0";"Premier League|Ajax : Arsenal";"9,93";"Tennis";"0";"1";"2026-04-15 09:49:24.514";"MATCH ODDS";"Arsenal";"11,02";"NULL"
"2026-04-03 21:54:20.683";"b-pk-00000014";"b-pk-00000013";"b0004-b0-p0";"Eredivisie|Feyenoord Rotterdam : Arsenal";"4,95";"Football";"1";"1";"2026-02-23 22:59:44.653";"MATCH ODDS";"Arsenal";"4,31";"NULL"
"2026-02-11 20:04:28.477";"b-pk-00000018";"b-pk-00000017";"b0004-b1-p0";"UEFA Champions League|AZ Alkmaar : Juventus";"8,55";"Tennis";"0";"0";"2026-02-14 16:58:55.056";"MATCH ODDS";"Juventus";"16,80";"NULL"
"2026-03-23 07:22:33.916";"b-pk-00000019";"b-pk-00000017";"b0004-b1-p1";"Eredivisie|Bayern Munich : Real Madrid";"4,27";"Football";"1";"0";"2026-03-05 20:19:39.546";"MATCH ODDS";"Real";"2,78";"NULL"
"2026-02-22 19:46:57.619";"b-pk-00000020";"b-pk-00000017";"b0004-b1-p2";"Eredivisie|Juventus : Juventus";"4,85";"Basketball";"0";"0";"2026-01-02 20:49:36.271";"MATCH ODDS";"Juventus";"13,37";"NULL"
"2026-03-13 04:48:23.527";"b-pk-00000024";"b-pk-00000023";"b0004-b2-p0";"Premier League|Ajax : Bayern Munich";"7,27";"Tennis";"0";"1";"2026-01-09 14:15:09.099";"MATCH ODDS";"Bayern";"1,96";"NULL"
"2026-02-02 21:57:33.231";"c-pk-00000009";"c-pk-00000008";"c0005-b0-p0";"Eredivisie|Real Madrid : Fenerbahce Istanbul";"8,09";"Football";"0";"1";"2026-03-23 15:06:43.789";"MATCH ODDS";"Fenerbahce";"3,61";"NULL"
"2026-04-21 06:48:18.328";"c-pk-00000010";"c-pk-00000008";"c0005-b0-p1";"ATP Tour|Real Madrid : Arsenal";"4,28";"Football";"0";"0";"2026-01-06 13:56:53.180";"MATCH ODDS";"Arsenal";"18,74";"NULL"
"2026-03-02 00:19:36.617";"c-pk-00000011";"c-pk-00000008";"c0005-b0-p2";"Eredivisie|AZ Alkmaar : Arsenal";"2,36";"Tennis";"1";"1";"2026-04-05 16:29:17.197";"MATCH ODDS";"Arsenal";"16,37";"NULL"
"2026-04-11 07:00:16.392";"c-pk-00000015";"c-pk-00000014";"c0005-b1-p0";"Eredivisie|Feyenoord Rotterdam : Real Madrid";"3,74";"Tennis";"1";"1";"2026-01-09 20:23:44.241";"MATCH ODDS";"Real";"2,18";"NULL"
"2026-04-23 17:58:30.775";"c-pk-00000018";"c-pk-00000017";"c0005-b2-p0";"Premier League|AZ Alkmaar : Juventus";"7,01";"Basketball";"0";"0";"2026-01-17 14:33:45.370";"MATCH ODDS";"Juventus";"2,48";"NULL"
"2026-01-18 14:43:51.315";"c-pk-00000022";"c-pk-00000021";"c0005-b3-p0";"ATP Tour|FC Twente : Arsenal";"9,01";"Tennis";"1";"0";"2026-02-19 02:02:27.352";"MATCH ODDS";"Arsenal";"14,31";"NULL"
"2026-02-24 07:53:00.774";"c-pk-00000026";"c-pk-00000025";"c0005-b4-p0";"ATP Tour|Fenerbahce Istanbul : Real Madrid";"1,45";"Tennis";"1";"1";"2026-04-27 07:15:29.354";"MATCH ODDS";"Real";"3,95";"NULL"
"2026-01-08 06:04:06.608";"c-pk-00000027";"c-pk-00000025";"c0005-b4-p1";"ATP Tour|Feyenoord Rotterdam : Fenerbahce Istanbul";"1,56";"Basketball";"0";"0";"2026-01-13 14:14:34.222";"MATCH ODDS";"Fenerbahce";"15,33";"NULL"
"2026-02-27 23:36:20.591";"c-pk-00000028";"c-pk-00000025";"c0005-b4-p2";"Premier League|Real Madrid : Juventus";"7,66";"Basketball";"1";"0";"2026-03-05 21:33:14.423";"MATCH ODDS";"Juventus";"6,71";"NULL"
"2026-03-10 08:31:09.064";"a-pk-00000016";"a-pk-00000015";"a0006-b0-p0";"Eredivisie|Arsenal : Real Madrid";"3,01";"Tennis";"1";"1";"2026-04-26 02:23:16.966";"MATCH ODDS";"Real";"5,69";"NULL"
"2026-04-04 04:19:00.971";"a-pk-00000017";"a-pk-00000015";"a0006-b0-p1";"Eredivisie|Juventus : Juventus";"5,47";"Basketball";"1";"1";"2026-04-11 13:52:52.880";"MATCH ODDS";"Juventus";"13,37";"NULL"
"2026-04-11 05:25:20.298";"a-pk-00000018";"a-pk-00000015";"a0006-b0-p2";"Eredivisie|Bayern Munich : Bayern Munich";"9,14";"Basketball";"1";"0";"2026-03-13 08:52:50.402";"MATCH ODDS";"Bayern";"7,94";"NULL"
"2026-04-19 12:34:32.945";"a-pk-00000022";"a-pk-00000021";"a0006-b1-p0";"ATP Tour|AZ Alkmaar : Fenerbahce Istanbul";"11,14";"Basketball";"1";"0";"2026-03-23 17:38:40.936";"MATCH ODDS";"Fenerbahce";"2,61";"NULL"
"2026-04-25 10:50:27.108";"a-pk-00000023";"a-pk-00000021";"a0006-b1-p1";"UEFA Champions League|Bayern Munich : Real Madrid";"1,31";"Tennis";"0";"0";"2026-04-12 12:29:49.695";"MATCH ODDS";"Real";"12,18";"NULL"
"2026-01-10 13:58:05.118";"a-pk-00000024";"a-pk-00000021";"a0006-b1-p2";"ATP Tour|Bayern Munich : Fenerbahce Istanbul";"10,18";"Basketball";"0";"1";"2026-03-11 14:50:13.533";"MATCH ODDS";"Fenerbahce";"10,18";"NULL"
"2026-01-23 03:00:13.488";"b-pk-00000014";"b-pk-00000013";"b0007-b0-p0";"ATP Tour|PSV Eindhoven : Real Madrid";"2,04";"Basketball";"0";"1";"2026-01-01 22:21:52.123";"MATCH ODDS";"Real";"19,77";"NULL"
"2026-04-28 06:05:57.102";"b-pk-00000018";"b-pk-00000017";"b0007-b1-p0";"ATP Tour|Ajax : Real Madrid";"2,71";"Football";"1";"1";"2026-04-11 04:15:17.660";"MATCH ODDS";"Real";"2,60";"NULL"
"2026-01-28 21:56:19.210";"b-pk-00000019";"b-pk-00000017";"b0007-b1-p1";"Premier League|Juventus : Juventus";"6,79";"Basketball";"0";"1";"2026-03-21 01:50:57.812";"MATCH ODDS";"Juventus";"19,14";"NULL"
"2026-04-22 13:11:22.219";"c-pk-00000014";"c-pk-00000013";"c0008-b0-p0";"UEFA Champions League|Arsenal : Arsenal";"11,01";"Tennis";"1";"1";"2026-02-02 19:39:39.251";"MATCH ODDS";"Arsenal";"13,30";"NULL"
"2026-03-06 00:20:38.224";"c-pk-00000018";"c-pk-00000017";"c0008-b1-p0";"ATP Tour|Juventus : Bayern Munich";"1,52";"Tennis";"0";"1";"2026-03-25 18:14:10.102";"MATCH ODDS";"Bayern";"5,71";"NULL"
"2026-04-12 05:11:15.606";"c-pk-00000019";"c-pk-00000017";"c0008-b1-p1";"Eredivisie|FC Twente : Fenerbahce Istanbul";"4,63";"Basketball";"1";"0";"2026-03-19 18:09:36.971";"MATCH ODDS";"Fenerbahce";"4,58";"NULL"
"2026-03-03 11:45:42.405";"c-pk-00000023";"c-pk-00000022";"c0008-b2-p0";"UEFA Champions League|FC Twente : Real Madrid";"7,53";"Tennis";"1";"1";"2026-02-06 23:27:50.654";"MATCH ODDS";"Real";"19,25";"NULL"
"2026-01-16 04:21:47.079";"c-pk-00000027";"c-pk-00000026";"c0008-b3-p0";"Eredivisie|FC Twente : Bayern Munich";"3,77";"Tennis";"0";"0";"2026-03-15 00:16:13.255";"MATCH ODDS";"Bayern";"14,17";"NULL"
"2026-04-15 23:26:10.905";"c-pk-00000028";"c-pk-00000026";"c0008-b3-p1";"UEFA Champions League|Feyenoord Rotterdam : Fenerbahce Istanbul";"5,67";"Tennis";"1";"1";"2026-01-27 15:50:55.591";"MATCH ODDS";"Fenerbahce";"13,37";"NULL"
"2026-01-10 00:20:16.974";"c-pk-00000029";"c-pk-00000026";"c0008-b3-p2";"UEFA Champions League|Real Madrid : Arsenal";"2,33";"Tennis";"0";"1";"2026-02-24 02:35:57.095";"MATCH ODDS";"Arsenal";"7,42";"NULL"
"2026-02-02 11:00:27.089";"c-pk-00000033";"c-pk-00000032";"c0008-b4-p0";"ATP Tour|Feyenoord Rotterdam : Arsenal";"4,38";"Basketball";"1";"0";"2026-01-01 06:10:40.298";"MATCH ODDS";"Arsenal";"19,56";"NULL"
"2026-04-16 21:16:05.657";"c-pk-00000034";"c-pk-00000032";"c0008-b4-p1";"ATP Tour|Feyenoord Rotterdam : Bayern Munich";"7,08";"Football";"1";"1";"2026-03-06 14:02:16.450";"MATCH ODDS";"Bayern";"9,84";"NULL"
"2026-03-22 03:30:04.344";"a-pk-00000009";"a-pk-00000008";"a0009-b0-p0";"Premier League|Bayern Munich : Juventus";"11,87";"Basketball";"1";"1";"2026-03-21 22:57:41.305";"MATCH ODDS";"Juventus";"4,58";"NULL"
"2026-03-22 04:46:01.671";"a-pk-00000010";"a-pk-00000008";"a0009-b0-p1";"ATP Tour|Real Madrid : Fenerbahce Istanbul";"6,57";"Tennis";"1";"1";"2026-04-13 23:02:37.725";"MATCH ODDS";"Fenerbahce";"19,90";"NULL"
"2026-03-17 09:54:10.860";"a-pk-00000011";"a-pk-00000008";"a0009-b0-p2";"ATP Tour|Bayern Munich : Real Madrid";"8,30";"Basketball";"0";"1";"2026-01-16 04:47:16.742";"MATCH ODDS";"Real";"16,36";"NULL"
"2026-04-07 16:07:55.697";"a-pk-00000014";"a-pk-00000013";"a0009-b1-p0";"UEFA Champions League|Juventus : Juventus";"5,32";"Tennis";"1";"0";"2026-02-05 06:21:26.583";"MATCH ODDS";"Juventus";"17,96";"NULL"
"2026-04-13 13:30:24.004";"a-pk-00000018";"a-pk-00000017";"a0009-b2-p0";"ATP Tour|Fenerbahce Istanbul : Real Madrid";"1,61";"Football";"1";"0";"2026-03-25 16:12:01.692";"MATCH ODDS";"Real";"1,08";"NULL"
"2026-02-04 12:32:37.313";"a-pk-00000019";"a-pk-00000017";"a0009-b2-p1";"Premier League|Real Madrid : Bayern Munich";"3,00";"Football";"1";"1";"2026-04-24 16:38:33.345";"MATCH ODDS";"Bayern";"9,24";"NULL"
"2026-02-21 21:29:21.372";"b-pk-00000013";"b-pk-00000012";"b0010-b0-p0";"Premier League|Fenerbahce Istanbul : Juventus";"10,11";"Football";"1";"1";"2026-04-23 21:23:45.463";"MATCH ODDS";"Juventus";"3,17";"NULL"
"2026-03-27 20:51:18.560";"b-pk-00000014";"b-pk-00000012";"b0010-b0-p1";"Premier League|Real Madrid : Fenerbahce Istanbul";"6,84";"Basketball";"0";"0";"2026-02-16 04:52:45.760";"MATCH ODDS";"Fenerbahce";"14,71";"NULL"
"2026-01-28 12:13:29.844";"b-pk-00000015";"b-pk-00000012";"b0010-b0-p2";"Eredivisie|FC Twente : Real Madrid";"9,64";"Basketball";"1";"0";"2026-04-02 20:53:43.602";"MATCH ODDS";"Real";"3,34";"NULL"
"2026-04-20 22:48:15.280";"b-pk-00000019";"b-pk-00000018";"b0010-b1-p0";"ATP Tour|Bayern Munich : Juventus";"5,50";"Tennis";"1";"1";"2026-02-05 13:38:44.907";"MATCH ODDS";"Juventus";"15,22";"NULL"
"2026-02-07 19:45:18.703";"b-pk-00000020";"b-pk-00000018";"b0010-b1-p1";"Eredivisie|FC Twente : Bayern Munich";"4,93";"Basketball";"0";"0";"2026-03-23 03:48:22.575";"MATCH ODDS";"Bayern";"10,13";"NULL"
"2026-04-26 00:33:06.025";"b-pk-00000021";"b-pk-00000018";"b0010-b1-p2";"Premier League|Arsenal : Juventus";"5,31";"Football";"0";"0";"2026-03-25 05:18:43.256";"MATCH ODDS";"Juventus";"3,78";"NULL"
"2026-04-14 21:20:35.055";"b-pk-00000024";"b-pk-00000023";"b0010-b2-p0";"ATP Tour|Bayern Munich : Fenerbahce Istanbul";"1,34";"Tennis";"0";"1";"2026-02-21 22:45:41.376";"MATCH ODDS";"Fenerbahce";"15,35";"NULL"
"2026-03-13 07:57:49.603";"c-pk-00000011";"c-pk-00000010";"c0011-b0-p0";"Eredivisie|Juventus : Arsenal";"9,12";"Tennis";"0";"1";"2026-01-13 11:32:00.678";"MATCH ODDS";"Arsenal";"5,54";"NULL"
"2026-04-06 05:36:36.675";"c-pk-00000012";"c-pk-00000010";"c0011-b0-p1";"Eredivisie|Juventus : Real Madrid";"10,62";"Football";"1";"1";"2026-01-08 15:14:04.270";"MATCH ODDS";"Real";"8,02";"NULL"
"2026-04-16 14:56:02.040";"c-pk-00000013";"c-pk-00000010";"c0011-b0-p2";"Premier League|Ajax : Juventus";"11,79";"Tennis";"0";"1";"2026-03-19 17:36:11.385";"MATCH ODDS";"Juventus";"13,42";"NULL"
"2026-02-06 11:38:45.836";"c-pk-00000017";"c-pk-00000016";"c0011-b1-p0";"Eredivisie|PSV Eindhoven : Real Madrid";"2,48";"Football";"1";"1";"2026-01-16 21:30:30.215";"MATCH ODDS";"Real";"12,23";"NULL"
"2026-04-20 15:55:30.174";"c-pk-00000021";"c-pk-00000020";"c0011-b2-p0";"Eredivisie|Bayern Munich : Fenerbahce Istanbul";"3,57";"Tennis";"0";"0";"2026-03-06 23:43:21.944";"MATCH ODDS";"Fenerbahce";"9,62";"NULL"
"2026-02-04 00:12:33.880";"c-pk-00000022";"c-pk-00000020";"c0011-b2-p1";"ATP Tour|Real Madrid : Arsenal";"11,02";"Basketball";"1";"0";"2026-01-06 15:57:39.614";"MATCH ODDS";"Arsenal";"1,74";"NULL"
"2026-04-22 04:57:38.552";"c-pk-00000023";"c-pk-00000020";"c0011-b2-p2";"UEFA Champions League|Juventus : Fenerbahce Istanbul";"10,14";"Basketball";"1";"1";"2026-03-28 01:44:33.439";"MATCH ODDS";"Fenerbahce";"5,36";"NULL"
"2026-04-21 06:44:51.323";"c-pk-00000027";"c-pk-00000026";"c0011-b3-p0";"UEFA Champions League|Fenerbahce Istanbul : Juventus";"5,62";"Football";"0";"1";"2026-03-09 17:27:36.374";"MATCH ODDS";"Juventus";"12,63";"NULL"
"2026-03-15 05:36:08.589";"a-pk-00000009";"a-pk-00000008";"a0012-b0-p0";"ATP Tour|Bayern Munich : Bayern Munich";"8,61";"Football";"1";"0";"2026-04-28 12:12:09.819";"MATCH ODDS";"Bayern";"19,22";"NULL"
"2026-04-05 20:33:34.737";"a-pk-00000010";"a-pk-00000008";"a0012-b0-p1";"ATP Tour|Feyenoord Rotterdam : Real Madrid";"4,61";"Tennis";"1";"1";"2026-01-13 03:44:10.061";"MATCH ODDS";"Real";"5,09";"NULL"
"2026-01-13 19:18:29.646";"a-pk-00000014";"a-pk-00000013";"a0012-b1-p0";"ATP Tour|FC Twente : Arsenal";"11,53";"Football";"1";"1";"2026-04-28 02:05:10.351";"MATCH ODDS";"Arsenal";"5,34";"NULL"
"2026-03-15 11:47:37.533";"a-pk-00000015";"a-pk-00000013";"a0012-b1-p1";"ATP Tour|PSV Eindhoven : Bayern Munich";"11,63";"Tennis";"0";"0";"2026-01-05 23:15:42.257";"MATCH ODDS";"Bayern";"18,87";"NULL"
"2026-02-17 05:01:02.679";"a-pk-00000019";"a-pk-00000018";"a0012-b2-p0";"Eredivisie|PSV Eindhoven : Arsenal";"5,05";"Tennis";"1";"1";"2026-03-18 14:08:44.552";"MATCH ODDS";"Arsenal";"4,36";"NULL"
"2026-03-16 17:00:44.944";"a-pk-00000023";"a-pk-00000022";"a0012-b3-p0";"Premier League|FC Twente : Real Madrid";"6,51";"Tennis";"1";"0";"2026-04-26 09:38:14.815";"MATCH ODDS";"Real";"1,14";"NULL"
"2026-04-08 05:45:47.661";"a-pk-00000024";"a-pk-00000022";"a0012-b3-p1";"ATP Tour|AZ Alkmaar : Juventus";"5,41";"Tennis";"0";"1";"2026-01-14 20:15:33.782";"MATCH ODDS";"Juventus";"16,20";"NULL"
"2026-02-04 01:29:22.159";"b-pk-00000016";"b-pk-00000015";"b0013-b0-p0";"Premier League|PSV Eindhoven : Fenerbahce Istanbul";"2,69";"Tennis";"0";"0";"2026-03-26 09:05:36.409";"MATCH ODDS";"Fenerbahce";"11,81";"NULL"
"2026-02-24 20:54:38.950";"b-pk-00000019";"b-pk-00000018";"b0013-b1-p0";"UEFA Champions League|AZ Alkmaar : Arsenal";"1,32";"Basketball";"1";"0";"2026-03-17 01:20:34.578";"MATCH ODDS";"Arsenal";"3,84";"NULL"
"2026-04-15 19:36:32.092";"b-pk-00000020";"b-pk-00000018";"b0013-b1-p1";"UEFA Champions League|Real Madrid : Real Madrid";"3,60";"Tennis";"1";"0";"2026-02-11 02:30:36.763";"MATCH ODDS";"Real";"1,94";"NULL"
"2026-01-22 13:27:23.356";"b-pk-00000024";"b-pk-00000023";"b0013-b2-p0";"UEFA Champions League|AZ Alkmaar : Bayern Munich";"3,26";"Tennis";"0";"1";"2026-02-12 19:52:51.452";"MATCH ODDS";"Bayern";"12,84";"NULL"
"2026-01-07 09:28:25.905";"c-pk-00000012";"c-pk-00000011";"c0014-b0-p0";"ATP Tour|Fenerbahce Istanbul : Juventus";"4,49";"Tennis";"1";"0";"2026-04-10 19:58:03.706";"MATCH ODDS";"Juventus";"10,82";"NULL"
"2026-02-25 18:57:44.559";"c-pk-00000013";"c-pk-00000011";"c0014-b0-p1";"UEFA Champions League|AZ Alkmaar : Fenerbahce Istanbul";"2,66";"Tennis";"1";"1";"2026-01-06 14:37:57.729";"MATCH ODDS";"Fenerbahce";"18,02";"NULL"
"2026-02-23 23:07:05.116";"c-pk-00000014";"c-pk-00000011";"c0014-b0-p2";"Premier League|Fenerbahce Istanbul : Bayern Munich";"8,83";"Basketball";"1";"0";"2026-04-24 16:39:10.387";"MATCH ODDS";"Bayern";"11,46";"NULL"
"2026-02-01 19:48:16.012";"c-pk-00000017";"c-pk-00000016";"c0014-b1-p0";"Eredivisie|Ajax : Fenerbahce Istanbul";"6,15";"Tennis";"0";"1";"2026-02-07 18:42:30.464";"MATCH ODDS";"Fenerbahce";"8,79";"NULL"
"2026-04-06 05:43:18.625";"c-pk-00000020";"c-pk-00000019";"c0014-b2-p0";"UEFA Champions League|Feyenoord Rotterdam : Fenerbahce Istanbul";"8,34";"Basketball";"0";"1";"2026-03-02 02:49:19.330";"MATCH ODDS";"Fenerbahce";"8,00";"NULL"
"2026-03-09 16:36:39.362";"c-pk-00000024";"c-pk-00000023";"c0014-b3-p0";"ATP Tour|Juventus : Bayern Munich";"11,21";"Basketball";"1";"1";"2026-04-26 05:56:39.238";"MATCH ODDS";"Bayern";"14,46";"NULL"
"2026-04-21 03:47:54.212";"c-pk-00000025";"c-pk-00000023";"c0014-b3-p1";"UEFA Champions League|Fenerbahce Istanbul : Fenerbahce Istanbul";"9,84";"Tennis";"1";"0";"2026-03-12 17:51:40.217";"MATCH ODDS";"Fenerbahce";"1,21";"NULL"
"2026-01-21 04:30:09.642";"c-pk-00000028";"c-pk-00000027";"c0014-b4-p0";"ATP Tour|PSV Eindhoven : Arsenal";"6,17";"Basketball";"1";"1";"2026-04-24 01:53:33.306";"MATCH ODDS";"Arsenal";"11,73";"NULL"
"2026-01-21 00:09:46.906";"a-pk-00000016";"a-pk-00000015";"a0015-b0-p0";"UEFA Champions League|Ajax : Real Madrid";"6,46";"Tennis";"0";"0";"2026-02-21 13:55:29.915";"MATCH ODDS";"Real";"15,99";"NULL"
"2026-01-02 18:30:45.377";"a-pk-00000020";"a-pk-00000019";"a0015-b1-p0";"Premier League|FC Twente : Juventus";"2,42";"Tennis";"0";"0";"2026-03-15 16:05:33.911";"MATCH ODDS";"Juventus";"12,59";"NULL"
"2026-04-13 02:50:34.658";"b-pk-00000011";"b-pk-00000010";"b0016-b0-p0";"Eredivisie|Feyenoord Rotterdam : Juventus";"4,52";"Basketball";"1";"0";"2026-01-11 01:21:50.738";"MATCH ODDS";"Juventus";"1,81";"NULL"
"2026-01-10 03:29:39.174";"b-pk-00000014";"b-pk-00000013";"b0016-b1-p0";"Eredivisie|Ajax : Fenerbahce Istanbul";"10,22";"Football";"0";"0";"2026-04-20 19:14:04.823";"MATCH ODDS";"Fenerbahce";"4,85";"NULL"
"2026-04-24 18:55:44.214";"c-pk-00000015";"c-pk-00000014";"c0017-b0-p0";"UEFA Champions League|PSV Eindhoven : Real Madrid";"9,33";"Football";"1";"1";"2026-03-17 21:27:17.055";"MATCH ODDS";"Real";"2,20";"NULL"
"2026-04-06 09:04:06.168";"c-pk-00000019";"c-pk-00000018";"c0017-b1-p0";"UEFA Champions League|Arsenal : Fenerbahce Istanbul";"4,18";"Basketball";"0";"1";"2026-02-28 06:33:40.023";"MATCH ODDS";"Fenerbahce";"6,57";"NULL"
"2026-04-10 18:08:57.808";"c-pk-00000023";"c-pk-00000022";"c0017-b2-p0";"ATP Tour|FC Twente : Juventus";"4,51";"Tennis";"0";"1";"2026-03-10 01:09:22.291";"MATCH ODDS";"Juventus";"9,66";"NULL"
"2026-02-25 03:38:48.171";"a-pk-00000011";"a-pk-00000010";"a0018-b0-p0";"Eredivisie|FC Twente : Fenerbahce Istanbul";"7,07";"Tennis";"1";"1";"2026-03-04 17:37:22.843";"MATCH ODDS";"Fenerbahce";"3,73";"NULL"
"2026-01-16 11:19:44.371";"a-pk-00000014";"a-pk-00000013";"a0018-b1-p0";"Eredivisie|Feyenoord Rotterdam : Fenerbahce Istanbul";"2,70";"Tennis";"1";"0";"2026-03-01 23:52:07.227";"MATCH ODDS";"Fenerbahce";"3,45";"NULL"
"2026-03-22 00:48:06.801";"a-pk-00000018";"a-pk-00000017";"a0018-b2-p0";"UEFA Champions League|PSV Eindhoven : Fenerbahce Istanbul";"2,54";"Basketball";"0";"0";"2026-02-22 11:01:05.149";"MATCH ODDS";"Fenerbahce";"17,07";"NULL"
"2026-03-23 18:11:28.689";"a-pk-00000022";"a-pk-00000021";"a0018-b3-p0";"ATP Tour|Ajax : Juventus";"11,54";"Football";"1";"1";"2026-04-07 16:14:26.115";"MATCH ODDS";"Juventus";"15,47";"NULL"
"2026-04-25 11:45:18.570";"a-pk-00000023";"a-pk-00000021";"a0018-b3-p1";"Eredivisie|AZ Alkmaar : Fenerbahce Istanbul";"9,00";"Football";"1";"1";"2026-01-13 09:29:38.753";"MATCH ODDS";"Fenerbahce";"6,93";"NULL"
"2026-03-28 13:12:54.071";"a-pk-00000024";"a-pk-00000021";"a0018-b3-p2";"ATP Tour|Arsenal : Real Madrid";"10,86";"Tennis";"1";"0";"2026-01-22 15:43:06.405";"MATCH ODDS";"Real";"9,32";"NULL"
"2026-04-12 15:42:38.972";"a-pk-00000028";"a-pk-00000027";"a0018-b4-p0";"Premier League|FC Twente : Juventus";"5,57";"Tennis";"1";"0";"2026-04-04 03:16:31.509";"MATCH ODDS";"Juventus";"5,39";"NULL"
"2026-01-28 02:20:38.305";"b-pk-00000009";"b-pk-00000008";"b0019-b0-p0";"UEFA Champions League|Fenerbahce Istanbul : Arsenal";"10,57";"Tennis";"1";"0";"2026-04-27 23:53:08.241";"MATCH ODDS";"Arsenal";"3,13";"NULL"
"2026-04-03 07:38:07.791";"b-pk-00000010";"b-pk-00000008";"b0019-b0-p1";"Premier League|Fenerbahce Istanbul : Juventus";"9,91";"Tennis";"1";"0";"2026-04-07 04:06:11.219";"MATCH ODDS";"Juventus";"19,43";"NULL"
"2026-04-18 11:44:07.324";"b-pk-00000011";"b-pk-00000008";"b0019-b0-p2";"UEFA Champions League|PSV Eindhoven : Juventus";"7,09";"Tennis";"0";"1";"2026-02-12 15:45:23.841";"MATCH ODDS";"Juventus";"6,86";"NULL"
"2026-01-27 07:19:13.880";"b-pk-00000015";"b-pk-00000014";"b0019-b1-p0";"Premier League|AZ Alkmaar : Bayern Munich";"10,81";"Tennis";"1";"1";"2026-01-09 02:52:49.963";"MATCH ODDS";"Bayern";"10,34";"NULL"
"2026-02-23 08:32:04.360";"b-pk-00000016";"b-pk-00000014";"b0019-b1-p1";"UEFA Champions League|Bayern Munich : Arsenal";"5,75";"Basketball";"1";"1";"2026-01-25 01:41:41.188";"MATCH ODDS";"Arsenal";"12,97";"NULL"
"2026-02-03 13:23:11.402";"b-pk-00000020";"b-pk-00000019";"b0019-b2-p0";"Premier League|FC Twente : Bayern Munich";"10,67";"Basketball";"0";"0";"2026-01-18 20:39:40.234";"MATCH ODDS";"Bayern";"18,23";"NULL"
"2026-01-13 19:27:38.266";"b-pk-00000021";"b-pk-00000019";"b0019-b2-p1";"Eredivisie|Real Madrid : Bayern Munich";"2,81";"Tennis";"0";"0";"2026-01-23 16:27:49.942";"MATCH ODDS";"Bayern";"18,64";"NULL"
"2026-02-12 18:43:41.469";"b-pk-00000025";"b-pk-00000024";"b0019-b3-p0";"ATP Tour|PSV Eindhoven : Real Madrid";"2,13";"Tennis";"0";"1";"2026-04-22 06:45:24.725";"MATCH ODDS";"Real";"9,04";"NULL"
"2026-02-23 01:33:01.432";"c-pk-00000016";"c-pk-00000015";"c0020-b0-p0";"ATP Tour|FC Twente : Juventus";"7,43";"Basketball";"0";"1";"2026-04-16 03:31:39.961";"MATCH ODDS";"Juventus";"13,28";"NULL"
"2026-03-24 06:30:22.448";"c-pk-00000017";"c-pk-00000015";"c0020-b0-p1";"Eredivisie|AZ Alkmaar : Fenerbahce Istanbul";"3,71";"Football";"1";"1";"2026-02-10 23:45:24.982";"MATCH ODDS";"Fenerbahce";"8,92";"NULL"
"2026-01-12 08:22:43.162";"c-pk-00000021";"c-pk-00000020";"c0020-b1-p0";"UEFA Champions League|Ajax : Juventus";"3,09";"Basketball";"0";"0";"2026-03-14 03:39:14.123";"MATCH ODDS";"Juventus";"11,68";"NULL"
"2026-01-06 20:07:55.210";"c-pk-00000025";"c-pk-00000024";"c0020-b2-p0";"UEFA Champions League|Juventus : Fenerbahce Istanbul";"11,04";"Football";"1";"1";"2026-04-24 03:09:41.372";"MATCH ODDS";"Fenerbahce";"7,36";"NULL"
"2026-02-05 13:26:58.419";"c-pk-00000028";"c-pk-00000027";"c0020-b3-p0";"ATP Tour|Real Madrid : Juventus";"10,90";"Basketball";"1";"0";"2026-04-05 00:45:51.529";"MATCH ODDS";"Juventus";"18,93";"NULL"
"2026-04-02 12:48:02.676";"c-pk-00000029";"c-pk-00000027";"c0020-b3-p1";"Eredivisie|PSV Eindhoven : Arsenal";"11,16";"Football";"0";"1";"2026-04-13 21:44:35.894";"MATCH ODDS";"Arsenal";"6,78";"NULL"
"2026-02-23 12:28:41.210";"c-pk-00000030";"c-pk-00000027";"c0020-b3-p2";"Premier League|Bayern Munich : Fenerbahce Istanbul";"10,79";"Basketball";"1";"1";"2026-04-25 06:56:19.086";"MATCH ODDS";"Fenerbahce";"1,70";"NULL"
"2026-01-27 11:16:40.519";"c-pk-00000034";"c-pk-00000033";"c0020-b4-p0";"UEFA Champions League|Bayern Munich : Arsenal";"5,03";"Football";"0";"1";"2026-03-19 23:00:29.347";"MATCH ODDS";"Arsenal";"19,68";"NULL"
"2026-01-06 23:34:36.071";"a-pk-00000010";"a-pk-00000009";"a0021-b0-p0";"Premier League|Real Madrid : Juventus";"4,45";"Tennis";"0";"0";"2026-03-14 06:39:32.980";"MATCH ODDS";"Juventus";"16,24";"NULL"
"2026-03-08 21:20:21.215";"a-pk-00000011";"a-pk-00000009";"a0021-b0-p1";"ATP Tour|Bayern Munich : Bayern Munich";"6,17";"Basketball";"1";"0";"2026-02-21 00:38:30.004";"MATCH ODDS";"Bayern";"18,13";"NULL"
"2026-01-04 14:23:59.197";"a-pk-00000015";"a-pk-00000014";"a0021-b1-p0";"Eredivisie|Bayern Munich : Arsenal";"6,00";"Football";"0";"1";"2026-03-07 02:52:39.640";"MATCH ODDS";"Arsenal";"6,76";"NULL"
"2026-01-09 15:57:45.723";"a-pk-00000016";"a-pk-00000014";"a0021-b1-p1";"Premier League|Real Madrid : Arsenal";"7,75";"Football";"0";"1";"2026-01-28 08:36:32.505";"MATCH ODDS";"Arsenal";"4,24";"NULL"
"2026-04-01 13:41:43.965";"a-pk-00000019";"a-pk-00000018";"a0021-b2-p0";"Premier League|Juventus : Juventus";"8,22";"Tennis";"1";"1";"2026-03-04 21:33:29.507";"MATCH ODDS";"Juventus";"7,87";"NULL"
"2026-02-06 10:19:04.641";"a-pk-00000022";"a-pk-00000021";"a0021-b3-p0";"Eredivisie|Arsenal : Fenerbahce Istanbul";"7,95";"Football";"1";"1";"2026-01-19 20:59:21.860";"MATCH ODDS";"Fenerbahce";"5,76";"NULL"
"2026-02-11 06:43:21.256";"b-pk-00000012";"b-pk-00000011";"b0022-b0-p0";"UEFA Champions League|Feyenoord Rotterdam : Bayern Munich";"4,47";"Basketball";"1";"0";"2026-02-28 22:47:34.934";"MATCH ODDS";"Bayern";"5,96";"NULL"
"2026-02-14 22:26:13.449";"b-pk-00000016";"b-pk-00000015";"b0022-b1-p0";"Premier League|Bayern Munich : Fenerbahce Istanbul";"6,06";"Basketball";"0";"1";"2026-02-19 04:19:47.009";"MATCH ODDS";"Fenerbahce";"10,50";"NULL"
"2026-04-14 21:48:25.781";"b-pk-00000017";"b-pk-00000015";"b0022-b1-p1";"Eredivisie|Bayern Munich : Bayern Munich";"9,61";"Basketball";"1";"1";"2026-01-19 01:59:08.157";"MATCH ODDS";"Bayern";"19,57";"NULL"
"2026-04-07 12:04:34.395";"b-pk-00000018";"b-pk-00000015";"b0022-b1-p2";"ATP Tour|Juventus : Juventus";"3,23";"Football";"1";"1";"2026-03-03 05:06:43.566";"MATCH ODDS";"Juventus";"4,38";"NULL"
"2026-04-24 02:24:57.886";"b-pk-00000022";"b-pk-00000021";"b0022-b2-p0";"ATP Tour|Feyenoord Rotterdam : Real Madrid";"3,43";"Football";"1";"1";"2026-04-06 19:36:19.601";"MATCH ODDS";"Real";"4,86";"NULL"
"2026-01-05 14:04:52.408";"b-pk-00000023";"b-pk-00000021";"b0022-b2-p1";"Eredivisie|Arsenal : Bayern Munich";"7,73";"Football";"1";"1";"2026-04-15 18:02:47.093";"MATCH ODDS";"Bayern";"6,47";"NULL"
"2026-01-23 23:46:57.222";"b-pk-00000027";"b-pk-00000026";"b0022-b3-p0";"Premier League|Real Madrid : Bayern Munich";"11,01";"Tennis";"0";"1";"2026-01-25 03:32:49.798";"MATCH ODDS";"Bayern";"7,19";"NULL"
"2026-04-13 05:30:28.432";"c-pk-00000011";"c-pk-00000010";"c0023-b0-p0";"Premier League|Arsenal : Fenerbahce Istanbul";"6,66";"Basketball";"1";"0";"2026-04-01 12:27:54.085";"MATCH ODDS";"Fenerbahce";"15,42";"NULL"
"2026-02-09 12:29:19.464";"c-pk-00000012";"c-pk-00000010";"c0023-b0-p1";"Eredivisie|Juventus : Juventus";"4,26";"Basketball";"1";"0";"2026-03-05 22:30:12.158";"MATCH ODDS";"Juventus";"18,41";"NULL"
"2026-03-25 23:22:32.726";"c-pk-00000015";"c-pk-00000014";"c0023-b1-p0";"ATP Tour|Real Madrid : Real Madrid";"6,48";"Basketball";"1";"0";"2026-04-14 23:15:15.489";"MATCH ODDS";"Real";"1,66";"NULL"
"2026-04-22 04:16:15.616";"c-pk-00000016";"c-pk-00000014";"c0023-b1-p1";"Premier League|Fenerbahce Istanbul : Real Madrid";"7,45";"Basketball";"0";"0";"2026-01-25 02:41:45.938";"MATCH ODDS";"Real";"8,30";"NULL"
"2026-02-24 12:44:19.006";"c-pk-00000020";"c-pk-00000019";"c0023-b2-p0";"Premier League|Bayern Munich : Real Madrid";"11,86";"Tennis";"0";"0";"2026-01-25 22:26:33.426";"MATCH ODDS";"Real";"13,44";"NULL"
"2026-02-03 09:05:24.127";"c-pk-00000024";"c-pk-00000023";"c0023-b3-p0";"UEFA Champions League|AZ Alkmaar : Arsenal";"4,19";"Tennis";"0";"0";"2026-04-16 21:48:06.009";"MATCH ODDS";"Arsenal";"2,16";"NULL"
"2026-01-26 10:09:52.733";"a-pk-00000012";"a-pk-00000011";"a0024-b0-p0";"ATP Tour|Arsenal : Bayern Munich";"3,47";"Basketball";"0";"0";"2026-02-28 15:46:25.306";"MATCH ODDS";"Bayern";"19,70";"NULL"
"2026-03-14 21:30:22.775";"a-pk-00000013";"a-pk-00000011";"a0024-b0-p1";"ATP Tour|Real Madrid : Fenerbahce Istanbul";"5,43";"Football";"1";"1";"2026-02-23 17:25:06.134";"MATCH ODDS";"Fenerbahce";"7,14";"NULL"
"2026-02-19 04:28:44.494";"a-pk-00000014";"a-pk-00000011";"a0024-b0-p2";"ATP Tour|Fenerbahce Istanbul : Bayern Munich";"4,34";"Football";"0";"0";"2026-02-24 20:00:23.743";"MATCH ODDS";"Bayern";"17,27";"NULL"
"2026-01-08 12:31:19.704";"a-pk-00000017";"a-pk-00000016";"a0024-b1-p0";"UEFA Champions League|Arsenal : Real Madrid";"7,64";"Football";"1";"0";"2026-04-28 20:24:17.647";"MATCH ODDS";"Real";"13,41";"NULL"
"2026-04-27 22:01:25.569";"a-pk-00000021";"a-pk-00000020";"a0024-b2-p0";"Eredivisie|PSV Eindhoven : Fenerbahce Istanbul";"10,03";"Basketball";"1";"0";"2026-01-25 06:42:57.120";"MATCH ODDS";"Fenerbahce";"4,43";"NULL"
"2026-03-04 01:08:36.211";"a-pk-00000022";"a-pk-00000020";"a0024-b2-p1";"ATP Tour|Real Madrid : Fenerbahce Istanbul";"8,25";"Football";"1";"0";"2026-01-04 16:19:23.989";"MATCH ODDS";"Fenerbahce";"11,34";"NULL"
"2026-01-17 09:42:34.455";"a-pk-00000023";"a-pk-00000020";"a0024-b2-p2";"Premier League|Feyenoord Rotterdam : Real Madrid";"2,71";"Tennis";"1";"1";"2026-02-23 03:42:52.045";"MATCH ODDS";"Real";"5,50";"NULL"
"2026-04-16 17:31:51.698";"b-pk-00000016";"b-pk-00000015";"b0025-b0-p0";"UEFA Champions League|Arsenal : Bayern Munich";"8,91";"Tennis";"1";"1";"2026-02-04 03:50:01.129";"MATCH ODDS";"Bayern";"3,96";"NULL"
"2026-04-07 15:45:50.829";"b-pk-00000020";"b-pk-00000019";"b0025-b1-p0";"Eredivisie|Feyenoord Rotterdam : Bayern Munich";"2,31";"Basketball";"0";"0";"2026-02-08 03:08:25.039";"MATCH ODDS";"Bayern";"6,20";"NULL"
"2026-03-12 08:22:45.428";"b-pk-00000023";"b-pk-00000022";"b0025-b2-p0";"UEFA Champions League|Feyenoord Rotterdam : Bayern Munich";"3,87";"Football";"0";"0";"2026-01-02 21:47:20.217";"MATCH ODDS";"Bayern";"6,42";"NULL"
"2026-02-09 15:23:21.311";"b-pk-00000024";"b-pk-00000022";"b0025-b2-p1";"ATP Tour|FC Twente : Fenerbahce Istanbul";"2,40";"Basketball";"0";"0";"2026-03-12 23:51:23.760";"MATCH ODDS";"Fenerbahce";"15,80";"NULL"
"2026-02-19 12:05:56.108";"b-pk-00000025";"b-pk-00000022";"b0025-b2-p2";"Premier League|Bayern Munich : Real Madrid";"2,61";"Basketball";"0";"0";"2026-02-07 22:28:59.101";"MATCH ODDS";"Real";"2,42";"NULL"
"2026-01-16 13:33:59.975";"b-pk-00000029";"b-pk-00000028";"b0025-b3-p0";"ATP Tour|Arsenal : Fenerbahce Istanbul";"6,64";"Football";"0";"1";"2026-02-10 01:36:03.813";"MATCH ODDS";"Fenerbahce";"19,48";"NULL"
"2026-04-17 18:49:44.830";"c-pk-00000009";"c-pk-00000008";"c0026-b0-p0";"UEFA Champions League|Real Madrid : Arsenal";"9,28";"Basketball";"0";"0";"2026-03-01 06:54:01.371";"MATCH ODDS";"Arsenal";"11,61";"NULL"
"2026-03-28 04:18:29.147";"c-pk-00000010";"c-pk-00000008";"c0026-b0-p1";"Premier League|Fenerbahce Istanbul : Fenerbahce Istanbul";"10,22";"Basketball";"1";"0";"2026-02-27 07:03:47.141";"MATCH ODDS";"Fenerbahce";"3,23";"NULL"
"2026-04-12 01:44:06.678";"c-pk-00000011";"c-pk-00000008";"c0026-b0-p2";"UEFA Champions League|Real Madrid : Arsenal";"7,48";"Tennis";"0";"0";"2026-02-12 04:05:15.078";"MATCH ODDS";"Arsenal";"1,24";"NULL"
"2026-03-19 16:19:45.232";"c-pk-00000015";"c-pk-00000014";"c0026-b1-p0";"ATP Tour|AZ Alkmaar : Arsenal";"5,78";"Football";"1";"0";"2026-04-05 23:13:25.633";"MATCH ODDS";"Arsenal";"2,06";"NULL"
"2026-04-16 10:41:41.414";"c-pk-00000016";"c-pk-00000014";"c0026-b1-p1";"UEFA Champions League|FC Twente : Juventus";"10,13";"Football";"0";"1";"2026-04-07 08:06:06.079";"MATCH ODDS";"Juventus";"7,89";"NULL"
"2026-03-06 17:06:04.216";"c-pk-00000017";"c-pk-00000014";"c0026-b1-p2";"Eredivisie|Bayern Munich : Fenerbahce Istanbul";"7,65";"Tennis";"0";"0";"2026-01-08 08:05:36.578";"MATCH ODDS";"Fenerbahce";"1,85";"NULL"
"2026-03-04 05:29:27.382";"a-pk-00000011";"a-pk-00000010";"a0027-b0-p0";"ATP Tour|PSV Eindhoven : Juventus";"3,11";"Basketball";"0";"1";"2026-04-10 21:44:43.447";"MATCH ODDS";"Juventus";"13,05";"NULL"
"2026-01-21 00:39:59.421";"a-pk-00000012";"a-pk-00000010";"a0027-b0-p1";"UEFA Champions League|Fenerbahce Istanbul : Fenerbahce Istanbul";"2,32";"Basketball";"0";"1";"2026-01-22 09:54:26.216";"MATCH ODDS";"Fenerbahce";"5,23";"NULL"
"2026-04-02 00:01:09.809";"a-pk-00000016";"a-pk-00000015";"a0027-b1-p0";"UEFA Champions League|Arsenal : Real Madrid";"5,24";"Basketball";"1";"1";"2026-02-19 13:15:35.996";"MATCH ODDS";"Real";"8,44";"NULL"
"2026-02-21 12:46:11.412";"a-pk-00000017";"a-pk-00000015";"a0027-b1-p1";"ATP Tour|Arsenal : Fenerbahce Istanbul";"10,97";"Basketball";"0";"1";"2026-02-04 22:51:08.516";"MATCH ODDS";"Fenerbahce";"3,25";"NULL"
"2026-03-06 07:41:57.227";"a-pk-00000021";"a-pk-00000020";"a0027-b2-p0";"ATP Tour|Fenerbahce Istanbul : Real Madrid";"4,41";"Basketball";"0";"1";"2026-03-22 01:17:05.957";"MATCH ODDS";"Real";"3,73";"NULL"
"2026-04-22 15:17:20.791";"b-pk-00000015";"b-pk-00000014";"b0028-b0-p0";"Eredivisie|Feyenoord Rotterdam : Juventus";"9,09";"Football";"0";"1";"2026-03-23 02:22:35.855";"MATCH ODDS";"Juventus";"17,58";"NULL"
"2026-04-02 06:00:42.221";"b-pk-00000016";"b-pk-00000014";"b0028-b0-p1";"UEFA Champions League|Real Madrid : Fenerbahce Istanbul";"6,26";"Tennis";"0";"1";"2026-01-11 06:52:37.779";"MATCH ODDS";"Fenerbahce";"11,03";"NULL"
"2026-01-05 07:58:23.394";"b-pk-00000017";"b-pk-00000014";"b0028-b0-p2";"Eredivisie|Bayern Munich : Arsenal";"11,73";"Basketball";"0";"1";"2026-02-03 08:27:10.702";"MATCH ODDS";"Arsenal";"6,84";"NULL"
"2026-03-02 14:17:23.100";"b-pk-00000021";"b-pk-00000020";"b0028-b1-p0";"ATP Tour|Ajax : Arsenal";"1,73";"Tennis";"1";"0";"2026-03-07 12:11:38.282";"MATCH ODDS";"Arsenal";"11,06";"NULL"
"2026-02-04 07:07:03.916";"b-pk-00000022";"b-pk-00000020";"b0028-b1-p1";"UEFA Champions League|AZ Alkmaar : Fenerbahce Istanbul";"1,59";"Tennis";"0";"0";"2026-01-09 07:56:39.716";"MATCH ODDS";"Fenerbahce";"14,60";"NULL"
"2026-04-01 17:01:49.431";"c-pk-00000009";"c-pk-00000008";"c0029-b0-p0";"ATP Tour|AZ Alkmaar : Arsenal";"2,16";"Football";"1";"0";"2026-03-05 19:34:57.579";"MATCH ODDS";"Arsenal";"17,68";"NULL"
"2026-01-15 16:29:53.055";"c-pk-00000010";"c-pk-00000008";"c0029-b0-p1";"ATP Tour|AZ Alkmaar : Real Madrid";"2,11";"Tennis";"0";"1";"2026-01-27 09:36:30.707";"MATCH ODDS";"Real";"7,29";"NULL"
"2026-01-03 00:09:38.901";"c-pk-00000013";"c-pk-00000012";"c0029-b1-p0";"Eredivisie|Fenerbahce Istanbul : Arsenal";"2,51";"Football";"0";"0";"2026-01-16 00:53:32.454";"MATCH ODDS";"Arsenal";"8,42";"NULL"
"2026-02-27 07:53:54.559";"c-pk-00000014";"c-pk-00000012";"c0029-b1-p1";"ATP Tour|Bayern Munich : Arsenal";"4,01";"Basketball";"1";"0";"2026-04-05 20:01:11.145";"MATCH ODDS";"Arsenal";"16,55";"NULL"
"2026-04-16 09:18:42.102";"c-pk-00000015";"c-pk-00000012";"c0029-b1-p2";"Eredivisie|Real Madrid : Juventus";"11,56";"Tennis";"1";"1";"2026-04-13 22:51:06.475";"MATCH ODDS";"Juventus";"8,92";"NULL"
"2026-04-17 02:11:41.155";"c-pk-00000019";"c-pk-00000018";"c0029-b2-p0";"Premier League|Juventus : Real Madrid";"5,00";"Basketball";"1";"1";"2026-02-09 21:19:59.403";"MATCH ODDS";"Real";"2,30";"NULL"
"2026-02-19 22:59:32.794";"c-pk-00000020";"c-pk-00000018";"c0029-b2-p1";"ATP Tour|Arsenal : Arsenal";"8,32";"Tennis";"0";"1";"2026-03-19 19:53:25.069";"MATCH ODDS";"Arsenal";"1,85";"NULL"
"2026-04-25 11:38:40.860";"c-pk-00000024";"c-pk-00000023";"c0029-b3-p0";"UEFA Champions League|Fenerbahce Istanbul : Fenerbahce Istanbul";"1,52";"Football";"1";"0";"2026-04-13 04:40:36.569";"MATCH ODDS";"Fenerbahce";"4,79";"NULL"
"2026-03-06 21:46:58.745";"c-pk-00000028";"c-pk-00000027";"c0029-b4-p0";"UEFA Champions League|Juventus : Juventus";"8,14";"Tennis";"0";"0";"2026-04-17 11:22:39.921";"MATCH ODDS";"Juventus";"11,62";"NULL"
"2026-03-19 21:20:53.270";"a-pk-00000015";"a-pk-00000014";"a0030-b0-p0";"UEFA Champions League|Juventus : Fenerbahce Istanbul";"10,35";"Tennis";"1";"0";"2026-04-01 14:02:22.491";"MATCH ODDS";"Fenerbahce";"13,12";"NULL"
"2026-03-20 17:20:04.451";"a-pk-00000016";"a-pk-00000014";"a0030-b0-p1";"UEFA Champions League|Arsenal : Fenerbahce Istanbul";"3,14";"Tennis";"1";"1";"2026-02-08 20:11:09.892";"MATCH ODDS";"Fenerbahce";"12,74";"NULL"
"2026-04-19 10:02:35.734";"a-pk-00000017";"a-pk-00000014";"a0030-b0-p2";"Eredivisie|Feyenoord Rotterdam : Fenerbahce Istanbul";"3,66";"Basketball";"1";"1";"2026-01-22 11:34:45.045";"MATCH ODDS";"Fenerbahce";"12,41";"NULL"
"2026-01-06 11:02:18.952";"a-pk-00000021";"a-pk-00000020";"a0030-b1-p0";"Premier League|Bayern Munich : Arsenal";"2,82";"Basketball";"0";"0";"2026-02-26 10:32:45.799";"MATCH ODDS";"Arsenal";"15,10";"NULL"
"2026-01-22 23:09:24.780";"a-pk-00000022";"a-pk-00000020";"a0030-b1-p1";"ATP Tour|Bayern Munich : Real Madrid";"11,98";"Football";"0";"0";"2026-04-18 23:07:54.899";"MATCH ODDS";"Real";"11,03";"NULL"
"2026-02-21 11:30:33.672";"b-pk-00000013";"b-pk-00000012";"b0031-b0-p0";"ATP Tour|PSV Eindhoven : Juventus";"11,51";"Tennis";"0";"1";"2026-04-16 20:25:38.365";"MATCH ODDS";"Juventus";"11,32";"NULL"
"2026-02-01 09:17:32.220";"b-pk-00000017";"b-pk-00000016";"b0031-b1-p0";"ATP Tour|Arsenal : Juventus";"10,81";"Tennis";"0";"1";"2026-03-22 10:26:25.828";"MATCH ODDS";"Juventus";"9,40";"NULL"
"2026-02-11 20:52:02.315";"b-pk-00000018";"b-pk-00000016";"b0031-b1-p1";"ATP Tour|Feyenoord Rotterdam : Bayern Munich";"6,03";"Football";"0";"0";"2026-01-20 19:21:08.619";"MATCH ODDS";"Bayern";"11,26";"NULL"
"2026-01-26 07:13:05.951";"c-pk-00000014";"c-pk-00000013";"c0032-b0-p0";"Eredivisie|Arsenal : Real Madrid";"9,88";"Football";"0";"0";"2026-04-28 00:20:04.917";"MATCH ODDS";"Real";"19,43";"NULL"
"2026-03-10 16:48:07.246";"c-pk-00000015";"c-pk-00000013";"c0032-b0-p1";"ATP Tour|AZ Alkmaar : Arsenal";"7,25";"Tennis";"1";"1";"2026-03-10 16:20:33.080";"MATCH ODDS";"Arsenal";"17,78";"NULL"
"2026-04-18 14:31:44.807";"c-pk-00000016";"c-pk-00000013";"c0032-b0-p2";"Eredivisie|Real Madrid : Bayern Munich";"3,91";"Football";"1";"1";"2026-02-01 11:54:29.789";"MATCH ODDS";"Bayern";"13,73";"NULL"
"2026-01-21 08:41:30.407";"c-pk-00000020";"c-pk-00000019";"c0032-b1-p0";"Premier League|Juventus : Fenerbahce Istanbul";"1,67";"Basketball";"1";"1";"2026-01-19 00:55:45.949";"MATCH ODDS";"Fenerbahce";"9,95";"NULL"
"2026-03-28 06:41:39.755";"c-pk-00000024";"c-pk-00000023";"c0032-b2-p0";"UEFA Champions League|Feyenoord Rotterdam : Bayern Munich";"1,38";"Basketball";"1";"0";"2026-03-17 00:42:25.426";"MATCH ODDS";"Bayern";"16,92";"NULL"
"2026-04-18 21:25:44.217";"a-pk-00000012";"a-pk-00000011";"a0033-b0-p0";"UEFA Champions League|Ajax : Bayern Munich";"11,06";"Basketball";"1";"1";"2026-02-25 03:24:08.325";"MATCH ODDS";"Bayern";"15,50";"NULL"
"2026-03-17 00:39:38.769";"a-pk-00000015";"a-pk-00000014";"a0033-b1-p0";"Premier League|Ajax : Bayern Munich";"5,50";"Football";"0";"0";"2026-04-07 01:13:19.445";"MATCH ODDS";"Bayern";"2,76";"NULL"
"2026-03-10 12:43:52.492";"a-pk-00000016";"a-pk-00000014";"a0033-b1-p1";"Eredivisie|Ajax : Arsenal";"1,58";"Tennis";"0";"0";"2026-04-22 16:53:06.476";"MATCH ODDS";"Arsenal";"16,32";"NULL"
"2026-02-11 04:36:32.393";"a-pk-00000017";"a-pk-00000014";"a0033-b1-p2";"UEFA Champions League|Feyenoord Rotterdam : Arsenal";"8,61";"Football";"1";"1";"2026-04-25 01:19:27.264";"MATCH ODDS";"Arsenal";"15,10";"NULL"
"2026-04-14 01:29:18.040";"a-pk-00000020";"a-pk-00000019";"a0033-b2-p0";"Eredivisie|FC Twente : Bayern Munich";"2,51";"Tennis";"1";"1";"2026-01-20 21:23:16.435";"MATCH ODDS";"Bayern";"7,41";"NULL"
"2026-04-09 11:29:44.632";"a-pk-00000024";"a-pk-00000023";"a0033-b3-p0";"ATP Tour|Real Madrid : Real Madrid";"3,84";"Basketball";"1";"0";"2026-01-11 11:02:09.623";"MATCH ODDS";"Real";"19,56";"NULL"
"2026-02-23 01:23:36.484";"a-pk-00000028";"a-pk-00000027";"a0033-b4-p0";"Premier League|Juventus : Bayern Munich";"3,52";"Tennis";"1";"0";"2026-03-17 21:02:38.408";"MATCH ODDS";"Bayern";"18,29";"NULL"
"2026-01-25 04:09:33.295";"b-pk-00000010";"b-pk-00000009";"b0034-b0-p0";"Premier League|AZ Alkmaar : Bayern Munich";"1,48";"Tennis";"1";"1";"2026-03-23 05:36:40.312";"MATCH ODDS";"Bayern";"10,03";"NULL"
"2026-03-17 11:24:55.948";"b-pk-00000014";"b-pk-00000013";"b0034-b1-p0";"Eredivisie|Real Madrid : Bayern Munich";"6,44";"Football";"1";"0";"2026-04-13 00:42:04.350";"MATCH ODDS";"Bayern";"5,27";"NULL"
"2026-02-12 15:29:36.934";"b-pk-00000015";"b-pk-00000013";"b0034-b1-p1";"UEFA Champions League|Ajax : Bayern Munich";"8,10";"Football";"0";"0";"2026-03-22 01:25:40.101";"MATCH ODDS";"Bayern";"19,09";"NULL"
"2026-01-24 06:46:53.939";"b-pk-00000019";"b-pk-00000018";"b0034-b2-p0";"Premier League|FC Twente : Bayern Munich";"1,89";"Football";"1";"0";"2026-02-08 07:37:48.595";"MATCH ODDS";"Bayern";"10,07";"NULL"
"2026-04-25 20:12:37.825";"b-pk-00000022";"b-pk-00000021";"b0034-b3-p0";"UEFA Champions League|Juventus : Arsenal";"8,06";"Tennis";"0";"1";"2026-04-20 08:31:40.180";"MATCH ODDS";"Arsenal";"7,24";"NULL"
"2026-02-25 02:49:43.441";"c-pk-00000012";"c-pk-00000011";"c0035-b0-p0";"ATP Tour|FC Twente : Fenerbahce Istanbul";"10,03";"Tennis";"1";"0";"2026-03-03 05:41:36.347";"MATCH ODDS";"Fenerbahce";"9,63";"NULL"
"2026-03-01 19:53:24.019";"c-pk-00000013";"c-pk-00000011";"c0035-b0-p1";"ATP Tour|Arsenal : Fenerbahce Istanbul";"1,29";"Tennis";"1";"0";"2026-03-28 07:37:43.786";"MATCH ODDS";"Fenerbahce";"7,21";"NULL"
"2026-02-07 04:13:19.185";"c-pk-00000014";"c-pk-00000011";"c0035-b0-p2";"Premier League|Ajax : Juventus";"2,29";"Basketball";"0";"0";"2026-03-03 10:55:20.950";"MATCH ODDS";"Juventus";"5,37";"NULL"
"2026-02-25 12:37:52.127";"c-pk-00000017";"c-pk-00000016";"c0035-b1-p0";"Eredivisie|AZ Alkmaar : Arsenal";"2,20";"Football";"0";"0";"2026-02-04 15:47:38.366";"MATCH ODDS";"Arsenal";"15,24";"NULL"
"2026-03-16 08:32:07.967";"c-pk-00000018";"c-pk-00000016";"c0035-b1-p1";"UEFA Champions League|Ajax : Real Madrid";"6,14";"Football";"1";"1";"2026-04-28 03:22:23.968";"MATCH ODDS";"Real";"6,89";"NULL"
"2026-02-23 15:48:02.062";"c-pk-00000021";"c-pk-00000020";"c0035-b2-p0";"Eredivisie|Real Madrid : Juventus";"7,64";"Football";"1";"1";"2026-04-27 05:26:11.178";"MATCH ODDS";"Juventus";"18,79";"NULL"
"2026-01-24 23:37:43.155";"a-pk-00000012";"a-pk-00000011";"a0036-b0-p0";"ATP Tour|PSV Eindhoven : Real Madrid";"3,42";"Football";"1";"1";"2026-01-21 03:33:19.536";"MATCH ODDS";"Real";"2,95";"NULL"
"2026-01-03 23:38:38.885";"a-pk-00000016";"a-pk-00000015";"a0036-b1-p0";"Eredivisie|Arsenal : Bayern Munich";"5,12";"Basketball";"1";"1";"2026-04-02 20:06:55.788";"MATCH ODDS";"Bayern";"6,32";"NULL"
"2026-04-02 19:06:37.858";"a-pk-00000020";"a-pk-00000019";"a0036-b2-p0";"ATP Tour|Fenerbahce Istanbul : Arsenal";"9,77";"Football";"0";"0";"2026-02-12 18:43:45.925";"MATCH ODDS";"Arsenal";"12,47";"NULL"
"2026-04-26 00:46:29.869";"a-pk-00000024";"a-pk-00000023";"a0036-b3-p0";"Premier League|PSV Eindhoven : Fenerbahce Istanbul";"10,82";"Tennis";"1";"1";"2026-02-09 14:50:03.332";"MATCH ODDS";"Fenerbahce";"9,71";"NULL"
"2026-04-11 19:31:40.190";"a-pk-00000028";"a-pk-00000027";"a0036-b4-p0";"UEFA Champions League|PSV Eindhoven : Fenerbahce Istanbul";"9,37";"Football";"1";"1";"2026-03-11 14:57:23.772";"MATCH ODDS";"Fenerbahce";"4,03";"NULL"
"2026-01-22 20:20:58.539";"b-pk-00000014";"b-pk-00000013";"b0037-b0-p0";"UEFA Champions League|Feyenoord Rotterdam : Arsenal";"7,28";"Basketball";"1";"0";"2026-03-11 04:28:48.202";"MATCH ODDS";"Arsenal";"6,57";"NULL"
"2026-03-24 01:34:01.048";"b-pk-00000018";"b-pk-00000017";"b0037-b1-p0";"Eredivisie|Bayern Munich : Juventus";"11,64";"Tennis";"0";"1";"2026-01-27 21:55:27.756";"MATCH ODDS";"Juventus";"10,66";"NULL"
"2026-03-11 10:42:25.136";"c-pk-00000012";"c-pk-00000011";"c0038-b0-p0";"ATP Tour|Arsenal : Arsenal";"9,01";"Football";"0";"0";"2026-02-19 06:55:46.675";"MATCH ODDS";"Arsenal";"15,90";"NULL"
"2026-04-17 13:11:28.024";"c-pk-00000016";"c-pk-00000015";"c0038-b1-p0";"Eredivisie|Ajax : Bayern Munich";"8,69";"Tennis";"0";"1";"2026-02-21 12:36:50.820";"MATCH ODDS";"Bayern";"4,76";"NULL"
"2026-02-07 09:53:04.371";"c-pk-00000020";"c-pk-00000019";"c0038-b2-p0";"Eredivisie|Bayern Munich : Bayern Munich";"7,93";"Tennis";"1";"1";"2026-03-23 05:18:19.103";"MATCH ODDS";"Bayern";"16,24";"NULL"
"2026-01-18 19:26:10.575";"c-pk-00000021";"c-pk-00000019";"c0038-b2-p1";"ATP Tour|Ajax : Real Madrid";"7,17";"Tennis";"1";"0";"2026-01-22 04:58:28.099";"MATCH ODDS";"Real";"15,36";"NULL"
"2026-01-13 15:09:17.345";"a-pk-00000014";"a-pk-00000013";"a0039-b0-p0";"UEFA Champions League|Ajax : Real Madrid";"3,34";"Tennis";"1";"0";"2026-03-27 17:17:14.194";"MATCH ODDS";"Real";"10,24";"NULL"
"2026-01-20 04:33:18.349";"a-pk-00000018";"a-pk-00000017";"a0039-b1-p0";"ATP Tour|PSV Eindhoven : Juventus";"9,03";"Basketball";"0";"1";"2026-04-03 00:28:23.427";"MATCH ODDS";"Juventus";"5,68";"NULL"
"2026-03-18 10:36:50.339";"a-pk-00000019";"a-pk-00000017";"a0039-b1-p1";"ATP Tour|Real Madrid : Bayern Munich";"8,74";"Football";"1";"0";"2026-02-27 07:31:36.481";"MATCH ODDS";"Bayern";"17,92";"NULL"
"2026-03-03 16:31:29.617";"a-pk-00000020";"a-pk-00000017";"a0039-b1-p2";"Eredivisie|Feyenoord Rotterdam : Arsenal";"10,92";"Basketball";"1";"0";"2026-04-13 06:50:49.282";"MATCH ODDS";"Arsenal";"14,53";"NULL"
"2026-04-20 05:58:31.491";"b-pk-00000010";"b-pk-00000009";"b0040-b0-p0";"ATP Tour|AZ Alkmaar : Bayern Munich";"7,26";"Tennis";"0";"0";"2026-01-01 00:39:03.877";"MATCH ODDS";"Bayern";"1,21";"NULL"
"2026-04-26 06:07:58.651";"b-pk-00000014";"b-pk-00000013";"b0040-b1-p0";"Premier League|Bayern Munich : Real Madrid";"9,24";"Basketball";"0";"1";"2026-02-01 03:05:46.240";"MATCH ODDS";"Real";"9,65";"NULL"
"2026-03-23 09:46:30.207";"b-pk-00000018";"b-pk-00000017";"b0040-b2-p0";"UEFA Champions League|Juventus : Fenerbahce Istanbul";"9,86";"Football";"1";"0";"2026-02-23 14:51:00.665";"MATCH ODDS";"Fenerbahce";"1,84";"NULL"
"2026-01-19 05:15:40.771";"c-pk-00000016";"c-pk-00000015";"c0041-b0-p0";"ATP Tour|Real Madrid : Fenerbahce Istanbul";"5,67";"Basketball";"1";"0";"2026-03-14 01:48:27.043";"MATCH ODDS";"Fenerbahce";"17,54";"NULL"
"2026-04-20 00:26:04.575";"c-pk-00000020";"c-pk-00000019";"c0041-b1-p0";"UEFA Champions League|Bayern Munich : Arsenal";"2,12";"Football";"0";"1";"2026-03-13 08:29:41.826";"MATCH ODDS";"Arsenal";"19,75";"NULL"
"2026-03-17 00:32:32.916";"a-pk-00000015";"a-pk-00000014";"a0042-b0-p0";"Eredivisie|Feyenoord Rotterdam : Bayern Munich";"1,81";"Football";"0";"0";"2026-04-05 04:15:55.623";"MATCH ODDS";"Bayern";"16,85";"NULL"
"2026-03-26 19:36:45.857";"a-pk-00000019";"a-pk-00000018";"a0042-b1-p0";"ATP Tour|Arsenal : Juventus";"9,29";"Tennis";"1";"0";"2026-04-05 01:13:04.614";"MATCH ODDS";"Juventus";"19,90";"NULL"
"2026-02-01 07:57:28.258";"a-pk-00000023";"a-pk-00000022";"a0042-b2-p0";"Eredivisie|Bayern Munich : Arsenal";"6,46";"Tennis";"1";"1";"2026-02-15 04:26:03.251";"MATCH ODDS";"Arsenal";"19,01";"NULL"
"2026-01-04 04:47:45.575";"a-pk-00000027";"a-pk-00000026";"a0042-b3-p0";"Eredivisie|Ajax : Bayern Munich";"4,11";"Football";"0";"1";"2026-01-15 12:21:51.627";"MATCH ODDS";"Bayern";"9,75";"NULL"
"2026-03-13 07:02:02.310";"a-pk-00000031";"a-pk-00000030";"a0042-b4-p0";"ATP Tour|Ajax : Fenerbahce Istanbul";"1,33";"Football";"0";"1";"2026-02-14 04:27:35.581";"MATCH ODDS";"Fenerbahce";"5,85";"NULL"
"2026-02-01 05:16:26.095";"b-pk-00000010";"b-pk-00000009";"b0043-b0-p0";"Premier League|PSV Eindhoven : Arsenal";"6,46";"Tennis";"0";"0";"2026-02-08 16:38:31.980";"MATCH ODDS";"Arsenal";"6,28";"NULL"
"2026-01-21 11:45:21.819";"b-pk-00000011";"b-pk-00000009";"b0043-b0-p1";"UEFA Champions League|Ajax : Arsenal";"7,84";"Tennis";"0";"0";"2026-04-25 16:12:13.151";"MATCH ODDS";"Arsenal";"7,32";"NULL"
"2026-03-01 13:37:40.988";"b-pk-00000015";"b-pk-00000014";"b0043-b1-p0";"Premier League|Arsenal : Fenerbahce Istanbul";"9,75";"Tennis";"1";"1";"2026-02-11 18:14:28.271";"MATCH ODDS";"Fenerbahce";"6,71";"NULL"
"2026-02-24 21:32:15.417";"c-pk-00000015";"c-pk-00000014";"c0044-b0-p0";"Eredivisie|Arsenal : Real Madrid";"1,26";"Basketball";"1";"0";"2026-04-18 07:03:27.216";"MATCH ODDS";"Real";"12,65";"NULL"
"2026-02-13 18:26:58.592";"c-pk-00000016";"c-pk-00000014";"c0044-b0-p1";"Premier League|FC Twente : Bayern Munich";"4,31";"Football";"0";"1";"2026-03-21 19:31:00.117";"MATCH ODDS";"Bayern";"8,71";"NULL"
"2026-01-22 07:08:45.041";"c-pk-00000017";"c-pk-00000014";"c0044-b0-p2";"Eredivisie|PSV Eindhoven : Real Madrid";"3,69";"Football";"0";"0";"2026-04-05 06:17:07.588";"MATCH ODDS";"Real";"1,05";"NULL"
"2026-02-07 12:22:12.890";"c-pk-00000020";"c-pk-00000019";"c0044-b1-p0";"Eredivisie|Bayern Munich : Arsenal";"8,39";"Basketball";"0";"1";"2026-04-09 13:03:16.003";"MATCH ODDS";"Arsenal";"9,23";"NULL"
"2026-02-23 08:53:30.986";"c-pk-00000023";"c-pk-00000022";"c0044-b2-p0";"ATP Tour|PSV Eindhoven : Real Madrid";"5,42";"Football";"1";"0";"2026-04-05 00:49:15.660";"MATCH ODDS";"Real";"10,23";"NULL"
"2026-01-09 23:23:33.260";"c-pk-00000024";"c-pk-00000022";"c0044-b2-p1";"Eredivisie|FC Twente : Juventus";"8,65";"Tennis";"1";"1";"2026-01-03 18:56:06.247";"MATCH ODDS";"Juventus";"18,08";"NULL"
"2026-04-17 00:09:01.335";"c-pk-00000025";"c-pk-00000022";"c0044-b2-p2";"Eredivisie|Ajax : Juventus";"9,50";"Basketball";"1";"1";"2026-01-16 06:11:06.750";"MATCH ODDS";"Juventus";"6,82";"NULL"
"2026-03-06 02:34:52.151";"a-pk-00000016";"a-pk-00000015";"a0045-b0-p0";"Premier League|Juventus : Bayern Munich";"7,68";"Basketball";"1";"1";"2026-04-17 02:09:11.844";"MATCH ODDS";"Bayern";"15,50";"NULL"
"2026-04-02 16:27:29.026";"a-pk-00000017";"a-pk-00000015";"a0045-b0-p1";"ATP Tour|Fenerbahce Istanbul : Bayern Munich";"1,68";"Football";"0";"1";"2026-02-13 11:40:21.090";"MATCH ODDS";"Bayern";"7,87";"NULL"
"2026-04-07 07:26:38.876";"a-pk-00000021";"a-pk-00000020";"a0045-b1-p0";"UEFA Champions League|Feyenoord Rotterdam : Arsenal";"7,83";"Tennis";"1";"0";"2026-02-05 02:03:17.821";"MATCH ODDS";"Arsenal";"1,89";"NULL"
"2026-01-09 20:46:16.985";"a-pk-00000022";"a-pk-00000020";"a0045-b1-p1";"UEFA Champions League|AZ Alkmaar : Bayern Munich";"10,46";"Football";"1";"1";"2026-02-17 06:24:45.782";"MATCH ODDS";"Bayern";"4,57";"NULL"
"2026-02-22 02:09:44.409";"a-pk-00000023";"a-pk-00000020";"a0045-b1-p2";"Eredivisie|Arsenal : Bayern Munich";"7,89";"Tennis";"0";"1";"2026-04-10 05:01:15.900";"MATCH ODDS";"Bayern";"8,98";"NULL"
"2026-03-19 19:50:54.199";"b-pk-00000015";"b-pk-00000014";"b0046-b0-p0";"UEFA Champions League|Feyenoord Rotterdam : Bayern Munich";"11,50";"Football";"0";"0";"2026-02-10 04:49:27.413";"MATCH ODDS";"Bayern";"11,71";"NULL"
"2026-03-22 21:38:58.370";"b-pk-00000018";"b-pk-00000017";"b0046-b1-p0";"Eredivisie|Real Madrid : Juventus";"8,22";"Basketball";"0";"0";"2026-03-27 00:57:22.983";"MATCH ODDS";"Juventus";"8,74";"NULL"
"2026-02-01 17:30:51.436";"b-pk-00000022";"b-pk-00000021";"b0046-b2-p0";"UEFA Champions League|Bayern Munich : Arsenal";"2,26";"Basketball";"0";"0";"2026-03-19 10:59:48.123";"MATCH ODDS";"Arsenal";"5,79";"NULL"
"2026-03-19 12:29:48.608";"c-pk-00000014";"c-pk-00000013";"c0047-b0-p0";"Eredivisie|Real Madrid : Fenerbahce Istanbul";"11,51";"Basketball";"1";"0";"2026-04-20 19:34:18.802";"MATCH ODDS";"Fenerbahce";"11,39";"NULL"
"2026-01-10 11:28:40.558";"c-pk-00000017";"c-pk-00000016";"c0047-b1-p0";"UEFA Champions League|FC Twente : Bayern Munich";"6,68";"Football";"1";"0";"2026-03-06 07:57:34.411";"MATCH ODDS";"Bayern";"9,50";"NULL"
"2026-04-09 12:49:04.986";"c-pk-00000018";"c-pk-00000016";"c0047-b1-p1";"UEFA Champions League|FC Twente : Real Madrid";"7,83";"Basketball";"1";"1";"2026-04-13 17:09:54.638";"MATCH ODDS";"Real";"11,92";"NULL"
"2026-03-17 18:12:31.767";"c-pk-00000019";"c-pk-00000016";"c0047-b1-p2";"Eredivisie|AZ Alkmaar : Real Madrid";"1,61";"Basketball";"1";"0";"2026-04-21 05:43:40.811";"MATCH ODDS";"Real";"5,51";"NULL"
"2026-02-17 12:29:37.403";"c-pk-00000022";"c-pk-00000021";"c0047-b2-p0";"Premier League|PSV Eindhoven : Bayern Munich";"3,32";"Tennis";"1";"0";"2026-02-21 04:43:34.757";"MATCH ODDS";"Bayern";"11,95";"NULL"
"2026-01-11 12:10:16.081";"c-pk-00000023";"c-pk-00000021";"c0047-b2-p1";"Eredivisie|AZ Alkmaar : Real Madrid";"8,59";"Tennis";"0";"1";"2026-04-06 10:24:10.991";"MATCH ODDS";"Real";"11,93";"NULL"
"2026-03-17 19:50:43.378";"c-pk-00000024";"c-pk-00000021";"c0047-b2-p2";"Eredivisie|FC Twente : Real Madrid";"2,30";"Basketball";"0";"1";"2026-03-12 00:41:31.531";"MATCH ODDS";"Real";"5,99";"NULL"
"2026-02-15 19:52:54.881";"a-pk-00000016";"a-pk-00000015";"a0048-b0-p0";"UEFA Champions League|Juventus : Arsenal";"7,49";"Football";"0";"0";"2026-04-03 05:03:21.252";"MATCH ODDS";"Arsenal";"13,67";"NULL"
"2026-02-16 22:57:52.334";"a-pk-00000017";"a-pk-00000015";"a0048-b0-p1";"UEFA Champions League|Juventus : Arsenal";"2,69";"Basketball";"0";"0";"2026-02-01 21:48:06.137";"MATCH ODDS";"Arsenal";"16,07";"NULL"
"2026-02-08 20:34:25.946";"a-pk-00000021";"a-pk-00000020";"a0048-b1-p0";"Premier League|Bayern Munich : Juventus";"1,86";"Football";"0";"0";"2026-03-10 07:59:24.660";"MATCH ODDS";"Juventus";"2,56";"NULL"
"2026-04-03 11:53:55.166";"a-pk-00000022";"a-pk-00000020";"a0048-b1-p1";"UEFA Champions League|Juventus : Bayern Munich";"11,50";"Basketball";"0";"0";"2026-02-21 18:10:49.949";"MATCH ODDS";"Bayern";"14,87";"NULL"
"2026-01-05 12:03:40.154";"a-pk-00000026";"a-pk-00000025";"a0048-b2-p0";"UEFA Champions League|FC Twente : Arsenal";"9,10";"Football";"0";"0";"2026-01-28 21:59:44.983";"MATCH ODDS";"Arsenal";"9,75";"NULL"
"2026-02-18 17:04:52.732";"b-pk-00000014";"b-pk-00000013";"b0049-b0-p0";"Premier League|Fenerbahce Istanbul : Fenerbahce Istanbul";"7,28";"Basketball";"1";"0";"2026-03-08 21:45:04.324";"MATCH ODDS";"Fenerbahce";"15,90";"NULL"
"2026-03-04 13:58:24.978";"b-pk-00000017";"b-pk-00000016";"b0049-b1-p0";"ATP Tour|Feyenoord Rotterdam : Arsenal";"2,28";"Football";"1";"1";"2026-01-16 15:36:17.254";"MATCH ODDS";"Arsenal";"5,43";"NULL"
"2026-02-24 22:32:42.605";"b-pk-00000018";"b-pk-00000016";"b0049-b1-p1";"Eredivisie|PSV Eindhoven : Arsenal";"7,63";"Basketball";"0";"1";"2026-01-03 22:52:58.270";"MATCH ODDS";"Arsenal";"4,14";"NULL"
"2026-04-02 16:29:52.925";"b-pk-00000019";"b-pk-00000016";"b0049-b1-p2";"Eredivisie|Ajax : Fenerbahce Istanbul";"7,04";"Football";"0";"0";"2026-04-02 05:42:42.675";"MATCH ODDS";"Fenerbahce";"1,52";"NULL"
"2026-03-10 17:08:10.776";"b-pk-00000023";"b-pk-00000022";"b0049-b2-p0";"ATP Tour|Fenerbahce Istanbul : Juventus";"2,50";"Tennis";"0";"1";"2026-03-15 00:34:11.063";"MATCH ODDS";"Juventus";"16,43";"NULL"
"2026-03-16 21:05:53.862";"b-pk-00000024";"b-pk-00000022";"b0049-b2-p1";"ATP Tour|Feyenoord Rotterdam : Arsenal";"3,14";"Football";"1";"0";"2026-03-20 12:05:48.663";"MATCH ODDS";"Arsenal";"13,69";"NULL"
"2026-02-20 21:27:35.925";"b-pk-00000025";"b-pk-00000022";"b0049-b2-p2";"Premier League|Juventus : Arsenal";"6,65";"Tennis";"1";"1";"2026-01-09 01:37:22.234";"MATCH ODDS";"Arsenal";"14,55";"NULL"
"2026-04-06 09:40:02.906";"b-pk-00000029";"b-pk-00000028";"b0049-b3-p0";"ATP Tour|Bayern Munich : Fenerbahce Istanbul";"7,73";"Tennis";"1";"1";"2026-04-18 07:46:16.958";"MATCH ODDS";"Fenerbahce";"12,62";"NULL"
"2026-02-03 14:00:09.574";"b-pk-00000030";"b-pk-00000028";"b0049-b3-p1";"Premier League|AZ Alkmaar : Juventus";"4,85";"Tennis";"0";"0";"2026-03-19 07:52:40.416";"MATCH ODDS";"Juventus";"6,23";"NULL"
"2026-01-06 18:38:56.964";"c-pk-00000015";"c-pk-00000014";"c0050-b0-p0";"Eredivisie|Juventus : Real Madrid";"5,07";"Football";"1";"1";"2026-02-23 13:50:16.873";"MATCH ODDS";"Real";"4,12";"NULL"
"2026-02-02 06:33:16.234";"c-pk-00000016";"c-pk-00000014";"c0050-b0-p1";"UEFA Champions League|Fenerbahce Istanbul : Real Madrid";"9,14";"Tennis";"1";"0";"2026-04-12 22:37:46.395";"MATCH ODDS";"Real";"17,46";"NULL"
"2026-04-09 09:41:23.292";"c-pk-00000020";"c-pk-00000019";"c0050-b1-p0";"UEFA Champions League|Bayern Munich : Fenerbahce Istanbul";"8,24";"Tennis";"0";"0";"2026-01-04 04:12:09.957";"MATCH ODDS";"Fenerbahce";"14,55";"NULL"
"2026-01-03 00:57:41.402";"a-pk-00000010";"a-pk-00000009";"a0051-b0-p0";"Premier League|AZ Alkmaar : Arsenal";"11,09";"Tennis";"0";"0";"2026-02-10 00:51:28.554";"MATCH ODDS";"Arsenal";"7,15";"NULL"
"2026-01-17 19:00:23.791";"a-pk-00000011";"a-pk-00000009";"a0051-b0-p1";"ATP Tour|FC Twente : Bayern Munich";"7,27";"Football";"1";"1";"2026-02-10 17:09:24.547";"MATCH ODDS";"Bayern";"14,79";"NULL"
"2026-03-15 02:36:29.918";"a-pk-00000015";"a-pk-00000014";"a0051-b1-p0";"Eredivisie|FC Twente : Arsenal";"5,27";"Basketball";"0";"0";"2026-01-03 04:27:56.718";"MATCH ODDS";"Arsenal";"15,52";"NULL"
"2026-02-16 09:24:38.189";"a-pk-00000019";"a-pk-00000018";"a0051-b2-p0";"UEFA Champions League|AZ Alkmaar : Bayern Munich";"9,67";"Football";"0";"1";"2026-01-20 22:37:25.962";"MATCH ODDS";"Bayern";"3,62";"NULL"
"2026-03-10 17:32:12.560";"b-pk-00000010";"b-pk-00000009";"b0052-b0-p0";"Eredivisie|FC Twente : Juventus";"4,48";"Football";"1";"0";"2026-04-26 20:54:19.415";"MATCH ODDS";"Juventus";"18,39";"NULL"
"2026-01-16 20:44:19.748";"b-pk-00000014";"b-pk-00000013";"b0052-b1-p0";"UEFA Champions League|PSV Eindhoven : Bayern Munich";"1,50";"Basketball";"0";"0";"2026-01-03 03:29:49.519";"MATCH ODDS";"Bayern";"18,89";"NULL"
"2026-03-23 14:43:24.055";"b-pk-00000015";"b-pk-00000013";"b0052-b1-p1";"Premier League|Feyenoord Rotterdam : Real Madrid";"8,62";"Football";"0";"0";"2026-04-23 19:23:58.239";"MATCH ODDS";"Real";"6,99";"NULL"
"2026-01-03 21:08:11.448";"b-pk-00000016";"b-pk-00000013";"b0052-b1-p2";"Eredivisie|Bayern Munich : Fenerbahce Istanbul";"10,93";"Basketball";"1";"0";"2026-01-06 13:48:51.716";"MATCH ODDS";"Fenerbahce";"18,46";"NULL"
"2026-03-19 23:29:44.996";"c-pk-00000009";"c-pk-00000008";"c0053-b0-p0";"UEFA Champions League|Bayern Munich : Juventus";"6,28";"Basketball";"0";"1";"2026-01-23 01:48:49.347";"MATCH ODDS";"Juventus";"18,43";"NULL"
"2026-02-01 01:11:35.218";"c-pk-00000013";"c-pk-00000012";"c0053-b1-p0";"ATP Tour|Real Madrid : Real Madrid";"7,84";"Basketball";"0";"0";"2026-02-22 04:03:16.090";"MATCH ODDS";"Real";"6,27";"NULL"
"2026-02-28 04:08:45.449";"c-pk-00000017";"c-pk-00000016";"c0053-b2-p0";"Eredivisie|Feyenoord Rotterdam : Bayern Munich";"6,58";"Football";"0";"0";"2026-03-23 06:02:57.795";"MATCH ODDS";"Bayern";"15,43";"NULL"
"2026-04-09 12:12:00.698";"c-pk-00000018";"c-pk-00000016";"c0053-b2-p1";"UEFA Champions League|Arsenal : Bayern Munich";"11,83";"Football";"1";"0";"2026-04-15 14:22:25.924";"MATCH ODDS";"Bayern";"12,11";"NULL"
"2026-01-21 05:38:05.425";"c-pk-00000019";"c-pk-00000016";"c0053-b2-p2";"UEFA Champions League|Real Madrid : Real Madrid";"8,57";"Basketball";"0";"1";"2026-03-13 19:02:55.967";"MATCH ODDS";"Real";"4,02";"NULL"
"2026-03-25 22:37:07.272";"a-pk-00000010";"a-pk-00000009";"a0054-b0-p0";"Eredivisie|PSV Eindhoven : Real Madrid";"3,16";"Football";"1";"0";"2026-03-21 17:37:12.253";"MATCH ODDS";"Real";"16,06";"NULL"
"2026-02-05 03:05:23.747";"a-pk-00000013";"a-pk-00000012";"a0054-b1-p0";"Premier League|Fenerbahce Istanbul : Arsenal";"7,13";"Football";"1";"1";"2026-02-07 11:52:42.286";"MATCH ODDS";"Arsenal";"15,04";"NULL"
"2026-04-15 14:08:36.440";"a-pk-00000016";"a-pk-00000015";"a0054-b2-p0";"Eredivisie|Bayern Munich : Real Madrid";"5,52";"Tennis";"1";"0";"2026-02-15 00:07:17.932";"MATCH ODDS";"Real";"2,18";"NULL"
"2026-01-01 11:20:41.531";"a-pk-00000017";"a-pk-00000015";"a0054-b2-p1";"ATP Tour|Bayern Munich : Real Madrid";"8,31";"Football";"0";"0";"2026-02-16 21:11:46.131";"MATCH ODDS";"Real";"2,25";"NULL"
"2026-04-01 19:19:14.990";"a-pk-00000018";"a-pk-00000015";"a0054-b2-p2";"UEFA Champions League|AZ Alkmaar : Real Madrid";"7,40";"Football";"0";"1";"2026-01-16 05:58:02.203";"MATCH ODDS";"Real";"3,31";"NULL"
"2026-04-08 22:39:12.915";"a-pk-00000022";"a-pk-00000021";"a0054-b3-p0";"Eredivisie|Real Madrid : Real Madrid";"6,84";"Basketball";"0";"0";"2026-03-12 15:44:44.848";"MATCH ODDS";"Real";"17,99";"NULL"
"2026-02-13 01:06:00.503";"a-pk-00000025";"a-pk-00000024";"a0054-b4-p0";"Eredivisie|Fenerbahce Istanbul : Juventus";"2,55";"Tennis";"0";"1";"2026-02-18 21:35:40.984";"MATCH ODDS";"Juventus";"4,47";"NULL"
"2026-03-25 12:30:12.332";"a-pk-00000026";"a-pk-00000024";"a0054-b4-p1";"Premier League|AZ Alkmaar : Arsenal";"5,98";"Tennis";"0";"0";"2026-02-07 22:09:09.975";"MATCH ODDS";"Arsenal";"4,07";"NULL"
"2026-04-12 09:26:42.445";"b-pk-00000016";"b-pk-00000015";"b0055-b0-p0";"Premier League|Juventus : Bayern Munich";"3,88";"Tennis";"1";"1";"2026-02-10 22:16:50.074";"MATCH ODDS";"Bayern";"16,04";"NULL"
"2026-02-02 18:21:32.430";"b-pk-00000020";"b-pk-00000019";"b0055-b1-p0";"Eredivisie|Juventus : Real Madrid";"2,59";"Basketball";"1";"0";"2026-03-04 07:10:06.990";"MATCH ODDS";"Real";"1,15";"NULL"
"2026-04-04 19:50:53.615";"c-pk-00000012";"c-pk-00000011";"c0056-b0-p0";"Premier League|Arsenal : Bayern Munich";"11,31";"Football";"1";"0";"2026-04-12 20:34:14.549";"MATCH ODDS";"Bayern";"17,58";"NULL"
"2026-01-06 04:20:38.041";"c-pk-00000013";"c-pk-00000011";"c0056-b0-p1";"Premier League|AZ Alkmaar : Real Madrid";"9,87";"Basketball";"1";"1";"2026-04-25 17:18:45.260";"MATCH ODDS";"Real";"18,38";"NULL"
"2026-01-22 02:29:54.050";"c-pk-00000017";"c-pk-00000016";"c0056-b1-p0";"ATP Tour|PSV Eindhoven : Juventus";"10,52";"Tennis";"1";"0";"2026-02-20 04:22:06.601";"MATCH ODDS";"Juventus";"19,46";"NULL"
"2026-04-14 00:47:44.763";"a-pk-00000012";"a-pk-00000011";"a0057-b0-p0";"ATP Tour|Fenerbahce Istanbul : Real Madrid";"3,02";"Football";"0";"0";"2026-03-07 23:10:34.344";"MATCH ODDS";"Real";"4,67";"NULL"
"2026-01-11 05:17:15.907";"a-pk-00000013";"a-pk-00000011";"a0057-b0-p1";"Premier League|Feyenoord Rotterdam : Fenerbahce Istanbul";"6,92";"Football";"0";"1";"2026-02-14 19:10:42.797";"MATCH ODDS";"Fenerbahce";"11,73";"NULL"
"2026-04-06 14:48:27.955";"a-pk-00000014";"a-pk-00000011";"a0057-b0-p2";"ATP Tour|Fenerbahce Istanbul : Arsenal";"3,84";"Football";"0";"0";"2026-04-22 06:13:52.495";"MATCH ODDS";"Arsenal";"8,74";"NULL"
"2026-02-12 05:29:47.614";"a-pk-00000018";"a-pk-00000017";"a0057-b1-p0";"UEFA Champions League|Juventus : Real Madrid";"9,07";"Football";"1";"1";"2026-01-13 15:31:24.097";"MATCH ODDS";"Real";"13,36";"NULL"
"2026-01-12 18:26:37.873";"a-pk-00000022";"a-pk-00000021";"a0057-b2-p0";"ATP Tour|AZ Alkmaar : Fenerbahce Istanbul";"6,96";"Football";"1";"1";"2026-04-06 23:43:01.733";"MATCH ODDS";"Fenerbahce";"16,62";"NULL"
"2026-04-18 12:48:10.626";"a-pk-00000023";"a-pk-00000021";"a0057-b2-p1";"Premier League|AZ Alkmaar : Arsenal";"10,59";"Basketball";"0";"0";"2026-03-15 06:19:39.519";"MATCH ODDS";"Arsenal";"12,27";"NULL"
"2026-02-20 08:42:27.643";"a-pk-00000024";"a-pk-00000021";"a0057-b2-p2";"Premier League|Real Madrid : Bayern Munich";"8,07";"Tennis";"1";"0";"2026-01-15 08:40:30.146";"MATCH ODDS";"Bayern";"15,53";"NULL"
"2026-02-03 02:59:45.797";"b-pk-00000012";"b-pk-00000011";"b0058-b0-p0";"Eredivisie|Ajax : Arsenal";"6,30";"Basketball";"0";"1";"2026-04-06 13:49:17.548";"MATCH ODDS";"Arsenal";"13,21";"NULL"
"2026-01-15 02:03:21.938";"b-pk-00000016";"b-pk-00000015";"b0058-b1-p0";"Premier League|Bayern Munich : Arsenal";"1,76";"Basketball";"0";"1";"2026-03-20 02:16:28.465";"MATCH ODDS";"Arsenal";"6,84";"NULL"
"2026-01-07 22:22:32.737";"c-pk-00000016";"c-pk-00000015";"c0059-b0-p0";"ATP Tour|AZ Alkmaar : Real Madrid";"7,68";"Basketball";"0";"0";"2026-03-08 19:03:45.007";"MATCH ODDS";"Real";"12,91";"NULL"
"2026-03-08 12:43:39.043";"c-pk-00000020";"c-pk-00000019";"c0059-b1-p0";"ATP Tour|Feyenoord Rotterdam : Fenerbahce Istanbul";"8,33";"Basketball";"0";"1";"2026-04-06 14:01:54.162";"MATCH ODDS";"Fenerbahce";"11,35";"NULL"
"2026-04-27 08:02:23.986";"c-pk-00000024";"c-pk-00000023";"c0059-b2-p0";"Premier League|Real Madrid : Bayern Munich";"2,54";"Football";"0";"0";"2026-04-07 00:16:09.498";"MATCH ODDS";"Bayern";"8,97";"NULL"
"2026-03-22 08:29:07.541";"c-pk-00000025";"c-pk-00000023";"c0059-b2-p1";"Premier League|FC Twente : Fenerbahce Istanbul";"9,35";"Football";"1";"0";"2026-01-19 13:36:51.045";"MATCH ODDS";"Fenerbahce";"8,95";"NULL"
"2026-01-15 08:56:12.021";"c-pk-00000029";"c-pk-00000028";"c0059-b3-p0";"ATP Tour|Arsenal : Real Madrid";"8,13";"Tennis";"0";"0";"2026-04-27 08:49:46.784";"MATCH ODDS";"Real";"16,75";"NULL"
"2026-04-07 17:30:28.667";"c-pk-00000030";"c-pk-00000028";"c0059-b3-p1";"UEFA Champions League|Ajax : Juventus";"9,27";"Basketball";"0";"0";"2026-02-13 09:48:30.460";"MATCH ODDS";"Juventus";"1,26";"NULL"
"2026-03-16 17:27:50.899";"a-pk-00000009";"a-pk-00000008";"a0060-b0-p0";"ATP Tour|FC Twente : Juventus";"11,01";"Basketball";"1";"0";"2026-02-15 12:03:58.009";"MATCH ODDS";"Juventus";"10,50";"NULL"
"2026-02-15 21:35:05.578";"a-pk-00000010";"a-pk-00000008";"a0060-b0-p1";"UEFA Champions League|AZ Alkmaar : Bayern Munich";"2,38";"Football";"1";"1";"2026-02-03 13:19:02.051";"MATCH ODDS";"Bayern";"8,67";"NULL"
"2026-02-27 06:50:20.235";"a-pk-00000011";"a-pk-00000008";"a0060-b0-p2";"ATP Tour|Juventus : Real Madrid";"4,21";"Tennis";"1";"1";"2026-04-02 16:10:07.229";"MATCH ODDS";"Real";"11,91";"NULL"
"2026-02-26 09:47:45.412";"a-pk-00000015";"a-pk-00000014";"a0060-b1-p0";"ATP Tour|Feyenoord Rotterdam : Fenerbahce Istanbul";"6,10";"Basketball";"0";"0";"2026-01-17 16:36:49.796";"MATCH ODDS";"Fenerbahce";"11,79";"NULL"
"2026-01-13 00:34:50.750";"a-pk-00000018";"a-pk-00000017";"a0060-b2-p0";"ATP Tour|Juventus : Juventus";"4,84";"Basketball";"0";"1";"2026-04-09 12:15:02.051";"MATCH ODDS";"Juventus";"1,44";"NULL"
"2026-02-01 06:40:16.824";"a-pk-00000022";"a-pk-00000021";"a0060-b3-p0";"Premier League|FC Twente : Real Madrid";"10,36";"Football";"0";"1";"2026-02-11 07:17:26.420";"MATCH ODDS";"Real";"1,57";"NULL"
"2026-03-19 22:17:55.414";"a-pk-00000023";"a-pk-00000021";"a0060-b3-p1";"Premier League|FC Twente : Juventus";"5,86";"Football";"0";"0";"2026-01-18 04:17:56.659";"MATCH ODDS";"Juventus";"14,70";"NULL"
"2026-02-21 07:32:28.610";"a-pk-00000024";"a-pk-00000021";"a0060-b3-p2";"Eredivisie|Juventus : Fenerbahce Istanbul";"11,16";"Tennis";"0";"0";"2026-04-05 01:33:22.512";"MATCH ODDS";"Fenerbahce";"17,86";"NULL"
"2026-03-04 18:41:18.865";"b-pk-00000016";"b-pk-00000015";"b0061-b0-p0";"UEFA Champions League|Bayern Munich : Juventus";"11,76";"Tennis";"1";"1";"2026-01-21 03:04:13.981";"MATCH ODDS";"Juventus";"9,31";"NULL"
"2026-04-01 17:44:32.113";"b-pk-00000019";"b-pk-00000018";"b0061-b1-p0";"UEFA Champions League|Feyenoord Rotterdam : Arsenal";"9,62";"Tennis";"0";"0";"2026-02-22 19:56:48.602";"MATCH ODDS";"Arsenal";"13,04";"NULL"
"2026-02-16 10:53:14.041";"b-pk-00000020";"b-pk-00000018";"b0061-b1-p1";"UEFA Champions League|AZ Alkmaar : Arsenal";"6,03";"Tennis";"0";"0";"2026-02-26 09:35:00.689";"MATCH ODDS";"Arsenal";"14,73";"NULL"
"2026-01-06 20:16:42.888";"b-pk-00000021";"b-pk-00000018";"b0061-b1-p2";"UEFA Champions League|Bayern Munich : Arsenal";"4,37";"Football";"0";"1";"2026-02-06 03:25:37.038";"MATCH ODDS";"Arsenal";"16,00";"NULL"
"2026-01-24 03:53:26.916";"b-pk-00000025";"b-pk-00000024";"b0061-b2-p0";"Premier League|Real Madrid : Fenerbahce Istanbul";"4,42";"Football";"1";"0";"2026-01-16 00:13:12.372";"MATCH ODDS";"Fenerbahce";"1,88";"NULL"
"2026-03-28 06:44:47.711";"b-pk-00000026";"b-pk-00000024";"b0061-b2-p1";"Eredivisie|Juventus : Bayern Munich";"2,42";"Basketball";"0";"0";"2026-03-18 09:32:04.225";"MATCH ODDS";"Bayern";"1,45";"NULL"
"2026-01-11 07:02:09.103";"b-pk-00000027";"b-pk-00000024";"b0061-b2-p2";"UEFA Champions League|Feyenoord Rotterdam : Arsenal";"5,18";"Football";"1";"1";"2026-03-25 22:35:24.715";"MATCH ODDS";"Arsenal";"6,53";"NULL"
"2026-03-16 07:35:21.328";"b-pk-00000031";"b-pk-00000030";"b0061-b3-p0";"UEFA Champions League|FC Twente : Arsenal";"9,24";"Football";"0";"0";"2026-04-16 10:51:06.137";"MATCH ODDS";"Arsenal";"5,45";"NULL"
"2026-03-14 14:29:09.037";"b-pk-00000035";"b-pk-00000034";"b0061-b4-p0";"Premier League|PSV Eindhoven : Arsenal";"5,07";"Tennis";"0";"0";"2026-04-07 01:52:32.474";"MATCH ODDS";"Arsenal";"3,33";"NULL"
"2026-03-27 00:26:47.507";"c-pk-00000011";"c-pk-00000010";"c0062-b0-p0";"ATP Tour|Feyenoord Rotterdam : Juventus";"11,93";"Tennis";"0";"0";"2026-01-18 00:42:45.944";"MATCH ODDS";"Juventus";"2,96";"NULL"
"2026-02-06 00:10:15.366";"c-pk-00000014";"c-pk-00000013";"c0062-b1-p0";"Eredivisie|Bayern Munich : Real Madrid";"1,93";"Football";"1";"1";"2026-03-28 01:07:39.905";"MATCH ODDS";"Real";"14,86";"NULL"
"2026-02-01 17:01:22.577";"c-pk-00000018";"c-pk-00000017";"c0062-b2-p0";"ATP Tour|Arsenal : Real Madrid";"9,26";"Basketball";"0";"0";"2026-02-27 08:48:17.092";"MATCH ODDS";"Real";"4,07";"NULL"
"2026-03-28 19:38:39.137";"c-pk-00000019";"c-pk-00000017";"c0062-b2-p1";"ATP Tour|Arsenal : Bayern Munich";"11,47";"Football";"0";"0";"2026-04-13 06:04:30.470";"MATCH ODDS";"Bayern";"6,87";"NULL"
"2026-01-26 00:38:44.670";"a-pk-00000009";"a-pk-00000008";"a0063-b0-p0";"Eredivisie|FC Twente : Juventus";"5,71";"Football";"1";"0";"2026-02-14 12:00:16.940";"MATCH ODDS";"Juventus";"16,79";"NULL"
"2026-04-07 05:04:30.856";"a-pk-00000010";"a-pk-00000008";"a0063-b0-p1";"Premier League|Feyenoord Rotterdam : Juventus";"4,28";"Football";"0";"0";"2026-01-02 23:48:05.588";"MATCH ODDS";"Juventus";"5,17";"NULL"
"2026-03-13 03:59:43.766";"a-pk-00000014";"a-pk-00000013";"a0063-b1-p0";"ATP Tour|Feyenoord Rotterdam : Bayern Munich";"5,71";"Football";"1";"1";"2026-02-13 09:13:45.538";"MATCH ODDS";"Bayern";"14,55";"NULL"
"2026-02-15 05:12:17.433";"a-pk-00000015";"a-pk-00000013";"a0063-b1-p1";"Premier League|Feyenoord Rotterdam : Juventus";"2,17";"Tennis";"0";"0";"2026-01-07 06:50:26.117";"MATCH ODDS";"Juventus";"1,24";"NULL"
"2026-02-26 08:38:18.184";"a-pk-00000019";"a-pk-00000018";"a0063-b2-p0";"ATP Tour|AZ Alkmaar : Fenerbahce Istanbul";"7,94";"Football";"1";"1";"2026-01-16 10:54:21.102";"MATCH ODDS";"Fenerbahce";"10,72";"NULL"
"2026-02-10 22:11:02.903";"a-pk-00000020";"a-pk-00000018";"a0063-b2-p1";"Eredivisie|Feyenoord Rotterdam : Arsenal";"3,02";"Basketball";"0";"1";"2026-03-09 08:04:49.508";"MATCH ODDS";"Arsenal";"4,20";"NULL"
"2026-04-19 08:28:36.779";"a-pk-00000021";"a-pk-00000018";"a0063-b2-p2";"Eredivisie|AZ Alkmaar : Bayern Munich";"11,97";"Football";"1";"1";"2026-03-24 07:24:53.779";"MATCH ODDS";"Bayern";"3,60";"NULL"
"2026-04-24 08:15:20.798";"a-pk-00000025";"a-pk-00000024";"a0063-b3-p0";"UEFA Champions League|PSV Eindhoven : Real Madrid";"7,57";"Football";"0";"0";"2026-04-18 02:16:43.437";"MATCH ODDS";"Real";"1,95";"NULL"
"2026-04-28 14:08:43.897";"a-pk-00000029";"a-pk-00000028";"a0063-b4-p0";"Premier League|Bayern Munich : Arsenal";"5,39";"Football";"1";"0";"2026-03-22 09:56:44.089";"MATCH ODDS";"Arsenal";"10,87";"NULL"
"2026-01-05 14:30:59.712";"a-pk-00000030";"a-pk-00000028";"a0063-b4-p1";"UEFA Champions League|Juventus : Juventus";"3,00";"Football";"0";"1";"2026-03-02 22:29:41.861";"MATCH ODDS";"Juventus";"16,91";"NULL"
"2026-04-25 13:02:21.921";"a-pk-00000031";"a-pk-00000028";"a0063-b4-p2";"Premier League|PSV Eindhoven : Real Madrid";"1,59";"Basketball";"0";"1";"2026-03-14 18:32:15.216";"MATCH ODDS";"Real";"1,51";"NULL"
"2026-04-02 20:48:51.179";"b-pk-00000010";"b-pk-00000009";"b0064-b0-p0";"UEFA Champions League|Feyenoord Rotterdam : Real Madrid";"11,94";"Tennis";"0";"1";"2026-03-09 06:20:51.609";"MATCH ODDS";"Real";"8,25";"NULL"
"2026-01-03 05:00:47.764";"b-pk-00000011";"b-pk-00000009";"b0064-b0-p1";"ATP Tour|Bayern Munich : Bayern Munich";"4,39";"Basketball";"0";"1";"2026-02-22 11:13:26.610";"MATCH ODDS";"Bayern";"1,35";"NULL"
"2026-03-08 00:11:35.931";"b-pk-00000012";"b-pk-00000009";"b0064-b0-p2";"ATP Tour|Ajax : Real Madrid";"4,08";"Tennis";"1";"0";"2026-02-20 12:41:48.459";"MATCH ODDS";"Real";"1,01";"NULL"
"2026-02-04 11:55:45.583";"b-pk-00000016";"b-pk-00000015";"b0064-b1-p0";"Premier League|Ajax : Arsenal";"6,08";"Tennis";"0";"1";"2026-03-23 12:26:09.202";"MATCH ODDS";"Arsenal";"19,25";"NULL"
"2026-04-20 19:33:26.290";"b-pk-00000017";"b-pk-00000015";"b0064-b1-p1";"ATP Tour|Feyenoord Rotterdam : Arsenal";"7,52";"Football";"1";"1";"2026-04-28 21:57:11.138";"MATCH ODDS";"Arsenal";"15,22";"NULL"
"2026-02-06 13:36:39.131";"b-pk-00000018";"b-pk-00000015";"b0064-b1-p2";"ATP Tour|Real Madrid : Juventus";"1,32";"Tennis";"1";"0";"2026-04-19 18:26:11.193";"MATCH ODDS";"Juventus";"17,96";"NULL"
"2026-04-01 09:07:15.260";"b-pk-00000022";"b-pk-00000021";"b0064-b2-p0";"Premier League|FC Twente : Real Madrid";"6,87";"Football";"1";"0";"2026-01-11 06:38:33.763";"MATCH ODDS";"Real";"4,60";"NULL"
"2026-04-01 00:00:57.068";"b-pk-00000023";"b-pk-00000021";"b0064-b2-p1";"Eredivisie|Fenerbahce Istanbul : Real Madrid";"4,33";"Football";"1";"1";"2026-02-27 19:46:47.966";"MATCH ODDS";"Real";"2,28";"NULL"
"2026-01-07 09:07:01.209";"b-pk-00000024";"b-pk-00000021";"b0064-b2-p2";"Premier League|Real Madrid : Fenerbahce Istanbul";"6,78";"Basketball";"1";"1";"2026-02-21 17:30:08.033";"MATCH ODDS";"Fenerbahce";"12,24";"NULL"
"2026-04-14 19:51:06.637";"b-pk-00000028";"b-pk-00000027";"b0064-b3-p0";"ATP Tour|Ajax : Fenerbahce Istanbul";"11,39";"Basketball";"1";"0";"2026-01-21 11:25:34.134";"MATCH ODDS";"Fenerbahce";"17,71";"NULL"
"2026-01-23 05:20:14.987";"b-pk-00000031";"b-pk-00000030";"b0064-b4-p0";"Premier League|PSV Eindhoven : Arsenal";"1,98";"Football";"1";"1";"2026-04-04 00:03:31.501";"MATCH ODDS";"Arsenal";"10,42";"NULL"
"2026-04-24 22:50:03.884";"c-pk-00000011";"c-pk-00000010";"c0065-b0-p0";"Premier League|Bayern Munich : Bayern Munich";"6,94";"Basketball";"0";"0";"2026-01-15 02:18:24.763";"MATCH ODDS";"Bayern";"2,40";"NULL"
"2026-01-24 17:19:01.132";"c-pk-00000015";"c-pk-00000014";"c0065-b1-p0";"ATP Tour|Feyenoord Rotterdam : Real Madrid";"5,24";"Basketball";"1";"0";"2026-02-13 16:25:03.338";"MATCH ODDS";"Real";"18,63";"NULL"
"2026-02-19 01:37:07.168";"c-pk-00000018";"c-pk-00000017";"c0065-b2-p0";"UEFA Champions League|Juventus : Fenerbahce Istanbul";"1,83";"Basketball";"0";"0";"2026-02-12 04:01:38.268";"MATCH ODDS";"Fenerbahce";"7,44";"NULL"
"2026-04-20 18:41:11.264";"a-pk-00000009";"a-pk-00000008";"a0066-b0-p0";"ATP Tour|Ajax : Arsenal";"2,99";"Tennis";"0";"0";"2026-02-24 17:55:21.667";"MATCH ODDS";"Arsenal";"3,67";"NULL"
"2026-02-20 00:51:43.494";"a-pk-00000012";"a-pk-00000011";"a0066-b1-p0";"UEFA Champions League|PSV Eindhoven : Arsenal";"4,78";"Tennis";"0";"1";"2026-03-23 10:08:57.398";"MATCH ODDS";"Arsenal";"2,09";"NULL"
"2026-04-15 14:13:13.961";"a-pk-00000016";"a-pk-00000015";"a0066-b2-p0";"ATP Tour|Real Madrid : Real Madrid";"2,01";"Basketball";"0";"1";"2026-04-10 23:30:01.947";"MATCH ODDS";"Real";"16,25";"NULL"
"2026-04-09 00:43:41.889";"a-pk-00000019";"a-pk-00000018";"a0066-b3-p0";"Eredivisie|PSV Eindhoven : Fenerbahce Istanbul";"5,89";"Tennis";"0";"1";"2026-04-14 04:23:36.948";"MATCH ODDS";"Fenerbahce";"1,05";"NULL"
"2026-02-23 12:12:51.520";"a-pk-00000020";"a-pk-00000018";"a0066-b3-p1";"UEFA Champions League|Real Madrid : Fenerbahce Istanbul";"8,35";"Tennis";"1";"1";"2026-04-24 02:18:36.458";"MATCH ODDS";"Fenerbahce";"6,08";"NULL"
"2026-02-19 22:49:36.695";"a-pk-00000021";"a-pk-00000018";"a0066-b3-p2";"UEFA Champions League|Juventus : Real Madrid";"6,43";"Basketball";"1";"0";"2026-03-20 22:32:27.035";"MATCH ODDS";"Real";"12,20";"NULL"
"2026-02-23 17:37:45.956";"a-pk-00000025";"a-pk-00000024";"a0066-b4-p0";"UEFA Champions League|Fenerbahce Istanbul : Real Madrid";"10,71";"Basketball";"0";"0";"2026-03-20 09:35:59.347";"MATCH ODDS";"Real";"5,33";"NULL"
"2026-02-28 09:09:02.232";"b-pk-00000009";"b-pk-00000008";"b0067-b0-p0";"ATP Tour|Juventus : Fenerbahce Istanbul";"2,24";"Basketball";"1";"1";"2026-04-10 17:27:29.371";"MATCH ODDS";"Fenerbahce";"12,58";"NULL"
"2026-04-24 08:58:43.535";"b-pk-00000010";"b-pk-00000008";"b0067-b0-p1";"UEFA Champions League|Fenerbahce Istanbul : Bayern Munich";"8,99";"Football";"0";"0";"2026-03-26 20:33:55.405";"MATCH ODDS";"Bayern";"14,23";"NULL"
"2026-04-13 05:53:37.218";"b-pk-00000014";"b-pk-00000013";"b0067-b1-p0";"UEFA Champions League|AZ Alkmaar : Real Madrid";"8,30";"Basketball";"0";"1";"2026-01-26 16:59:57.817";"MATCH ODDS";"Real";"15,52";"NULL"
"2026-02-13 11:52:21.576";"b-pk-00000015";"b-pk-00000013";"b0067-b1-p1";"Premier League|FC Twente : Real Madrid";"4,57";"Basketball";"0";"1";"2026-02-08 04:29:46.147";"MATCH ODDS";"Real";"5,18";"NULL"
"2026-02-06 07:30:43.847";"b-pk-00000016";"b-pk-00000013";"b0067-b1-p2";"UEFA Champions League|AZ Alkmaar : Juventus";"7,39";"Football";"1";"1";"2026-03-28 22:34:40.653";"MATCH ODDS";"Juventus";"9,51";"NULL"
"2026-03-19 02:20:31.616";"b-pk-00000020";"b-pk-00000019";"b0067-b2-p0";"UEFA Champions League|Arsenal : Juventus";"1,83";"Basketball";"1";"1";"2026-04-06 12:52:35.215";"MATCH ODDS";"Juventus";"10,61";"NULL"
"2026-01-28 04:01:43.490";"b-pk-00000021";"b-pk-00000019";"b0067-b2-p1";"Eredivisie|Arsenal : Arsenal";"5,50";"Football";"0";"1";"2026-01-06 03:59:40.805";"MATCH ODDS";"Arsenal";"13,69";"NULL"
"2026-01-18 06:26:24.463";"c-pk-00000010";"c-pk-00000009";"c0068-b0-p0";"Eredivisie|Juventus : Arsenal";"6,16";"Basketball";"1";"1";"2026-04-14 02:00:08.320";"MATCH ODDS";"Arsenal";"15,19";"NULL"
"2026-04-12 19:47:01.096";"c-pk-00000013";"c-pk-00000012";"c0068-b1-p0";"ATP Tour|Juventus : Real Madrid";"6,32";"Tennis";"0";"1";"2026-02-21 09:17:52.413";"MATCH ODDS";"Real";"3,29";"NULL"
"2026-01-19 18:50:48.365";"c-pk-00000017";"c-pk-00000016";"c0068-b2-p0";"Eredivisie|Ajax : Arsenal";"9,14";"Basketball";"1";"1";"2026-03-19 05:40:11.497";"MATCH ODDS";"Arsenal";"14,02";"NULL"
"2026-04-05 05:34:58.548";"c-pk-00000021";"c-pk-00000020";"c0068-b3-p0";"ATP Tour|Bayern Munich : Juventus";"3,67";"Football";"1";"1";"2026-02-08 02:16:59.369";"MATCH ODDS";"Juventus";"6,24";"NULL"
"2026-03-19 06:09:22.095";"c-pk-00000022";"c-pk-00000020";"c0068-b3-p1";"ATP Tour|Fenerbahce Istanbul : Bayern Munich";"2,44";"Basketball";"1";"1";"2026-03-07 02:08:55.704";"MATCH ODDS";"Bayern";"1,15";"NULL"
"2026-03-04 10:30:05.160";"a-pk-00000010";"a-pk-00000009";"a0069-b0-p0";"Eredivisie|AZ Alkmaar : Arsenal";"8,12";"Basketball";"1";"0";"2026-02-11 08:13:42.293";"MATCH ODDS";"Arsenal";"8,81";"NULL"
"2026-01-13 16:41:12.711";"a-pk-00000014";"a-pk-00000013";"a0069-b1-p0";"UEFA Champions League|PSV Eindhoven : Real Madrid";"6,19";"Football";"0";"0";"2026-04-26 06:30:08.388";"MATCH ODDS";"Real";"2,12";"NULL"
"2026-04-13 05:20:41.284";"a-pk-00000018";"a-pk-00000017";"a0069-b2-p0";"Premier League|Ajax : Juventus";"10,25";"Basketball";"0";"1";"2026-03-12 12:13:58.835";"MATCH ODDS";"Juventus";"4,63";"NULL"
"2026-01-07 12:52:36.268";"a-pk-00000019";"a-pk-00000017";"a0069-b2-p1";"Premier League|Ajax : Juventus";"6,66";"Basketball";"0";"0";"2026-02-21 13:44:58.392";"MATCH ODDS";"Juventus";"14,65";"NULL"
"2026-03-06 07:41:09.121";"b-pk-00000009";"b-pk-00000008";"b0070-b0-p0";"UEFA Champions League|Fenerbahce Istanbul : Arsenal";"4,96";"Football";"0";"0";"2026-01-11 06:21:03.420";"MATCH ODDS";"Arsenal";"12,34";"NULL"
"2026-04-18 08:52:22.345";"b-pk-00000010";"b-pk-00000008";"b0070-b0-p1";"UEFA Champions League|Ajax : Arsenal";"3,01";"Tennis";"0";"1";"2026-03-03 00:08:40.372";"MATCH ODDS";"Arsenal";"6,38";"NULL"
"2026-03-22 12:13:23.372";"b-pk-00000014";"b-pk-00000013";"b0070-b1-p0";"ATP Tour|PSV Eindhoven : Arsenal";"9,61";"Tennis";"0";"0";"2026-04-21 23:05:29.159";"MATCH ODDS";"Arsenal";"8,40";"NULL"
"2026-01-09 12:55:00.487";"b-pk-00000015";"b-pk-00000013";"b0070-b1-p1";"Premier League|PSV Eindhoven : Arsenal";"1,44";"Football";"0";"1";"2026-03-04 07:00:52.387";"MATCH ODDS";"Arsenal";"10,68";"NULL"
"2026-04-06 06:32:46.113";"b-pk-00000019";"b-pk-00000018";"b0070-b2-p0";"ATP Tour|Ajax : Fenerbahce Istanbul";"2,51";"Basketball";"0";"0";"2026-02-05 17:09:11.179";"MATCH ODDS";"Fenerbahce";"11,57";"NULL"
"2026-03-28 04:33:12.366";"b-pk-00000020";"b-pk-00000018";"b0070-b2-p1";"ATP Tour|FC Twente : Bayern Munich";"12,00";"Basketball";"1";"0";"2026-01-09 02:02:46.769";"MATCH ODDS";"Bayern";"11,53";"NULL"
"2026-02-01 09:05:26.475";"c-pk-00000009";"c-pk-00000008";"c0071-b0-p0";"Eredivisie|PSV Eindhoven : Real Madrid";"7,05";"Football";"0";"1";"2026-02-19 05:57:25.391";"MATCH ODDS";"Real";"12,48";"NULL"
"2026-01-19 07:41:15.216";"c-pk-00000013";"c-pk-00000012";"c0071-b1-p0";"UEFA Champions League|AZ Alkmaar : Fenerbahce Istanbul";"5,24";"Football";"1";"1";"2026-01-20 01:00:03.661";"MATCH ODDS";"Fenerbahce";"1,41";"NULL"
"2026-02-01 09:50:49.352";"c-pk-00000017";"c-pk-00000016";"c0071-b2-p0";"Eredivisie|Juventus : Juventus";"9,05";"Football";"0";"0";"2026-01-13 20:40:29.476";"MATCH ODDS";"Juventus";"18,40";"NULL"
"2026-04-23 13:21:03.352";"c-pk-00000021";"c-pk-00000020";"c0071-b3-p0";"ATP Tour|Arsenal : Arsenal";"3,11";"Tennis";"1";"0";"2026-02-01 18:10:35.088";"MATCH ODDS";"Arsenal";"16,61";"NULL"
"2026-03-15 17:43:53.969";"a-pk-00000011";"a-pk-00000010";"a0072-b0-p0";"UEFA Champions League|Juventus : Real Madrid";"11,39";"Football";"0";"0";"2026-04-21 23:56:09.710";"MATCH ODDS";"Real";"2,07";"NULL"
"2026-02-01 01:57:56.737";"a-pk-00000015";"a-pk-00000014";"a0072-b1-p0";"Eredivisie|Feyenoord Rotterdam : Fenerbahce Istanbul";"8,50";"Tennis";"1";"0";"2026-04-27 08:49:55.556";"MATCH ODDS";"Fenerbahce";"4,87";"NULL"
"2026-02-01 17:23:58.429";"a-pk-00000018";"a-pk-00000017";"a0072-b2-p0";"ATP Tour|Juventus : Bayern Munich";"4,22";"Basketball";"0";"0";"2026-02-05 08:39:23.781";"MATCH ODDS";"Bayern";"17,48";"NULL"
"2026-01-03 03:57:21.298";"a-pk-00000019";"a-pk-00000017";"a0072-b2-p1";"UEFA Champions League|Real Madrid : Bayern Munich";"5,43";"Tennis";"1";"0";"2026-01-07 16:46:32.590";"MATCH ODDS";"Bayern";"13,14";"NULL"
"2026-01-02 09:03:17.247";"a-pk-00000020";"a-pk-00000017";"a0072-b2-p2";"Premier League|Fenerbahce Istanbul : Bayern Munich";"1,89";"Tennis";"1";"1";"2026-01-22 06:53:21.195";"MATCH ODDS";"Bayern";"10,93";"NULL"
"2026-03-02 02:59:38.038";"a-pk-00000024";"a-pk-00000023";"a0072-b3-p0";"ATP Tour|Feyenoord Rotterdam : Arsenal";"2,87";"Tennis";"0";"1";"2026-02-16 22:06:27.095";"MATCH ODDS";"Arsenal";"3,03";"NULL"
"2026-03-18 06:23:12.261";"a-pk-00000028";"a-pk-00000027";"a0072-b4-p0";"UEFA Champions League|Feyenoord Rotterdam : Bayern Munich";"5,05";"Basketball";"0";"1";"2026-04-11 14:45:09.558";"MATCH ODDS";"Bayern";"8,02";"NULL"
"2026-04-26 00:20:05.603";"b-pk-00000015";"b-pk-00000014";"b0073-b0-p0";"Premier League|Fenerbahce Istanbul : Fenerbahce Istanbul";"1,46";"Tennis";"1";"0";"2026-02-16 03:25:41.207";"MATCH ODDS";"Fenerbahce";"14,86";"NULL"
"2026-04-17 03:46:00.828";"b-pk-00000019";"b-pk-00000018";"b0073-b1-p0";"UEFA Champions League|Juventus : Real Madrid";"11,36";"Basketball";"0";"0";"2026-02-11 22:17:04.343";"MATCH ODDS";"Real";"11,33";"NULL"
"2026-02-02 08:45:14.648";"b-pk-00000020";"b-pk-00000018";"b0073-b1-p1";"UEFA Champions League|Real Madrid : Juventus";"5,99";"Tennis";"0";"0";"2026-04-13 05:34:58.658";"MATCH ODDS";"Juventus";"1,47";"NULL"
"2026-04-17 02:22:54.885";"b-pk-00000021";"b-pk-00000018";"b0073-b1-p2";"Eredivisie|Fenerbahce Istanbul : Real Madrid";"9,42";"Tennis";"1";"1";"2026-04-28 00:55:22.933";"MATCH ODDS";"Real";"14,64";"NULL"
"2026-04-18 15:50:13.370";"c-pk-00000010";"c-pk-00000009";"c0074-b0-p0";"UEFA Champions League|Arsenal : Bayern Munich";"8,18";"Tennis";"1";"0";"2026-03-11 23:04:17.389";"MATCH ODDS";"Bayern";"13,45";"NULL"
"2026-02-22 23:55:17.518";"c-pk-00000011";"c-pk-00000009";"c0074-b0-p1";"Premier League|Juventus : Arsenal";"3,34";"Tennis";"0";"1";"2026-04-21 05:54:26.852";"MATCH ODDS";"Arsenal";"10,40";"NULL"
"2026-04-20 22:21:55.548";"c-pk-00000015";"c-pk-00000014";"c0074-b1-p0";"Eredivisie|Bayern Munich : Bayern Munich";"1,54";"Football";"1";"1";"2026-01-12 23:02:38.179";"MATCH ODDS";"Bayern";"11,11";"NULL"
"2026-04-07 08:11:58.776";"c-pk-00000016";"c-pk-00000014";"c0074-b1-p1";"UEFA Champions League|Ajax : Fenerbahce Istanbul";"7,72";"Football";"0";"1";"2026-04-08 23:31:58.145";"MATCH ODDS";"Fenerbahce";"17,05";"NULL"
"2026-02-18 00:04:26.141";"c-pk-00000017";"c-pk-00000014";"c0074-b1-p2";"UEFA Champions League|Bayern Munich : Bayern Munich";"4,82";"Tennis";"0";"1";"2026-01-22 04:44:44.651";"MATCH ODDS";"Bayern";"1,09";"NULL"
"2026-01-04 04:15:42.361";"c-pk-00000021";"c-pk-00000020";"c0074-b2-p0";"UEFA Champions League|Bayern Munich : Real Madrid";"7,42";"Tennis";"0";"1";"2026-03-06 14:52:16.152";"MATCH ODDS";"Real";"11,48";"NULL"
"2026-01-23 01:33:23.507";"c-pk-00000022";"c-pk-00000020";"c0074-b2-p1";"Premier League|Arsenal : Real Madrid";"3,61";"Football";"1";"1";"2026-03-11 02:16:40.774";"MATCH ODDS";"Real";"9,20";"NULL"
"2026-03-04 02:30:42.923";"c-pk-00000023";"c-pk-00000020";"c0074-b2-p2";"Eredivisie|FC Twente : Fenerbahce Istanbul";"11,17";"Tennis";"1";"1";"2026-02-23 14:44:02.945";"MATCH ODDS";"Fenerbahce";"15,53";"NULL"
"2026-01-06 13:01:32.263";"c-pk-00000026";"c-pk-00000025";"c0074-b3-p0";"Premier League|Real Madrid : Arsenal";"6,88";"Basketball";"1";"1";"2026-02-01 18:39:59.060";"MATCH ODDS";"Arsenal";"9,05";"NULL"
"2026-01-26 07:59:39.612";"c-pk-00000027";"c-pk-00000025";"c0074-b3-p1";"Eredivisie|FC Twente : Arsenal";"4,83";"Football";"1";"1";"2026-01-10 10:02:45.337";"MATCH ODDS";"Arsenal";"14,70";"NULL"
"2026-04-15 07:43:51.102";"c-pk-00000028";"c-pk-00000025";"c0074-b3-p2";"Eredivisie|Juventus : Real Madrid";"11,43";"Football";"1";"0";"2026-01-10 16:22:54.958";"MATCH ODDS";"Real";"2,72";"NULL"
"2026-02-20 19:04:07.735";"c-pk-00000032";"c-pk-00000031";"c0074-b4-p0";"ATP Tour|Arsenal : Arsenal";"4,78";"Basketball";"0";"1";"2026-03-07 02:33:54.724";"MATCH ODDS";"Arsenal";"4,86";"NULL"
"2026-02-26 02:56:02.702";"c-pk-00000033";"c-pk-00000031";"c0074-b4-p1";"Premier League|AZ Alkmaar : Juventus";"8,25";"Football";"1";"1";"2026-01-22 20:06:20.016";"MATCH ODDS";"Juventus";"8,75";"NULL"
"2026-04-14 15:05:15.449";"a-pk-00000010";"a-pk-00000009";"a0075-b0-p0";"Eredivisie|Feyenoord Rotterdam : Juventus";"6,02";"Basketball";"0";"1";"2026-02-28 13:15:37.362";"MATCH ODDS";"Juventus";"8,62";"NULL"
"2026-02-01 11:23:31.212";"a-pk-00000011";"a-pk-00000009";"a0075-b0-p1";"ATP Tour|AZ Alkmaar : Arsenal";"6,15";"Football";"1";"1";"2026-01-06 23:08:13.703";"MATCH ODDS";"Arsenal";"13,45";"NULL"
"2026-03-06 09:32:14.115";"a-pk-00000015";"a-pk-00000014";"a0075-b1-p0";"UEFA Champions League|Bayern Munich : Real Madrid";"7,69";"Basketball";"1";"0";"2026-04-09 15:01:53.256";"MATCH ODDS";"Real";"8,38";"NULL"
"2026-01-07 12:35:35.798";"a-pk-00000016";"a-pk-00000014";"a0075-b1-p1";"ATP Tour|FC Twente : Arsenal";"11,58";"Football";"0";"1";"2026-02-16 21:38:58.656";"MATCH ODDS";"Arsenal";"5,33";"NULL"
"2026-02-04 15:42:14.723";"b-pk-00000012";"b-pk-00000011";"b0076-b0-p0";"ATP Tour|Arsenal : Fenerbahce Istanbul";"4,37";"Football";"0";"1";"2026-02-21 05:41:10.752";"MATCH ODDS";"Fenerbahce";"17,17";"NULL"
"2026-02-10 17:55:54.277";"b-pk-00000016";"b-pk-00000015";"b0076-b1-p0";"Premier League|Bayern Munich : Bayern Munich";"2,88";"Basketball";"0";"0";"2026-03-08 11:00:44.615";"MATCH ODDS";"Bayern";"6,85";"NULL"
"2026-03-27 20:08:19.858";"b-pk-00000020";"b-pk-00000019";"b0076-b2-p0";"Premier League|Arsenal : Fenerbahce Istanbul";"4,71";"Football";"0";"0";"2026-04-28 02:42:57.841";"MATCH ODDS";"Fenerbahce";"15,82";"NULL"
"2026-02-08 17:24:05.582";"b-pk-00000023";"b-pk-00000022";"b0076-b3-p0";"Premier League|Ajax : Juventus";"3,90";"Football";"0";"0";"2026-02-26 09:08:17.669";"MATCH ODDS";"Juventus";"12,99";"NULL"
"2026-02-17 23:12:17.419";"b-pk-00000024";"b-pk-00000022";"b0076-b3-p1";"ATP Tour|Feyenoord Rotterdam : Arsenal";"3,27";"Tennis";"0";"0";"2026-03-07 15:23:06.961";"MATCH ODDS";"Arsenal";"19,18";"NULL"
"2026-01-17 13:49:51.370";"b-pk-00000025";"b-pk-00000022";"b0076-b3-p2";"Premier League|Arsenal : Juventus";"9,97";"Football";"1";"0";"2026-02-13 19:08:35.337";"MATCH ODDS";"Juventus";"7,53";"NULL"
"2026-03-07 10:38:06.859";"b-pk-00000029";"b-pk-00000028";"b0076-b4-p0";"Premier League|FC Twente : Arsenal";"10,51";"Tennis";"1";"0";"2026-03-15 03:51:35.535";"MATCH ODDS";"Arsenal";"4,83";"NULL"
"2026-03-05 17:32:29.217";"b-pk-00000030";"b-pk-00000028";"b0076-b4-p1";"Premier League|FC Twente : Juventus";"11,29";"Tennis";"1";"1";"2026-04-14 14:37:34.625";"MATCH ODDS";"Juventus";"12,01";"NULL"
"2026-01-28 13:37:03.087";"b-pk-00000031";"b-pk-00000028";"b0076-b4-p2";"ATP Tour|AZ Alkmaar : Fenerbahce Istanbul";"10,34";"Basketball";"1";"0";"2026-01-01 06:51:33.266";"MATCH ODDS";"Fenerbahce";"16,13";"NULL"
"2026-04-01 18:47:05.071";"c-pk-00000016";"c-pk-00000015";"c0077-b0-p0";"Premier League|Fenerbahce Istanbul : Fenerbahce Istanbul";"1,85";"Football";"1";"1";"2026-04-03 02:38:44.783";"MATCH ODDS";"Fenerbahce";"12,36";"NULL"
"2026-01-18 03:43:56.325";"c-pk-00000017";"c-pk-00000015";"c0077-b0-p1";"UEFA Champions League|Arsenal : Bayern Munich";"6,63";"Basketball";"1";"1";"2026-04-14 02:19:46.313";"MATCH ODDS";"Bayern";"9,94";"NULL"
"2026-02-12 12:21:38.600";"c-pk-00000021";"c-pk-00000020";"c0077-b1-p0";"Premier League|Juventus : Fenerbahce Istanbul";"5,25";"Basketball";"0";"1";"2026-02-23 07:44:14.003";"MATCH ODDS";"Fenerbahce";"14,87";"NULL"
"2026-03-28 00:20:17.858";"c-pk-00000022";"c-pk-00000020";"c0077-b1-p1";"ATP Tour|Real Madrid : Arsenal";"6,40";"Football";"1";"0";"2026-02-03 08:03:22.068";"MATCH ODDS";"Arsenal";"5,11";"NULL"
"2026-03-16 09:28:55.249";"c-pk-00000023";"c-pk-00000020";"c0077-b1-p2";"UEFA Champions League|AZ Alkmaar : Arsenal";"3,50";"Basketball";"0";"1";"2026-04-24 23:32:21.171";"MATCH ODDS";"Arsenal";"5,96";"NULL"
"2026-04-16 09:06:13.092";"c-pk-00000027";"c-pk-00000026";"c0077-b2-p0";"Premier League|Arsenal : Arsenal";"11,67";"Tennis";"0";"0";"2026-01-05 11:32:23.200";"MATCH ODDS";"Arsenal";"6,08";"NULL"
"2026-03-07 19:59:33.794";"c-pk-00000028";"c-pk-00000026";"c0077-b2-p1";"UEFA Champions League|Arsenal : Bayern Munich";"7,01";"Basketball";"0";"0";"2026-04-18 19:20:21.897";"MATCH ODDS";"Bayern";"12,83";"NULL"
"2026-01-06 17:24:21.369";"c-pk-00000029";"c-pk-00000026";"c0077-b2-p2";"Premier League|Juventus : Juventus";"9,92";"Football";"1";"1";"2026-03-25 19:11:13.550";"MATCH ODDS";"Juventus";"4,91";"NULL"
"2026-04-24 07:48:54.053";"c-pk-00000032";"c-pk-00000031";"c0077-b3-p0";"Premier League|Ajax : Fenerbahce Istanbul";"10,28";"Basketball";"0";"0";"2026-01-17 10:09:30.926";"MATCH ODDS";"Fenerbahce";"4,67";"NULL"
"2026-04-18 02:42:45.102";"c-pk-00000035";"c-pk-00000034";"c0077-b4-p0";"ATP Tour|Bayern Munich : Fenerbahce Istanbul";"10,85";"Basketball";"1";"1";"2026-03-22 10:20:29.416";"MATCH ODDS";"Fenerbahce";"15,09";"NULL"
"2026-03-20 20:10:59.515";"a-pk-00000015";"a-pk-00000014";"a0078-b0-p0";"Premier League|AZ Alkmaar : Bayern Munich";"8,76";"Tennis";"1";"1";"2026-03-03 21:04:45.651";"MATCH ODDS";"Bayern";"6,53";"NULL"
"2026-03-25 03:53:47.667";"a-pk-00000016";"a-pk-00000014";"a0078-b0-p1";"ATP Tour|Real Madrid : Arsenal";"2,47";"Basketball";"1";"1";"2026-03-11 07:17:39.416";"MATCH ODDS";"Arsenal";"7,76";"NULL"
"2026-01-20 12:28:33.613";"a-pk-00000017";"a-pk-00000014";"a0078-b0-p2";"Premier League|PSV Eindhoven : Arsenal";"5,81";"Basketball";"0";"0";"2026-02-12 23:32:52.188";"MATCH ODDS";"Arsenal";"2,16";"NULL"
"2026-04-14 17:03:36.643";"a-pk-00000020";"a-pk-00000019";"a0078-b1-p0";"ATP Tour|Juventus : Real Madrid";"6,81";"Tennis";"1";"0";"2026-01-26 20:55:32.994";"MATCH ODDS";"Real";"1,64";"NULL"
"2026-01-03 10:55:14.449";"a-pk-00000021";"a-pk-00000019";"a0078-b1-p1";"Premier League|Ajax : Real Madrid";"9,28";"Tennis";"1";"1";"2026-04-04 11:20:16.279";"MATCH ODDS";"Real";"8,92";"NULL"
"2026-01-20 22:09:45.543";"a-pk-00000024";"a-pk-00000023";"a0078-b2-p0";"UEFA Champions League|PSV Eindhoven : Juventus";"10,07";"Tennis";"1";"1";"2026-02-26 16:23:47.043";"MATCH ODDS";"Juventus";"4,24";"NULL"
"2026-02-28 00:43:31.464";"a-pk-00000025";"a-pk-00000023";"a0078-b2-p1";"Eredivisie|PSV Eindhoven : Bayern Munich";"4,87";"Tennis";"0";"0";"2026-02-13 05:26:16.222";"MATCH ODDS";"Bayern";"18,91";"NULL"
"2026-03-24 12:00:28.574";"a-pk-00000026";"a-pk-00000023";"a0078-b2-p2";"Premier League|AZ Alkmaar : Juventus";"7,78";"Football";"1";"1";"2026-01-22 18:44:36.960";"MATCH ODDS";"Juventus";"2,90";"NULL"
"2026-04-09 14:28:27.358";"a-pk-00000030";"a-pk-00000029";"a0078-b3-p0";"Premier League|Real Madrid : Juventus";"5,30";"Tennis";"0";"1";"2026-01-12 10:19:46.627";"MATCH ODDS";"Juventus";"6,00";"NULL"
"2026-01-04 16:06:51.791";"b-pk-00000012";"b-pk-00000011";"b0079-b0-p0";"Premier League|Bayern Munich : Bayern Munich";"8,63";"Basketball";"1";"0";"2026-02-13 14:12:32.989";"MATCH ODDS";"Bayern";"1,35";"NULL"
"2026-02-15 23:27:32.308";"b-pk-00000013";"b-pk-00000011";"b0079-b0-p1";"UEFA Champions League|Feyenoord Rotterdam : Real Madrid";"9,63";"Basketball";"1";"1";"2026-01-09 12:42:08.169";"MATCH ODDS";"Real";"1,53";"NULL"
"2026-04-16 01:46:36.010";"b-pk-00000016";"b-pk-00000015";"b0079-b1-p0";"Premier League|AZ Alkmaar : Arsenal";"11,91";"Basketball";"1";"1";"2026-01-18 07:49:29.386";"MATCH ODDS";"Arsenal";"3,74";"NULL"
"2026-01-08 21:10:24.865";"b-pk-00000020";"b-pk-00000019";"b0079-b2-p0";"Eredivisie|AZ Alkmaar : Juventus";"4,41";"Tennis";"1";"1";"2026-04-15 09:06:37.627";"MATCH ODDS";"Juventus";"2,58";"NULL"
"2026-01-04 17:04:47.884";"b-pk-00000023";"b-pk-00000022";"b0079-b3-p0";"ATP Tour|Fenerbahce Istanbul : Juventus";"5,24";"Basketball";"0";"0";"2026-04-18 04:37:25.475";"MATCH ODDS";"Juventus";"19,14";"NULL"
"2026-02-03 19:15:40.922";"b-pk-00000024";"b-pk-00000022";"b0079-b3-p1";"Premier League|Ajax : Fenerbahce Istanbul";"5,50";"Football";"1";"0";"2026-04-26 00:08:11.115";"MATCH ODDS";"Fenerbahce";"9,05";"NULL"
"2026-01-11 07:28:26.778";"c-pk-00000016";"c-pk-00000015";"c0080-b0-p0";"Eredivisie|PSV Eindhoven : Bayern Munich";"11,93";"Football";"1";"1";"2026-01-16 17:55:27.563";"MATCH ODDS";"Bayern";"11,07";"NULL"
"2026-02-02 07:46:37.973";"c-pk-00000017";"c-pk-00000015";"c0080-b0-p1";"UEFA Champions League|Juventus : Arsenal";"2,60";"Football";"0";"0";"2026-04-02 02:39:45.925";"MATCH ODDS";"Arsenal";"7,19";"NULL"
"2026-04-22 18:25:19.307";"c-pk-00000021";"c-pk-00000020";"c0080-b1-p0";"UEFA Champions League|Arsenal : Real Madrid";"2,44";"Football";"0";"0";"2026-02-18 17:32:00.482";"MATCH ODDS";"Real";"1,09";"NULL"
"2026-03-11 21:05:09.961";"c-pk-00000022";"c-pk-00000020";"c0080-b1-p1";"ATP Tour|Feyenoord Rotterdam : Real Madrid";"1,43";"Basketball";"0";"0";"2026-01-24 15:23:19.375";"MATCH ODDS";"Real";"19,00";"NULL"
"2026-04-09 08:10:52.052";"c-pk-00000025";"c-pk-00000024";"c0080-b2-p0";"ATP Tour|Bayern Munich : Real Madrid";"3,68";"Basketball";"1";"0";"2026-04-18 10:18:47.555";"MATCH ODDS";"Real";"18,71";"NULL"
"2026-02-13 15:04:17.759";"c-pk-00000028";"c-pk-00000027";"c0080-b3-p0";"Eredivisie|FC Twente : Real Madrid";"8,37";"Tennis";"0";"1";"2026-01-04 11:02:46.109";"MATCH ODDS";"Real";"11,74";"NULL"
"2026-02-12 02:36:08.047";"c-pk-00000029";"c-pk-00000027";"c0080-b3-p1";"UEFA Champions League|AZ Alkmaar : Real Madrid";"2,49";"Basketball";"0";"1";"2026-02-08 07:45:09.992";"MATCH ODDS";"Real";"11,74";"NULL"
"2026-01-10 19:10:01.925";"c-pk-00000032";"c-pk-00000031";"c0080-b4-p0";"ATP Tour|Ajax : Juventus";"9,71";"Tennis";"1";"1";"2026-01-26 09:58:11.306";"MATCH ODDS";"Juventus";"11,66";"NULL"
"2026-03-15 06:15:52.817";"a-pk-00000012";"a-pk-00000011";"a0081-b0-p0";"Eredivisie|FC Twente : Arsenal";"10,12";"Football";"0";"0";"2026-01-16 07:17:21.254";"MATCH ODDS";"Arsenal";"12,95";"NULL"
"2026-02-14 09:06:54.183";"a-pk-00000013";"a-pk-00000011";"a0081-b0-p1";"Eredivisie|Real Madrid : Fenerbahce Istanbul";"2,85";"Tennis";"1";"0";"2026-03-07 22:52:29.161";"MATCH ODDS";"Fenerbahce";"2,04";"NULL"
"2026-04-02 04:15:52.135";"a-pk-00000014";"a-pk-00000011";"a0081-b0-p2";"UEFA Champions League|Feyenoord Rotterdam : Bayern Munich";"4,73";"Football";"1";"0";"2026-03-12 10:34:54.510";"MATCH ODDS";"Bayern";"2,03";"NULL"
"2026-01-19 02:54:15.842";"a-pk-00000018";"a-pk-00000017";"a0081-b1-p0";"ATP Tour|FC Twente : Fenerbahce Istanbul";"11,75";"Tennis";"0";"1";"2026-02-24 22:19:39.984";"MATCH ODDS";"Fenerbahce";"5,82";"NULL"
"2026-02-08 15:45:30.493";"b-pk-00000009";"b-pk-00000008";"b0082-b0-p0";"Premier League|PSV Eindhoven : Arsenal";"9,78";"Football";"0";"0";"2026-04-16 22:35:30.110";"MATCH ODDS";"Arsenal";"12,25";"NULL"
"2026-03-19 01:32:47.737";"b-pk-00000012";"b-pk-00000011";"b0082-b1-p0";"Premier League|Feyenoord Rotterdam : Fenerbahce Istanbul";"1,59";"Basketball";"0";"1";"2026-04-21 14:15:33.522";"MATCH ODDS";"Fenerbahce";"10,09";"NULL"
"2026-03-14 03:10:20.231";"c-pk-00000015";"c-pk-00000014";"c0083-b0-p0";"Premier League|Juventus : Arsenal";"5,48";"Tennis";"1";"0";"2026-01-09 14:18:33.409";"MATCH ODDS";"Arsenal";"9,81";"NULL"
"2026-04-11 18:58:19.609";"c-pk-00000019";"c-pk-00000018";"c0083-b1-p0";"Eredivisie|Arsenal : Arsenal";"3,33";"Football";"0";"1";"2026-01-04 02:28:06.587";"MATCH ODDS";"Arsenal";"14,37";"NULL"
"2026-04-28 11:20:46.429";"a-pk-00000014";"a-pk-00000013";"a0084-b0-p0";"Eredivisie|Arsenal : Arsenal";"1,96";"Football";"0";"0";"2026-02-05 00:26:13.768";"MATCH ODDS";"Arsenal";"2,55";"NULL"
"2026-04-28 14:27:17.015";"a-pk-00000018";"a-pk-00000017";"a0084-b1-p0";"UEFA Champions League|Ajax : Bayern Munich";"10,24";"Football";"0";"0";"2026-02-22 05:21:08.807";"MATCH ODDS";"Bayern";"18,09";"NULL"
"2026-03-10 21:33:17.778";"a-pk-00000021";"a-pk-00000020";"a0084-b2-p0";"Premier League|FC Twente : Arsenal";"11,58";"Basketball";"1";"1";"2026-01-28 03:04:19.801";"MATCH ODDS";"Arsenal";"19,45";"NULL"
"2026-01-01 21:34:18.297";"b-pk-00000012";"b-pk-00000011";"b0085-b0-p0";"ATP Tour|PSV Eindhoven : Juventus";"9,72";"Tennis";"0";"0";"2026-03-24 20:06:31.416";"MATCH ODDS";"Juventus";"6,69";"NULL"
"2026-02-23 10:23:10.714";"b-pk-00000016";"b-pk-00000015";"b0085-b1-p0";"Premier League|Real Madrid : Fenerbahce Istanbul";"3,84";"Football";"0";"0";"2026-03-17 17:12:29.663";"MATCH ODDS";"Fenerbahce";"9,46";"NULL"
"2026-03-16 12:11:21.764";"b-pk-00000017";"b-pk-00000015";"b0085-b1-p1";"UEFA Champions League|PSV Eindhoven : Bayern Munich";"10,60";"Football";"1";"0";"2026-01-03 03:58:21.794";"MATCH ODDS";"Bayern";"4,02";"NULL"
"2026-04-15 22:34:35.551";"b-pk-00000018";"b-pk-00000015";"b0085-b1-p2";"Eredivisie|FC Twente : Arsenal";"3,11";"Football";"0";"0";"2026-04-09 17:37:01.992";"MATCH ODDS";"Arsenal";"5,52";"NULL"
"2026-01-16 16:34:13.397";"c-pk-00000011";"c-pk-00000010";"c0086-b0-p0";"UEFA Champions League|Ajax : Bayern Munich";"7,51";"Football";"0";"0";"2026-03-10 00:15:57.193";"MATCH ODDS";"Bayern";"8,77";"NULL"
"2026-01-24 05:14:05.783";"c-pk-00000012";"c-pk-00000010";"c0086-b0-p1";"Premier League|Bayern Munich : Real Madrid";"12,00";"Football";"1";"1";"2026-02-06 14:15:20.711";"MATCH ODDS";"Real";"13,75";"NULL"
"2026-03-23 14:02:58.152";"c-pk-00000016";"c-pk-00000015";"c0086-b1-p0";"Premier League|Bayern Munich : Bayern Munich";"1,60";"Tennis";"0";"1";"2026-03-03 06:26:19.271";"MATCH ODDS";"Bayern";"18,80";"NULL"
"2026-02-06 04:58:34.664";"c-pk-00000020";"c-pk-00000019";"c0086-b2-p0";"UEFA Champions League|AZ Alkmaar : Arsenal";"3,76";"Basketball";"0";"1";"2026-04-10 09:26:35.711";"MATCH ODDS";"Arsenal";"7,70";"NULL"
"2026-02-19 23:38:03.269";"c-pk-00000024";"c-pk-00000023";"c0086-b3-p0";"ATP Tour|Ajax : Arsenal";"8,53";"Tennis";"0";"0";"2026-02-23 23:52:15.409";"MATCH ODDS";"Arsenal";"11,75";"NULL"
"2026-01-11 02:05:02.948";"a-pk-00000009";"a-pk-00000008";"a0087-b0-p0";"UEFA Champions League|Bayern Munich : Arsenal";"10,15";"Football";"0";"1";"2026-01-27 03:31:35.754";"MATCH ODDS";"Arsenal";"7,88";"NULL"
"2026-03-21 14:43:44.669";"a-pk-00000013";"a-pk-00000012";"a0087-b1-p0";"ATP Tour|Arsenal : Bayern Munich";"8,37";"Tennis";"0";"1";"2026-03-20 23:28:47.316";"MATCH ODDS";"Bayern";"5,83";"NULL"
"2026-03-22 20:10:03.288";"a-pk-00000014";"a-pk-00000012";"a0087-b1-p1";"ATP Tour|Bayern Munich : Real Madrid";"2,10";"Tennis";"0";"1";"2026-02-15 09:02:50.805";"MATCH ODDS";"Real";"13,92";"NULL"
"2026-02-28 14:50:27.815";"a-pk-00000015";"a-pk-00000012";"a0087-b1-p2";"ATP Tour|Ajax : Real Madrid";"9,32";"Basketball";"1";"1";"2026-01-24 21:57:24.785";"MATCH ODDS";"Real";"18,43";"NULL"
"2026-02-10 23:02:43.364";"a-pk-00000019";"a-pk-00000018";"a0087-b2-p0";"ATP Tour|PSV Eindhoven : Juventus";"6,00";"Tennis";"1";"0";"2026-04-07 05:16:23.783";"MATCH ODDS";"Juventus";"5,63";"NULL"
"2026-01-04 02:44:03.932";"a-pk-00000020";"a-pk-00000018";"a0087-b2-p1";"UEFA Champions League|AZ Alkmaar : Juventus";"8,77";"Tennis";"0";"1";"2026-04-22 13:57:32.624";"MATCH ODDS";"Juventus";"11,52";"NULL"
"2026-02-03 07:22:52.590";"a-pk-00000021";"a-pk-00000018";"a0087-b2-p2";"Eredivisie|Bayern Munich : Juventus";"5,65";"Basketball";"0";"0";"2026-04-24 22:12:41.281";"MATCH ODDS";"Juventus";"14,17";"NULL"
"2026-02-16 04:33:29.756";"b-pk-00000012";"b-pk-00000011";"b0088-b0-p0";"Premier League|Real Madrid : Arsenal";"5,29";"Football";"0";"0";"2026-01-17 15:28:35.231";"MATCH ODDS";"Arsenal";"16,79";"NULL"
"2026-03-07 10:33:22.722";"b-pk-00000016";"b-pk-00000015";"b0088-b1-p0";"Premier League|Feyenoord Rotterdam : Fenerbahce Istanbul";"7,51";"Football";"0";"0";"2026-04-08 23:40:42.844";"MATCH ODDS";"Fenerbahce";"3,40";"NULL"
"2026-02-26 08:02:48.744";"b-pk-00000017";"b-pk-00000015";"b0088-b1-p1";"Premier League|Arsenal : Fenerbahce Istanbul";"11,69";"Tennis";"1";"1";"2026-03-14 16:38:46.808";"MATCH ODDS";"Fenerbahce";"14,31";"NULL"
"2026-04-08 09:52:08.118";"c-pk-00000011";"c-pk-00000010";"c0089-b0-p0";"Eredivisie|AZ Alkmaar : Fenerbahce Istanbul";"9,49";"Football";"0";"0";"2026-01-23 22:13:32.085";"MATCH ODDS";"Fenerbahce";"19,88";"NULL"
"2026-01-06 19:33:38.051";"c-pk-00000012";"c-pk-00000010";"c0089-b0-p1";"Premier League|PSV Eindhoven : Juventus";"7,21";"Basketball";"0";"1";"2026-04-10 11:10:12.119";"MATCH ODDS";"Juventus";"16,67";"NULL"
"2026-01-10 22:56:44.070";"c-pk-00000015";"c-pk-00000014";"c0089-b1-p0";"ATP Tour|AZ Alkmaar : Arsenal";"11,04";"Football";"0";"0";"2026-01-20 03:56:32.812";"MATCH ODDS";"Arsenal";"15,49";"NULL"
"2026-03-01 22:38:36.087";"a-pk-00000010";"a-pk-00000009";"a0090-b0-p0";"Eredivisie|Fenerbahce Istanbul : Juventus";"5,59";"Tennis";"0";"0";"2026-01-07 13:51:44.809";"MATCH ODDS";"Juventus";"5,93";"NULL"
"2026-03-18 08:12:55.763";"a-pk-00000011";"a-pk-00000009";"a0090-b0-p1";"Premier League|Fenerbahce Istanbul : Real Madrid";"11,58";"Tennis";"0";"0";"2026-04-06 15:59:36.338";"MATCH ODDS";"Real";"14,54";"NULL"
"2026-03-09 09:39:47.396";"a-pk-00000012";"a-pk-00000009";"a0090-b0-p2";"Eredivisie|Fenerbahce Istanbul : Bayern Munich";"5,82";"Tennis";"1";"0";"2026-01-24 22:30:53.712";"MATCH ODDS";"Bayern";"14,27";"NULL"
"2026-03-22 03:52:26.728";"a-pk-00000016";"a-pk-00000015";"a0090-b1-p0";"Eredivisie|Juventus : Real Madrid";"3,50";"Football";"0";"1";"2026-03-24 16:38:31.735";"MATCH ODDS";"Real";"2,73";"NULL"
"2026-04-01 14:35:06.128";"a-pk-00000017";"a-pk-00000015";"a0090-b1-p1";"UEFA Champions League|Fenerbahce Istanbul : Fenerbahce Istanbul";"8,58";"Basketball";"1";"1";"2026-04-13 02:47:47.245";"MATCH ODDS";"Fenerbahce";"1,78";"NULL"
"2026-01-23 09:11:40.722";"a-pk-00000018";"a-pk-00000015";"a0090-b1-p2";"Premier League|FC Twente : Bayern Munich";"10,82";"Football";"1";"1";"2026-02-26 17:12:40.218";"MATCH ODDS";"Bayern";"10,18";"NULL"
"2026-02-11 02:27:32.351";"b-pk-00000009";"b-pk-00000008";"b0091-b0-p0";"ATP Tour|Bayern Munich : Fenerbahce Istanbul";"2,78";"Football";"1";"1";"2026-04-24 15:23:07.128";"MATCH ODDS";"Fenerbahce";"7,51";"NULL"
"2026-01-24 11:53:53.900";"b-pk-00000010";"b-pk-00000008";"b0091-b0-p1";"UEFA Champions League|Arsenal : Juventus";"3,47";"Basketball";"1";"0";"2026-02-05 15:27:14.222";"MATCH ODDS";"Juventus";"19,87";"NULL"
"2026-01-08 07:45:30.844";"b-pk-00000013";"b-pk-00000012";"b0091-b1-p0";"UEFA Champions League|FC Twente : Real Madrid";"9,48";"Basketball";"0";"0";"2026-03-05 20:13:16.958";"MATCH ODDS";"Real";"18,03";"NULL"
"2026-04-18 20:59:00.275";"b-pk-00000016";"b-pk-00000015";"b0091-b2-p0";"Premier League|Feyenoord Rotterdam : Real Madrid";"6,22";"Tennis";"0";"1";"2026-01-16 13:36:42.394";"MATCH ODDS";"Real";"11,27";"NULL"
"2026-03-13 01:52:15.516";"c-pk-00000015";"c-pk-00000014";"c0092-b0-p0";"UEFA Champions League|Feyenoord Rotterdam : Real Madrid";"6,08";"Football";"0";"0";"2026-03-28 09:26:39.297";"MATCH ODDS";"Real";"8,25";"NULL"
"2026-02-16 12:16:28.282";"c-pk-00000016";"c-pk-00000014";"c0092-b0-p1";"UEFA Champions League|PSV Eindhoven : Juventus";"6,16";"Basketball";"0";"0";"2026-04-03 05:11:07.831";"MATCH ODDS";"Juventus";"7,42";"NULL"
"2026-03-12 17:50:26.727";"c-pk-00000017";"c-pk-00000014";"c0092-b0-p2";"ATP Tour|Real Madrid : Juventus";"6,63";"Basketball";"0";"0";"2026-01-26 09:07:20.533";"MATCH ODDS";"Juventus";"12,44";"NULL"
"2026-01-01 02:11:54.301";"c-pk-00000020";"c-pk-00000019";"c0092-b1-p0";"UEFA Champions League|Arsenal : Real Madrid";"9,95";"Tennis";"0";"0";"2026-03-18 01:24:47.936";"MATCH ODDS";"Real";"13,43";"NULL"
"2026-04-03 15:00:34.011";"c-pk-00000023";"c-pk-00000022";"c0092-b2-p0";"ATP Tour|AZ Alkmaar : Fenerbahce Istanbul";"8,13";"Basketball";"0";"0";"2026-02-25 17:58:45.977";"MATCH ODDS";"Fenerbahce";"15,85";"NULL"
"2026-01-20 13:05:09.985";"c-pk-00000024";"c-pk-00000022";"c0092-b2-p1";"ATP Tour|Bayern Munich : Fenerbahce Istanbul";"7,58";"Football";"0";"0";"2026-02-09 18:22:10.984";"MATCH ODDS";"Fenerbahce";"3,56";"NULL"
"2026-02-16 21:04:59.951";"c-pk-00000025";"c-pk-00000022";"c0092-b2-p2";"UEFA Champions League|Bayern Munich : Fenerbahce Istanbul";"6,29";"Tennis";"1";"1";"2026-02-23 14:16:34.007";"MATCH ODDS";"Fenerbahce";"8,38";"NULL"
"2026-01-27 20:04:34.083";"c-pk-00000028";"c-pk-00000027";"c0092-b3-p0";"ATP Tour|Feyenoord Rotterdam : Fenerbahce Istanbul";"10,91";"Basketball";"0";"0";"2026-02-07 01:11:20.365";"MATCH ODDS";"Fenerbahce";"12,09";"NULL"
"2026-01-14 04:14:07.809";"c-pk-00000029";"c-pk-00000027";"c0092-b3-p1";"Eredivisie|Arsenal : Juventus";"4,27";"Basketball";"1";"1";"2026-01-28 00:56:37.720";"MATCH ODDS";"Juventus";"8,35";"NULL"
"2026-03-12 00:22:10.091";"c-pk-00000030";"c-pk-00000027";"c0092-b3-p2";"UEFA Champions League|AZ Alkmaar : Juventus";"1,90";"Football";"0";"1";"2026-01-17 03:25:50.280";"MATCH ODDS";"Juventus";"15,74";"NULL"
"2026-01-27 12:00:37.696";"c-pk-00000034";"c-pk-00000033";"c0092-b4-p0";"Premier League|Bayern Munich : Bayern Munich";"9,96";"Basketball";"1";"0";"2026-04-27 04:44:29.268";"MATCH ODDS";"Bayern";"7,47";"NULL"
"2026-03-02 07:16:21.374";"a-pk-00000011";"a-pk-00000010";"a0093-b0-p0";"UEFA Champions League|Juventus : Real Madrid";"3,69";"Basketball";"0";"1";"2026-02-01 08:28:25.484";"MATCH ODDS";"Real";"9,27";"NULL"
"2026-04-10 10:45:44.847";"a-pk-00000012";"a-pk-00000010";"a0093-b0-p1";"Eredivisie|Fenerbahce Istanbul : Juventus";"6,61";"Football";"0";"0";"2026-04-11 06:04:43.862";"MATCH ODDS";"Juventus";"16,61";"NULL"
"2026-01-09 09:22:09.605";"a-pk-00000016";"a-pk-00000015";"a0093-b1-p0";"ATP Tour|Feyenoord Rotterdam : Fenerbahce Istanbul";"9,72";"Basketball";"1";"1";"2026-03-23 14:19:17.953";"MATCH ODDS";"Fenerbahce";"4,89";"NULL"
"2026-01-25 01:47:13.810";"a-pk-00000019";"a-pk-00000018";"a0093-b2-p0";"UEFA Champions League|Arsenal : Fenerbahce Istanbul";"8,04";"Football";"1";"1";"2026-04-12 23:45:34.717";"MATCH ODDS";"Fenerbahce";"7,76";"NULL"
"2026-03-08 17:01:35.668";"b-pk-00000009";"b-pk-00000008";"b0094-b0-p0";"UEFA Champions League|PSV Eindhoven : Juventus";"7,08";"Tennis";"0";"1";"2026-04-28 04:12:12.622";"MATCH ODDS";"Juventus";"12,53";"NULL"
"2026-03-28 00:02:06.076";"b-pk-00000010";"b-pk-00000008";"b0094-b0-p1";"UEFA Champions League|Arsenal : Arsenal";"2,09";"Basketball";"0";"1";"2026-03-17 00:19:18.187";"MATCH ODDS";"Arsenal";"15,24";"NULL"
"2026-03-16 07:33:42.944";"b-pk-00000014";"b-pk-00000013";"b0094-b1-p0";"UEFA Champions League|Juventus : Juventus";"1,49";"Tennis";"1";"1";"2026-02-13 14:11:02.598";"MATCH ODDS";"Juventus";"13,84";"NULL"
"2026-02-14 09:14:43.177";"b-pk-00000015";"b-pk-00000013";"b0094-b1-p1";"ATP Tour|Ajax : Real Madrid";"1,82";"Basketball";"1";"1";"2026-02-09 11:39:30.106";"MATCH ODDS";"Real";"13,63";"NULL"
"2026-04-17 10:26:32.565";"b-pk-00000019";"b-pk-00000018";"b0094-b2-p0";"UEFA Champions League|Real Madrid : Arsenal";"8,63";"Basketball";"1";"0";"2026-01-25 16:21:43.619";"MATCH ODDS";"Arsenal";"10,01";"NULL"
"2026-03-24 10:33:28.671";"b-pk-00000023";"b-pk-00000022";"b0094-b3-p0";"ATP Tour|PSV Eindhoven : Juventus";"9,21";"Tennis";"1";"1";"2026-04-24 02:22:22.862";"MATCH ODDS";"Juventus";"12,94";"NULL"
"2026-03-21 01:45:40.132";"b-pk-00000024";"b-pk-00000022";"b0094-b3-p1";"Premier League|Bayern Munich : Arsenal";"3,93";"Tennis";"0";"1";"2026-04-06 19:41:00.572";"MATCH ODDS";"Arsenal";"14,77";"NULL"
"2026-03-08 20:39:16.340";"b-pk-00000025";"b-pk-00000022";"b0094-b3-p2";"ATP Tour|Juventus : Juventus";"10,68";"Football";"1";"1";"2026-03-18 01:49:30.537";"MATCH ODDS";"Juventus";"1,14";"NULL"
"2026-03-03 11:00:46.901";"b-pk-00000028";"b-pk-00000027";"b0094-b4-p0";"UEFA Champions League|AZ Alkmaar : Real Madrid";"5,37";"Football";"1";"0";"2026-03-04 01:51:47.900";"MATCH ODDS";"Real";"3,68";"NULL"
"2026-02-28 11:23:41.478";"c-pk-00000016";"c-pk-00000015";"c0095-b0-p0";"Premier League|Fenerbahce Istanbul : Juventus";"8,60";"Basketball";"0";"1";"2026-03-19 01:15:03.959";"MATCH ODDS";"Juventus";"10,75";"NULL"
"2026-03-10 13:45:18.042";"c-pk-00000020";"c-pk-00000019";"c0095-b1-p0";"Eredivisie|Bayern Munich : Fenerbahce Istanbul";"3,76";"Tennis";"0";"1";"2026-04-20 11:22:50.360";"MATCH ODDS";"Fenerbahce";"12,43";"NULL"
"2026-01-28 01:32:48.728";"c-pk-00000021";"c-pk-00000019";"c0095-b1-p1";"Premier League|Real Madrid : Bayern Munich";"2,65";"Football";"1";"1";"2026-03-10 14:49:53.462";"MATCH ODDS";"Bayern";"12,92";"NULL"
"2026-03-10 22:07:08.222";"c-pk-00000022";"c-pk-00000019";"c0095-b1-p2";"Eredivisie|Bayern Munich : Bayern Munich";"6,75";"Football";"1";"0";"2026-04-20 15:39:02.017";"MATCH ODDS";"Bayern";"10,38";"NULL"
"2026-03-12 18:14:21.923";"c-pk-00000026";"c-pk-00000025";"c0095-b2-p0";"Eredivisie|Arsenal : Fenerbahce Istanbul";"1,52";"Football";"1";"1";"2026-04-09 19:46:50.021";"MATCH ODDS";"Fenerbahce";"8,14";"NULL"
"2026-02-22 15:25:23.202";"c-pk-00000027";"c-pk-00000025";"c0095-b2-p1";"ATP Tour|Ajax : Real Madrid";"9,90";"Tennis";"1";"0";"2026-02-09 03:31:58.951";"MATCH ODDS";"Real";"13,10";"NULL"
"2026-04-22 22:04:13.527";"a-pk-00000012";"a-pk-00000011";"a0096-b0-p0";"UEFA Champions League|FC Twente : Bayern Munich";"5,67";"Tennis";"1";"1";"2026-02-02 08:50:21.335";"MATCH ODDS";"Bayern";"12,10";"NULL"
"2026-03-21 08:38:16.219";"a-pk-00000016";"a-pk-00000015";"a0096-b1-p0";"ATP Tour|AZ Alkmaar : Arsenal";"11,66";"Football";"0";"1";"2026-01-12 13:06:16.985";"MATCH ODDS";"Arsenal";"9,25";"NULL"
"2026-01-02 09:09:05.701";"a-pk-00000017";"a-pk-00000015";"a0096-b1-p1";"Eredivisie|PSV Eindhoven : Bayern Munich";"6,71";"Tennis";"1";"1";"2026-01-28 11:08:03.255";"MATCH ODDS";"Bayern";"7,19";"NULL"
"2026-01-26 10:26:23.642";"a-pk-00000018";"a-pk-00000015";"a0096-b1-p2";"Premier League|Fenerbahce Istanbul : Juventus";"2,29";"Football";"1";"1";"2026-01-18 02:40:16.192";"MATCH ODDS";"Juventus";"18,34";"NULL"
"2026-01-02 11:09:08.617";"a-pk-00000021";"a-pk-00000020";"a0096-b2-p0";"ATP Tour|Juventus : Fenerbahce Istanbul";"2,08";"Tennis";"1";"1";"2026-03-19 13:23:39.612";"MATCH ODDS";"Fenerbahce";"1,40";"NULL"
"2026-03-20 19:27:06.980";"a-pk-00000022";"a-pk-00000020";"a0096-b2-p1";"Eredivisie|Arsenal : Fenerbahce Istanbul";"2,42";"Tennis";"0";"1";"2026-02-02 09:55:00.642";"MATCH ODDS";"Fenerbahce";"10,20";"NULL"
"2026-01-14 02:00:38.769";"a-pk-00000023";"a-pk-00000020";"a0096-b2-p2";"Eredivisie|Bayern Munich : Fenerbahce Istanbul";"2,85";"Football";"0";"1";"2026-04-10 10:51:59.205";"MATCH ODDS";"Fenerbahce";"16,64";"NULL"
"2026-04-03 13:22:21.522";"a-pk-00000026";"a-pk-00000025";"a0096-b3-p0";"Eredivisie|Real Madrid : Real Madrid";"1,44";"Football";"1";"1";"2026-03-11 10:09:26.467";"MATCH ODDS";"Real";"18,86";"NULL"
"2026-03-15 02:49:04.994";"a-pk-00000029";"a-pk-00000028";"a0096-b4-p0";"UEFA Champions League|AZ Alkmaar : Juventus";"3,12";"Basketball";"0";"1";"2026-04-28 22:38:12.829";"MATCH ODDS";"Juventus";"4,42";"NULL"
"2026-02-01 20:55:23.279";"a-pk-00000030";"a-pk-00000028";"a0096-b4-p1";"Eredivisie|Ajax : Juventus";"6,92";"Basketball";"1";"0";"2026-04-11 15:52:03.917";"MATCH ODDS";"Juventus";"9,40";"NULL"
"2026-01-05 08:11:25.699";"a-pk-00000031";"a-pk-00000028";"a0096-b4-p2";"Eredivisie|Ajax : Fenerbahce Istanbul";"4,06";"Basketball";"1";"1";"2026-01-19 00:09:46.035";"MATCH ODDS";"Fenerbahce";"6,79";"NULL"
"2026-01-19 10:27:41.671";"b-pk-00000010";"b-pk-00000009";"b0097-b0-p0";"UEFA Champions League|Juventus : Real Madrid";"9,55";"Basketball";"1";"1";"2026-04-01 15:28:12.650";"MATCH ODDS";"Real";"7,04";"NULL"
"2026-03-02 01:31:22.108";"b-pk-00000014";"b-pk-00000013";"b0097-b1-p0";"Eredivisie|Juventus : Juventus";"5,78";"Basketball";"1";"1";"2026-04-07 11:34:07.564";"MATCH ODDS";"Juventus";"3,48";"NULL"
"2026-01-06 11:09:49.036";"b-pk-00000017";"b-pk-00000016";"b0097-b2-p0";"ATP Tour|Bayern Munich : Arsenal";"10,30";"Basketball";"0";"0";"2026-04-09 13:40:36.126";"MATCH ODDS";"Arsenal";"3,83";"NULL"
"2026-02-11 10:11:27.706";"b-pk-00000021";"b-pk-00000020";"b0097-b3-p0";"Eredivisie|Arsenal : Bayern Munich";"3,05";"Football";"1";"1";"2026-03-16 16:07:07.190";"MATCH ODDS";"Bayern";"11,61";"NULL"
"2026-04-12 20:41:03.323";"b-pk-00000025";"b-pk-00000024";"b0097-b4-p0";"Premier League|Fenerbahce Istanbul : Real Madrid";"4,72";"Tennis";"1";"1";"2026-01-15 09:13:04.936";"MATCH ODDS";"Real";"3,39";"NULL"
"2026-03-05 00:57:07.848";"c-pk-00000014";"c-pk-00000013";"c0098-b0-p0";"ATP Tour|Bayern Munich : Real Madrid";"2,95";"Basketball";"0";"0";"2026-04-10 01:09:03.634";"MATCH ODDS";"Real";"18,14";"NULL"
"2026-03-23 20:36:07.930";"c-pk-00000018";"c-pk-00000017";"c0098-b1-p0";"Premier League|Fenerbahce Istanbul : Arsenal";"11,64";"Football";"0";"0";"2026-01-04 03:12:03.529";"MATCH ODDS";"Arsenal";"6,98";"NULL"
"2026-04-16 02:40:15.799";"c-pk-00000021";"c-pk-00000020";"c0098-b2-p0";"Eredivisie|Bayern Munich : Arsenal";"2,91";"Football";"1";"0";"2026-03-06 07:34:27.451";"MATCH ODDS";"Arsenal";"16,20";"NULL"
"2026-01-02 14:41:21.182";"c-pk-00000025";"c-pk-00000024";"c0098-b3-p0";"Eredivisie|Arsenal : Arsenal";"9,77";"Basketball";"0";"0";"2026-02-27 06:44:02.903";"MATCH ODDS";"Arsenal";"16,04";"NULL"
"2026-01-17 00:15:45.427";"a-pk-00000010";"a-pk-00000009";"a0099-b0-p0";"Eredivisie|Fenerbahce Istanbul : Fenerbahce Istanbul";"4,42";"Tennis";"0";"0";"2026-01-05 02:32:09.311";"MATCH ODDS";"Fenerbahce";"2,44";"NULL"
"2026-02-21 09:42:31.261";"a-pk-00000014";"a-pk-00000013";"a0099-b1-p0";"Premier League|Ajax : Fenerbahce Istanbul";"3,50";"Football";"1";"1";"2026-02-04 01:26:23.067";"MATCH ODDS";"Fenerbahce";"17,54";"NULL"
