"created_at";"pk_id";"record_id";"extraction_date";"operator_id";"data_safe_id";"replaced_record_id";"player_profile_id";"transaction_id";"transaction_datetime";"transaction_amount";"transaction_deposit_instrument";"transaction_type";"transaction_status"
"2026-02-22 10:53:49.794";"a-pk-00000011";"rec-11";"2026-06-30 23:59:59.000";"a";"ds-a0000";"NULL";"a0000";"a0000-t0";"2026-02-22 10:53:49.794";"2,06";"CREDIT_CARD";"DEPOSIT";"SUCCESSFUL"
"2026-01-07 18:56:45.322";"a-pk-00000012";"rec-12";"2026-06-30 23:59:59.000";"a";"ds-a0000";"NULL";"a0000";"a0000-t1";"2026-01-07 18:56:45.322";"5,04";"NULL";"STAKE";"UNSUCCESSFUL"
"2026-04-05 08:08:15.762";"a-pk-00000013";"rec-13";"2026-06-30 23:59:59.000";"a";"ds-a0000";"NULL";"a0000";"a0000-t2";"2026-04-05 08:08:15.762";"11,67";"NULL";"STAKE";"SUCCESSFUL"
"2026-04-19 12:23:14.141";"a-pk-00000014";"rec-14";"2026-06-30 23:59:59.000";"a";"ds-a0000";"NULL";"a0000";"a0000-t3";"2026-04-19 12:23:14.141";"10,68";"NULL";"WINNING";"SUCCESSFUL"
"2026-01-05 20:10:50.696";"a-pk-00000015";"rec-15";"2026-06-30 23:59:59.000";"a";"ds-a0000";"NULL";"a0000";"a0000-t4";"2026-01-05 20:10:50.696";"9,02";"NULL";"WINNING";"SUCCESSFUL"
"2026-04-17 08:35:55.965";"a-pk-00000016";"rec-16";"2026-06-30 23:59:59.000";"a";"ds-a0000";"NULL";"a0000";"a0000-t5";"2026-04-17 08:35:55.965";"1,22";"NULL";"STAKE";"SUCCESSFUL"
"2026-03-25 20:21:07.300";"a-pk-00000017";"rec-17";"2026-06-30 23:59:59.000";"a";"ds-a0000";"NULL";"a0000";"a0000-t6";"2026-03-25 20:21:07.300";"9,26";"NULL";"WINNING";"UNSUCCESSFUL"
"2026-03-17 05:32:58.108";"a-pk-00000018";"rec-18";"2026-06-30 23:59:59.000";"a";"ds-a0000";"NULL";"a0000";"a0000-t7";"2026-03-17 05:32:58.108";"17,54";"BANK_TRANSFER";"DEPOSIT";"SUCCESSFUL"
"2026-02-18 16:58:00.613";"a-pk-00000019";"rec-19";"2026-06-30 23:59:59.000";"a";"ds-a0000";"NULL";"a0000";"a0000-t8";"2026-02-18 16:58:00.613";"7,16";"CREDIT_CARD";"DEPOSIT";"SUCCESSFUL"
"2026-03-08 01:15:56.580";"a-pk-00000020";"rec-20";"2026-06-30 23:59:59.000";"a";"ds-a0000";"NULL";"a0000";"a0000-t9";"2026-03-08 01:15:56.580";"18,99";"NULL";"OTHER";"SUCCESSFUL"
"2026-03-10 06:27:50.593";"b-pk-00000011";"rec-11";"2026-06-30 23:59:59.000";"b";"ds-b0001";"NULL";"b0001";"b0001-t0";"2026-03-10 06:27:50.593";"12,53";"NULL";"WITHDRAWAL";"SUCCESSFUL"
"2026-04-22 06:32:30.812";"b-pk-00000012";"rec-12";"2026-06-30 23:59:59.000";"b";"ds-b0001";"NULL";"b0001";"b0001-t1";"2026-04-22 06:32:30.812";"18,12";"NULL";"STAKE";"SUCCESSFUL"
"2026-03-17 21:40:39.343";"b-pk-00000013";"rec-13";"2026-06-30 23:59:59.000";"b";"ds-b0001";"NULL";"b0001";"b0001-t2";"2026-03-17 21:40:39.343";"2,77";"NULL";"WINNING";"SUCCESSFUL"
"2026-02-26 06:09:01.047";"b-pk-00000014";"rec-14";"2026-06-30 23:59:59.000";"b";"ds-b0001";"NULL";"b0001";"b0001-t3";"2026-02-26 06:09:01.047";"5,65";"NULL";"WINNING";"UNSUCCESSFUL"
"2026-01-15 13:56:40.589";"b-pk-00000015";"rec-15";"2026-06-30 23:59:59.000";"b";"ds-b0001";"NULL";"b0001";"b0001-t4";"2026-01-15 13:56:40.589";"4,69";"NULL";"STAKE";"UNSUCCESSFUL"
"2026-02-05 20:44:00.914";"b-pk-00000016";"rec-16";"2026-06-30 23:59:59.000";"b";"ds-b0001";"NULL";"b0001";"b0001-t5";"2026-02-05 20:44:00.914";"15,27";"NULL";"STAKE";"SUCCESSFUL"
"2026-02-06 22:33:29.051";"b-pk-00000017";"rec-17";"2026-06-30 23:59:59.000";"b";"ds-b0001";"NULL";"b0001";"b0001-t6";"2026-02-06 22:33:29.051";"11,59";"NULL";"WINNING";"SUCCESSFUL"
"2026-04-22 16:35:38.324";"b-pk-00000018";"rec-18";"2026-06-30 23:59:59.000";"b";"ds-b0001";"NULL";"b0001";"b0001-t7";"2026-04-22 16:35:38.324";"19,05";"NULL";"STAKE";"UNSUCCESSFUL"
"2026-01-16 08:21:39.709";"c-pk-00000011";"rec-11";"2026-06-30 23:59:59.000";"c";"ds-c0002";"NULL";"c0002";"c0002-t0";"2026-01-16 08:21:39.709";"8,55";"NULL";"OTHER";"SUCCESSFUL"
"2026-04-11 20:45:56.777";"c-pk-00000012";"rec-12";"2026-06-30 23:59:59.000";"c";"ds-c0002";"NULL";"c0002";"c0002-t1";"2026-04-11 20:45:56.777";"10,27";"NULL";"WITHDRAWAL";"SUCCESSFUL"
"2026-02-21 21:58:18.232";"c-pk-00000013";"rec-13";"2026-06-30 23:59:59.000";"c";"ds-c0002";"NULL";"c0002";"c0002-t2";"2026-02-21 21:58:18.232";"15,19";"NULL";"STAKE";"UNSUCCESSFUL"
"2026-01-15 05:44:19.925";"c-pk-00000014";"rec-14";"2026-06-30 23:59:59.000";"c";"ds-c0002";"NULL";"c0002";"c0002-t3";"2026-01-15 05:44:19.925";"1,55";"NULL";"OTHER";"SUCCESSFUL"
"2026-03-12 11:27:09.250";"c-pk-00000015";"rec-15";"2026-06-30 23:59:59.000";"c";"ds-c0002";"NULL";"c0002";"c0002-t4";"2026-03-12 11:27:09.250";"11,09";"NULL";"WINNING";"SUCCESSFUL"
"2026-01-20 12:39:43.246";"c-pk-00000016";"rec-16";"2026-06-30 23:59:59.000";"c";"ds-c0002";"NULL";"c0002";"c0002-t5";"2026-01-20 12:39:43.246";"10,46";"ELECTRONIC_MONEY";"DEPOSIT";"SUCCESSFUL"
"2026-03-15 08:42:00.920";"c-pk-00000017";"rec-17";"2026-06-30 23:59:59.000";"c";"ds-c0002";"NULL";"c0002";"c0002-t6";"2026-03-15 08:42:00.920";"16,29";"NULL";"STAKE";"SUCCESSFUL"
"2026-02-03 14:22:37.306";"c-pk-00000018";"rec-18";"2026-06-30 23:59:59.000";"c";"ds-c0002";"NULL";"c0002";"c0002-t7";"2026-02-03 14:22:37.306";"13,14";"NULL";"WINNING";"UNSUCCESSFUL"
"2026-04-28 09:12:24.873";"c-pk-00000019";"rec-19";"2026-06-30 23:59:59.000";"c";"ds-c0002";"NULL";"c0002";"c0002-t8";"2026-04-28 09:12:24.873";"10,18";"NULL";"WINNING";"SUCCESSFUL"
"2026-03-19 09:44:18.022";"c-pk-00000020";"rec-20";"2026-06-30 23:59:59.000";"c";"ds-c0002";"NULL";"c0002";"c0002-t9";"2026-03-19 09:44:18.022";"19,58";"NULL";"STAKE";"UNSUCCESSFUL"
"2026-01-20 23:31:53.925";"c-pk-00000021";"rec-21";"2026-06-30 23:59:59.000";"c";"ds-c0002";"NULL";"c0002";"c0002-t10";"2026-01-20 23:31:53.925";"18,16";"NULL";"STAKE";"SUCCESSFUL"
"2026-01-02 04:10:48.632";"a-pk-00000003";"rec-3";"2026-06-30 23:59:59.000";"a";"ds-a0003";"NULL";"a0003";"a0003-t0";"2026-01-02 04:10:48.632";"1,95";"NULL";"STAKE";"SUCCESSFUL"
"2026-04-16 19:28:26.279";"a-pk-00000004";"rec-4";"2026-06-30 23:59:59.000";"a";"ds-a0003";"NULL";"a0003";"a0003-t1";"2026-04-16 19:28:26.279";"5,10";"CREDIT_CARD";"DEPOSIT";"SUCCESSFUL"
"2026-03-22 21:37:31.539";"a-pk-00000005";"rec-5";"2026-06-30 23:59:59.000";"a";"ds-a0003";"NULL";"a0003";"a0003-t2";"2026-03-22 21:37:31.539";"13,68";"NULL";"STAKE";"SUCCESSFUL"
"2026-01-01 06:19:13.785";"a-pk-00000006";"rec-6";"2026-06-30 23:59:59.000";"a";"ds-a0003";"NULL";"a0003";"a0003-t3";"2026-01-01 06:19:13.785";"3,61";"BANK_TRANSFER";"DEPOSIT";"SUCCESSFUL"
"2026-01-16 23:27:11.132";"a-pk-00000007";"rec-7";"2026-06-30 23:59:59.000";"a";"ds-a0003";"NULL";"a0003";"a0003-t4";"2026-01-16 23:27:11.132";"8,22";"NULL";"STAKE";"SUCCESSFUL"
"2026-04-27 17:30:16.037";"b-pk-00000003";"rec-3";"2026-06-30 23:59:59.000";"b";"ds-b0004";"NULL";"b0004";"b0004-t0";"2026-04-27 17:30:16.037";"15,31";"NULL";"OTHER";"SUCCESSFUL"
"2026-01-28 20:21:17.127";"b-pk-00000004";"rec-4";"2026-06-30 23:59:59.000";"b";"ds-b0004";"NULL";"b0004";"b0004-t1";"2026-01-28 20:21:17.127";"16,19";"NULL";"STAKE";"UNSUCCESSFUL"
"2026-04-13 10:11:31.708";"b-pk-00000005";"rec-5";"2026-06-30 23:59:59.000";"b";"ds-b0004";"NULL";"b0004";"b0004-t2";"2026-04-13 10:11:31.708";"10,45";"NULL";"WITHDRAWAL";"SUCCESSFUL"
"2026-04-03 13:38:52.184";"b-pk-00000006";"rec-6";"2026-06-30 23:59:59.000";"b";"ds-b0004";"NULL";"b0004";"b0004-t3";"2026-04-03 13:38:52.184";"11,36";"NULL";"WINNING";"SUCCESSFUL"
"2026-03-22 09:19:28.617";"b-pk-00000007";"rec-7";"2026-06-30 23:59:59.000";"b";"ds-b0004";"NULL";"b0004";"b0004-t4";"2026-03-22 09:19:28.617";"14,64";"ELECTRONIC_MONEY";"DEPOSIT";"UNSUCCESSFUL"
"2026-01-24 11:39:27.281";"b-pk-00000008";"rec-8";"2026-06-30 23:59:59.000";"b";"ds-b0004";"NULL";"b0004";"b0004-t5";"2026-01-24 11:39:27.281";"13,15";"NULL";"STAKE";"SUCCESSFUL"
"2026-04-12 16:51:47.695";"b-pk-00000009";"rec-9";"2026-06-30 23:59:59.000";"b";"ds-b0004";"NULL";"b0004";"b0004-t6";"2026-04-12 16:51:47.695";"4,04";"CREDIT_CARD";"DEPOSIT";"SUCCESSFUL"
"2026-04-02 04:04:15.797";"b-pk-00000010";"rec-10";"2026-06-30 23:59:59.000";"b";"ds-b0004";"NULL";"b0004";"b0004-t7";"2026-04-02 04:04:15.797";"13,26";"NULL";"WITHDRAWAL";"SUCCESSFUL"
"2026-01-20 04:43:28.971";"b-pk-00000011";"rec-11";"2026-06-30 23:59:59.000";"b";"ds-b0004";"NULL";"b0004";"b0004-t8";"2026-01-20 04:43:28.971";"8,05";"NULL";"STAKE";"UNSUCCESSFUL"
"2026-02-17 11:25:20.665";"b-pk-00000012";"rec-12";"2026-06-30 23:59:59.000";"b";"ds-b0004";"NULL";"b0004";"b0004-t9";"2026-02-17 11:25:20.665";"6,30";"NULL";"WINNING";"SUCCESSFUL"
"2026-04-28 23:46:03.722";"c-pk-00000003";"rec-3";"2026-06-30 23:59:59.000";"c";"ds-c0005";"NULL";"c0005";"c0005-t0";"2026-04-28 23:46:03.722";"3,62";"NULL";"WINNING";"SUCCESSFUL"
"2026-04-17 12:20:11.470";"c-pk-00000004";"rec-4";"2026-06-30 23:59:59.000";"c";"ds-c0005";"NULL";"c0005";"c0005-t1";"2026-04-17 12:20:11.470";"18,33";"NULL";"STAKE";"SUCCESSFUL"
"2026-03-20 15:12:15.285";"c-pk-00000005";"rec-5";"2026-06-30 23:59:59.000";"c";"ds-c0005";"NULL";"c0005";"c0005-t2";"2026-03-20 15:12:15.285";"11,60";"NULL";"STAKE";"SUCCESSFUL"
"2026-03-25 09:45:13.706";"c-pk-00000006";"rec-6";"2026-06-30 23:59:59.000";"c";"ds-c0005";"NULL";"c0005";"c0005-t3";"2026-03-25 09:45:13.706";"14,39";"NULL";"OTHER";"SUCCESSFUL"
"2026-03-10 03:36:43.556";"c-pk-00000007";"rec-7";"2026-06-30 23:59:59.000";"c";"ds-c0005";"NULL";"c0005";"c0005-t4";"2026-03-10 03:36:43.556";"8,21";"NULL";"STAKE";"UNSUCCESSFUL"
"2026-04-15 18:15:44.231";"a-pk-00000003";"rec-3";"2026-06-30 23:59:59.000";"a";"ds-a0006";"NULL";"a0006";"a0006-t0";"2026-04-15 18:15:44.231";"6,70";"CREDIT_CARD";"DEPOSIT";"SUCCESSFUL"
"2026-04-13 17:30:03.652";"a-pk-00000004";"rec-4";"2026-06-30 23:59:59.000";"a";"ds-a0006";"NULL";"a0006";"a0006-t1";"2026-04-13 17:30:03.652";"1,18";"ELECTRONIC_MONEY";"DEPOSIT";"SUCCESSFUL"
"2026-04-21 10:36:54.997";"a-pk-00000005";"rec-5";"2026-06-30 23:59:59.000";"a";"ds-a0006";"NULL";"a0006";"a0006-t2";"2026-04-21 10:36:54.997";"2,81";"NULL";"STAKE";"SUCCESSFUL"
"2026-04-09 01:59:04.700";"a-pk-00000006";"rec-6";"2026-06-30 23:59:59.000";"a";"ds-a0006";"NULL";"a0006";"a0006-t3";"2026-04-09 01:59:04.700";"18,59";"CREDIT_CARD";"DEPOSIT";"SUCCESSFUL"
"2026-03-01 06:37:09.770";"a-pk-00000007";"rec-7";"2026-06-30 23:59:59.000";"a";"ds-a0006";"NULL";"a0006";"a0006-t4";"2026-03-01 06:37:09.770";"16,59";"NULL";"OTHER";"UNSUCCESSFUL"
"2026-03-06 18:15:36.854";"a-pk-00000008";"rec-8";"2026-06-30 23:59:59.000";"a";"ds-a0006";"NULL";"a0006";"a0006-t5";"2026-03-06 18:15:36.854";"17,14";"NULL";"OTHER";"SUCCESSFUL"
"2026-02-26 22:46:05.512";"a-pk-00000009";"rec-9";"2026-06-30 23:59:59.000";"a";"ds-a0006";"NULL";"a0006";"a0006-t6";"2026-02-26 22:46:05.512";"15,16";"NULL";"STAKE";"SUCCESSFUL"
"2026-04-08 02:21:38.787";"a-pk-00000010";"rec-10";"2026-06-30 23:59:59.000";"a";"ds-a0006";"NULL";"a0006";"a0006-t7";"2026-04-08 02:21:38.787";"12,66";"OTHER";"DEPOSIT";"SUCCESSFUL"
"2026-03-26 14:31:14.364";"a-pk-00000011";"rec-11";"2026-06-30 23:59:59.000";"a";"ds-a0006";"NULL";"a0006";"a0006-t8";"2026-03-26 14:31:14.364";"11,51";"OTHER";"DEPOSIT";"UNSUCCESSFUL"
"2026-04-03 19:18:51.252";"a-pk-00000012";"rec-12";"2026-06-30 23:59:59.000";"a";"ds-a0006";"NULL";"a0006";"a0006-t9";"2026-04-03 19:18:51.252";"14,55";"CREDIT_CARD";"DEPOSIT";"SUCCESSFUL"
"2026-02-24 12:20:23.109";"a-pk-00000013";"rec-13";"2026-06-30 23:59:59.000";"a";"ds-a0006";"NULL";"a0006";"a0006-t10";"2026-02-24 12:20:23.109";"2,74";"BANK_TRANSFER";"DEPOSIT";"UNSUCCESSFUL"
"2026-03-04 04:05:11.441";"a-pk-00000014";"rec-14";"2026-06-30 23:59:59.000";"a";"ds-a0006";"NULL";"a0006";"a0006-t11";"2026-03-04 04:05:11.441";"9,53";"NULL";"STAKE";"UNSUCCESSFUL"
"2026-02-26 06:52:13.824";"b-pk-00000003";"rec-3";"2026-06-30 23:59:59.000";"b";"ds-b0007";"NULL";"b0007";"b0007-t0";"2026-02-26 06:52:13.824";"2,13";"BANK_TRANSFER";"DEPOSIT";"SUCCESSFUL"
"2026-02-11 22:18:18.586";"b-pk-00000004";"rec-4";"2026-06-30 23:59:59.000";"b";"ds-b0007";"NULL";"b0007";"b0007-t1";"2026-02-11 22:18:18.586";"6,08";"NULL";"STAKE";"SUCCESSFUL"
"2026-04-02 08:55:41.129";"b-pk-00000005";"rec-5";"2026-06-30 23:59:59.000";"b";"ds-b0007";"NULL";"b0007";"b0007-t2";"2026-04-02 08:55:41.129";"14,33";"ELECTRONIC_MONEY";"DEPOSIT";"SUCCESSFUL"
"2026-03-27 07:48:53.692";"b-pk-00000006";"rec-6";"2026-06-30 23:59:59.000";"b";"ds-b0007";"NULL";"b0007";"b0007-t3";"2026-03-27 07:48:53.692";"8,46";"ELECTRONIC_MONEY";"DEPOSIT";"SUCCESSFUL"
"2026-04-15 02:40:50.901";"b-pk-00000007";"rec-7";"2026-06-30 23:59:59.000";"b";"ds-b0007";"NULL";"b0007";"b0007-t4";"2026-04-15 02:40:50.901";"15,61";"NULL";"STAKE";"UNSUCCESSFUL"
"2026-03-23 11:29:31.335";"b-pk-00000008";"rec-8";"2026-06-30 23:59:59.000";"b";"ds-b0007";"NULL";"b0007";"b0007-t5";"2026-03-23 11:29:31.335";"12,06";"NULL";"STAKE";"SUCCESSFUL"
"2026-04-21 21:44:22.870";"b-pk-00000009";"rec-9";"2026-06-30 23:59:59.000";"b";"ds-b0007";"NULL";"b0007";"b0007-t6";"2026-04-21 21:44:22.870";"2,20";"NULL";"WINNING";"UNSUCCESSFUL"
"2026-04-27 06:31:17.330";"b-pk-00000010";"rec-10";"2026-06-30 23:59:59.000";"b";"ds-b0007";"NULL";"b0007";"b0007-t7";"2026-04-27 06:31:17.330";"16,74";"BANK_TRANSFER";"DEPOSIT";"SUCCESSFUL"
"2026-04-26 10:57:43.780";"b-pk-00000011";"rec-11";"2026-06-30 23:59:59.000";"b";"ds-b0007";"NULL";"b0007";"b0007-t8";"2026-04-26 10:57:43.780";"1,92";"NULL";"STAKE";"SUCCESSFUL"
"2026-04-01 03:59:54.161";"b-pk-00000012";"rec-12";"2026-06-30 23:59:59.000";"b";"ds-b0007";"NULL";"b0007";"b0007-t9";"2026-04-01 03:59:54.161";"9,38";"NULL";"STAKE";"SUCCESSFUL"
"2026-02-28 16:26:44.917";"c-pk-00000003";"rec-3";"2026-06-30 23:59:59.000";"c";"ds-c0008";"NULL";"c0008";"c0008-t0";"2026-02-28 16:26:44.917";"8,08";"CREDIT_CARD";"DEPOSIT";"SUCCESSFUL"
"2026-04-03 18:36:03.445";"c-pk-00000004";"rec-4";"2026-06-30 23:59:59.000";"c";"ds-c0008";"NULL";"c0008";"c0008-t1";"2026-04-03 18:36:03.445";"13,59";"NULL";"STAKE";"SUCCESSFUL"
"2026-03-28 10:59:51.402";"c-pk-00000005";"rec-5";"2026-06-30 23:59:59.000";"c";"ds-c0008";"NULL";"c0008";"c0008-t2";"2026-03-28 10:59:51.402";"14,31";"BANK_TRANSFER";"DEPOSIT";"SUCCESSFUL"
"2026-02-03 06:08:49.788";"c-pk-00000006";"rec-6";"2026-06-30 23:59:59.000";"c";"ds-c0008";"NULL";"c0008";"c0008-t3";"2026-02-03 06:08:49.788";"12,11";"NULL";"STAKE";"SUCCESSFUL"
"2026-04-15 10:26:07.548";"c-pk-00000007";"rec-7";"2026-06-30 23:59:59.000";"c";"ds-c0008";"NULL";"c0008";"c0008-t4";"2026-04-15 10:26:07.548";"7,81";"ELECTRONIC_MONEY";"DEPOSIT";"UNSUCCESSFUL"
"2026-03-28 03:05:10.826";"c-pk-00000008";"rec-8";"2026-06-30 23:59:59.000";"c";"ds-c0008";"NULL";"c0008";"c0008-t5";"2026-03-28 03:05:10.826";"14,04";"NULL";"STAKE";"SUCCESSFUL"
"2026-03-05 02:45:15.991";"c-pk-00000009";"rec-9";"2026-06-30 23:59:59.000";"c";"ds-c0008";"NULL";"c0008";"c0008-t6";"2026-03-05 02:45:15.991";"7,76";"CREDIT_CARD";"DEPOSIT";"SUCCESSFUL"
"2026-02-01 12:54:28.569";"c-pk-00000010";"rec-10";"2026-06-30 23:59:59.000";"c";"ds-c0008";"NULL";"c0008";"c0008-t7";"2026-02-01 12:54:28.569";"15,21";"ELECTRONIC_MONEY";"DEPOSIT";"SUCCESSFUL"
"2026-02-04 00:03:53.799";"c-pk-00000011";"rec-11";"2026-06-30 23:59:59.000";"c";"ds-c0008";"NULL";"c0008";"c0008-t8";"2026-02-04 00:03:53.799";"19,67";"NULL";"STAKE";"SUCCESSFUL"
"2026-04-12 21:40:41.086";"c-pk-00000012";"rec-12";"2026-06-30 23:59:59.000";"c";"ds-c0008";"NULL";"c0008";"c0008-t9";"2026-04-12 21:40:41.086";"12,06";"BANK_TRANSFER";"DEPOSIT";"SUCCESSFUL"
"2026-02-12 15:38:28.181";"a-pk-00000003";"rec-3";"2026-06-30 23:59:59.000";"a";"ds-a0009";"NULL";"a0009";"a0009-t0";"2026-02-12 15:38:28.181";"19,25";"NULL";"WINNING";"UNSUCCESSFUL"
"2026-03-12 05:53:57.264";"a-pk-00000004";"rec-4";"2026-06-30 23:59:59.000";"a";"ds-a0009";"NULL";"a0009";"a0009-t1";"2026-03-12 05:53:57.264";"15,23";"NULL";"STAKE";"SUCCESSFUL"
"2026-04-02 05:54:36.798";"a-pk-00000005";"rec-5";"2026-06-30 23:59:59.000";"a";"ds-a0009";"NULL";"a0009";"a0009-t2";"2026-04-02 05:54:36.798";"19,33";"NULL";"STAKE";"SUCCESSFUL"
"2026-02-09 20:26:32.020";"a-pk-00000006";"rec-6";"2026-06-30 23:59:59.000";"a";"ds-a0009";"NULL";"a0009";"a0009-t3";"2026-02-09 20:26:32.020";"17,43";"NULL";"WINNING";"SUCCESSFUL"
"2026-02-21 05:38:51.008";"a-pk-00000007";"rec-7";"2026-06-30 23:59:59.000";"a";"ds-a0009";"NULL";"a0009";"a0009-t4";"2026-02-21 05:38:51.008";"5,25";"NULL";"STAKE";"SUCCESSFUL"
"2026-03-06 03:25:25.985";"b-pk-00000003";"rec-3";"2026-06-30 23:59:59.000";"b";"ds-b0010";"NULL";"b0010";"b0010-t0";"2026-03-06 03:25:25.985";"9,67";"NULL";"STAKE";"UNSUCCESSFUL"
"2026-04-26 13:41:56.816";"b-pk-00000004";"rec-4";"2026-06-30 23:59:59.000";"b";"ds-b0010";"NULL";"b0010";"b0010-t1";"2026-04-26 13:41:56.816";"4,17";"NULL";"WINNING";"SUCCESSFUL"
"2026-01-28 05:06:26.933";"b-pk-00000005";"rec-5";"2026-06-30 23:59:59.000";"b";"ds-b0010";"NULL";"b0010";"b0010-t2";"2026-01-28 05:06:26.933";"12,22";"NULL";"WINNING";"UNSUCCESSFUL"
"2026-04-25 11:39:01.883";"b-pk-00000006";"rec-6";"2026-06-30 23:59:59.000";"b";"ds-b0010";"NULL";"b0010";"b0010-t3";"2026-04-25 11:39:01.883";"14,00";"ELECTRONIC_MONEY";"DEPOSIT";"UNSUCCESSFUL"
"2026-01-14 14:02:04.267";"b-pk-00000007";"rec-7";"2026-06-30 23:59:59.000";"b";"ds-b0010";"NULL";"b0010";"b0010-t4";"2026-01-14 14:02:04.267";"13,44";"NULL";"OTHER";"SUCCESSFUL"
"2026-02-22 10:33:33.704";"b-pk-00000008";"rec-8";"2026-06-30 23:59:59.000";"b";"ds-b0010";"NULL";"b0010";"b0010-t5";"2026-02-22 10:33:33.704";"14,31";"NULL";"WINNING";"SUCCESSFUL"
"2026-02-16 11:42:43.656";"b-pk-00000009";"rec-9";"2026-06-30 23:59:59.000";"b";"ds-b0010";"NULL";"b0010";"b0010-t6";"2026-02-16 11:42:43.656";"8,31";"NULL";"STAKE";"SUCCESSFUL"
"2026-02-17 15:54:31.890";"b-pk-00000010";"rec-10";"2026-06-30 23:59:59.000";"b";"ds-b0010";"NULL";"b0010";"b0010-t7";"2026-02-17 15:54:31.890";"4,14";"OTHER";"DEPOSIT";"SUCCESSFUL"
"2026-03-02 16:14:35.658";"b-pk-00000011";"rec-11";"2026-06-30 23:59:59.000";"b";"ds-b0010";"NULL";"b0010";"b0010-t8";"2026-03-02 16:14:35.658";"8,19";"ELECTRONIC_MONEY";"DEPOSIT";"SUCCESSFUL"
"2026-01-28 17:29:41.562";"c-pk-00000003";"rec-3";"2026-06-30 23:59:59.000";"c";"ds-c0011";"NULL";"c0011";"c0011-t0";"2026-01-28 17:29:41.562";"2,39";"NULL";"WINNING";"SUCCESSFUL"
"2026-02-24 18:31:21.365";"c-pk-00000004";"rec-4";"2026-06-30 23:59:59.000";"c";"ds-c0011";"NULL";"c0011";"c0011-t1";"2026-02-24 18:31:21.365";"3,44";"ELECTRONIC_MONEY";"DEPOSIT";"SUCCESSFUL"
"2026-01-07 10:31:28.336";"c-pk-00000005";"rec-5";"2026-06-30 23:59:59.000";"c";"ds-c0011";"NULL";"c0011";"c0011-t2";"2026-01-07 10:31:28.336";"12,71";"NULL";"STAKE";"SUCCESSFUL"
"2026-02-19 18:23:51.323";"c-pk-00000006";"rec-6";"2026-06-30 23:59:59.000";"c";"ds-c0011";"NULL";"c0011";"c0011-t3";"2026-02-19 18:23:51.323";"19,21";"NULL";"WINNING";"SUCCESSFUL"
"2026-02-26 07:45:47.656";"c-pk-00000007";"rec-7";"2026-06-30 23:59:59.000";"c";"ds-c0011";"NULL";"c0011";"c0011-t4";"2026-02-26 07:45:47.656";"9,29";"BANK_TRANSFER";"DEPOSIT";"SUCCESSFUL"
"2026-03-16 14:28:22.793";"c-pk-00000008";"rec-8";"2026-06-30 23:59:59.000";"c";"ds-c0011";"NULL";"c0011";"c0011-t5";"2026-03-16 14:28:22.793";"6,80";"NULL";"WINNING";"SUCCESSFUL"
"2026-01-27 08:54:52.143";"c-pk-00000009";"rec-9";"2026-06-30 23:59:59.000";"c";"ds-c0011";"NULL";"c0011";"c0011-t6";"2026-01-27 08:54:52.143";"17,93";"ELECTRONIC_MONEY";"DEPOSIT";"SUCCESSFUL"
"2026-02-27 19:22:09.797";"a-pk-00000003";"rec-3";"2026-06-30 23:59:59.000";"a";"ds-a0012";"NULL";"a0012";"a0012-t0";"2026-02-27 19:22:09.797";"3,03";"CREDIT_CARD";"DEPOSIT";"UNSUCCESSFUL"
"2026-01-28 15:23:39.322";"a-pk-00000004";"rec-4";"2026-06-30 23:59:59.000";"a";"ds-a0012";"NULL";"a0012";"a0012-t1";"2026-01-28 15:23:39.322";"10,35";"NULL";"STAKE";"SUCCESSFUL"
"2026-03-13 07:48:36.131";"a-pk-00000005";"rec-5";"2026-06-30 23:59:59.000";"a";"ds-a0012";"NULL";"a0012";"a0012-t2";"2026-03-13 07:48:36.131";"2,03";"NULL";"STAKE";"UNSUCCESSFUL"
"2026-01-17 11:25:55.702";"a-pk-00000006";"rec-6";"2026-06-30 23:59:59.000";"a";"ds-a0012";"NULL";"a0012";"a0012-t3";"2026-01-17 11:25:55.702";"15,74";"NULL";"STAKE";"UNSUCCESSFUL"
"2026-04-11 22:00:00.690";"a-pk-00000007";"rec-7";"2026-06-30 23:59:59.000";"a";"ds-a0012";"NULL";"a0012";"a0012-t4";"2026-04-11 22:00:00.690";"5,00";"NULL";"OTHER";"SUCCESSFUL"
"2026-02-11 23:04:42.990";"b-pk-00000003";"rec-3";"2026-06-30 23:59:59.000";"b";"ds-b0013";"NULL";"b0013";"b0013-t0";"2026-02-11 23:04:42.990";"11,24";"NULL";"WINNING";"UNSUCCESSFUL"
"2026-04-25 17:09:39.289";"b-pk-00000004";"rec-4";"2026-06-30 23:59:59.000";"b";"ds-b0013";"NULL";"b0013";"b0013-t1";"2026-04-25 17:09:39.289";"7,13";"BANK_TRANSFER";"DEPOSIT";"SUCCESSFUL"
"2026-01-02 04:11:55.032";"b-pk-00000005";"rec-5";"2026-06-30 23:59:59.000";"b";"ds-b0013";"NULL";"b0013";"b0013-t2";"2026-01-02 04:11:55.032";"4,84";"OTHER";"DEPOSIT";"SUCCESSFUL"
"2026-04-22 15:33:39.718";"b-pk-00000006";"rec-6";"2026-06-30 23:59:59.000";"b";"ds-b0013";"NULL";"b0013";"b0013-t3";"2026-04-22 15:33:39.718";"12,22";"CREDIT_CARD";"DEPOSIT";"SUCCESSFUL"
"2026-01-01 06:41:31.950";"b-pk-00000007";"rec-7";"2026-06-30 23:59:59.000";"b";"ds-b0013";"NULL";"b0013";"b0013-t4";"2026-01-01 06:41:31.950";"17,91";"CREDIT_CARD";"DEPOSIT";"UNSUCCESSFUL"
"2026-01-12 17:47:56.425";"b-pk-00000008";"rec-8";"2026-06-30 23:59:59.000";"b";"ds-b0013";"NULL";"b0013";"b0013-t5";"2026-01-12 17:47:56.425";"16,62";"NULL";"WINNING";"SUCCESSFUL"
"2026-03-17 01:46:04.854";"b-pk-00000009";"rec-9";"2026-06-30 23:59:59.000";"b";"ds-b0013";"NULL";"b0013";"b0013-t6";"2026-03-17 01:46:04.854";"6,77";"NULL";"WITHDRAWAL";"SUCCESSFUL"
"2026-01-04 23:14:34.394";"b-pk-00000010";"rec-10";"2026-06-30 23:59:59.000";"b";"ds-b0013";"NULL";"b0013";"b0013-t7";"2026-01-04 23:14:34.394";"4,60";"NULL";"OTHER";"SUCCESSFUL"
"2026-02-18 23:35:26.764";"b-pk-00000011";"rec-11";"2026-06-30 23:59:59.000";"b";"ds-b0013";"NULL";"b0013";"b0013-t8";"2026-02-18 23:35:26.764";"3,00";"NULL";"STAKE";"SUCCESSFUL"
"2026-04-04 05:50:11.563";"b-pk-00000012";"rec-12";"2026-06-30 23:59:59.000";"b";"ds-b0013";"NULL";"b0013";"b0013-t9";"2026-04-04 05:50:11.563";"8,63";"NULL";"WINNING";"SUCCESSFUL"
"2026-04-12 10:35:20.865";"b-pk-00000013";"rec-13";"2026-06-30 23:59:59.000";"b";"ds-b0013";"NULL";"b0013";"b0013-t10";"2026-04-12 10:35:20.865";"8,06";"NULL";"WINNING";"UNSUCCESSFUL"
"2026-03-20 07:36:34.219";"b-pk-00000014";"rec-14";"2026-06-30 23:59:59.000";"b";"ds-b0013";"NULL";"b0013";"b0013-t11";"2026-03-20 07:36:34.219";"8,13";"NULL";"WITHDRAWAL";"SUCCESSFUL"
"2026-03-03 17:34:46.121";"c-pk-00000003";"rec-3";"2026-06-30 23:59:59.000";"c";"ds-c0014";"NULL";"c0014";"c0014-t0";"2026-03-03 17:34:46.121";"4,50";"NULL";"OTHER";"SUCCESSFUL"
"2026-03-14 13:19:28.763";"c-pk-00000004";"rec-4";"2026-06-30 23:59:59.000";"c";"ds-c0014";"NULL";"c0014";"c0014-t1";"2026-03-14 13:19:28.763";"18,74";"NULL";"WINNING";"SUCCESSFUL"
"2026-02-04 04:11:01.780";"c-pk-00000005";"rec-5";"2026-06-30 23:59:59.000";"c";"ds-c0014";"NULL";"c0014";"c0014-t2";"2026-02-04 04:11:01.780";"19,73";"BANK_TRANSFER";"DEPOSIT";"SUCCESSFUL"
"2026-02-22 00:22:05.704";"c-pk-00000006";"rec-6";"2026-06-30 23:59:59.000";"c";"ds-c0014";"NULL";"c0014";"c0014-t3";"2026-02-22 00:22:05.704";"15,82";"NULL";"STAKE";"SUCCESSFUL"
"2026-04-23 20:23:11.872";"c-pk-00000007";"rec-7";"2026-06-30 23:59:59.000";"c";"ds-c0014";"NULL";"c0014";"c0014-t4";"2026-04-23 20:23:11.872";"8,36";"NULL";"STAKE";"UNSUCCESSFUL"
"2026-02-08 01:26:48.992";"c-pk-00000008";"rec-8";"2026-06-30 23:59:59.000";"c";"ds-c0014";"NULL";"c0014";"c0014-t5";"2026-02-08 01:26:48.992";"1,29";"BANK_TRANSFER";"DEPOSIT";"UNSUCCESSFUL"
"2026-02-25 06:04:11.949";"c-pk-00000009";"rec-9";"2026-06-30 23:59:59.000";"c";"ds-c0014";"NULL";"c0014";"c0014-t6";"2026-02-25 06:04:11.949";"19,14";"OTHER";"DEPOSIT";"UNSUCCESSFUL"
"2026-04-08 13:25:49.042";"c-pk-00000010";"rec-10";"2026-06-30 23:59:59.000";"c";"ds-c0014";"NULL";"c0014";"c0014-t7";"2026-04-08 13:25:49.042";"12,55";"NULL";"WINNING";"UNSUCCESSFUL"
"2026-03-20 18:08:32.105";"a-pk-00000003";"rec-3";"2026-06-30 23:59:59.000";"a";"ds-a0015";"NULL";"a0015";"a0015-t0";"2026-03-20 18:08:32.105";"8,71";"CREDIT_CARD";"DEPOSIT";"SUCCESSFUL"
"2026-01-26 09:34:29.410";"a-pk-00000004";"rec-4";"2026-06-30 23:59:59.000";"a";"ds-a0015";"NULL";"a0015";"a0015-t1";"2026-01-26 09:34:29.410";"12,22";"NULL";"STAKE";"SUCCESSFUL"
"2026-02-16 12:04:21.213";"a-pk-00000005";"rec-5";"2026-06-30 23:59:59.000";"a";"ds-a0015";"NULL";"a0015";"a0015-t2";"2026-02-16 12:04:21.213";"16,46";"NULL";"STAKE";"UNSUCCESSFUL"
"2026-04-19 10:34:44.241";"a-pk-00000006";"rec-6";"2026-06-30 23:59:59.000";"a";"ds-a0015";"NULL";"a0015";"a0015-t3";"2026-04-19 10:34:44.241";"4,29";"NULL";"WINNING";"SUCCESSFUL"
"2026-04-04 18:38:29.333";"a-pk-00000007";"rec-7";"2026-06-30 23:59:59.000";"a";"ds-a0015";"NULL";"a0015";"a0015-t4";"2026-04-04 18:38:29.333";"11,55";"NULL";"WINNING";"UNSUCCESSFUL"
"2026-04-03 19:06:43.833";"a-pk-00000008";"rec-8";"2026-06-30 23:59:59.000";"a";"ds-a0015";"NULL";"a0015";"a0015-t5";"2026-04-03 19:06:43.833";"12,33";"OTHER";"DEPOSIT";"SUCCESSFUL"
"2026-01-03 06:52:08.908";"a-pk-00000009";"rec-9";"2026-06-30 23:59:59.000";"a";"ds-a0015";"NULL";"a0015";"a0015-t6";"2026-01-03 06:52:08.908";"12,03";"NULL";"STAKE";"SUCCESSFUL"
"2026-02-15 17:18:24.630";"a-pk-00000010";"rec-10";"2026-06-30 23:59:59.000";"a";"ds-a0015";"NULL";"a0015";"a0015-t7";"2026-02-15 17:18:24.630";"11,98";"NULL";"WINNING";"SUCCESSFUL"
"2026-03-10 18:50:58.695";"a-pk-00000011";"rec-11";"2026-06-30 23:59:59.000";"a";"ds-a0015";"NULL";"a0015";"a0015-t8";"2026-03-10 18:50:58.695";"6,79";"OTHER";"DEPOSIT";"SUCCESSFUL"
"2026-01-20 16:25:54.130";"a-pk-00000012";"rec-12";"2026-06-30 23:59:59.000";"a";"ds-a0015";"NULL";"a0015";"a0015-t9";"2026-01-20 16:25:54.130";"17,20";"NULL";"OTHER";"SUCCESSFUL"
"2026-01-01 22:35:52.367";"a-pk-00000013";"rec-13";"2026-06-30 23:59:59.000";"a";"ds-a0015";"NULL";"a0015";"a0015-t10";"2026-01-01 22:35:52.367";"3,08";"NULL";"STAKE";"SUCCESSFUL"
"2026-02-14 22:37:25.640";"a-pk-00000014";"rec-14";"2026-06-30 23:59:59.000";"a";"ds-a0015";"NULL";"a0015";"a0015-t11";"2026-02-14 22:37:25.640";"7,04";"NULL";"WITHDRAWAL";"UNSUCCESSFUL"
"2026-02-21 15:06:09.553";"b-pk-00000003";"rec-3";"2026-06-30 23:59:59.000";"b";"ds-b0016";"NULL";"b0016";"b0016-t0";"2026-02-21 15:06:09.553";"15,61";"NULL";"STAKE";"SUCCESSFUL"
"2026-01-15 22:16:06.035";"b-pk-00000004";"rec-4";"2026-06-30 23:59:59.000";"b";"ds-b0016";"NULL";"b0016";"b0016-t1";"2026-01-15 22:16:06.035";"2,39";"NULL";"STAKE";"SUCCESSFUL"
"2026-01-16 04:41:40.000";"b-pk-00000005";"rec-5";"2026-06-30 23:59:59.000";"b";"ds-b0016";"NULL";"b0016";"b0016-t2";"2026-01-16 04:41:40.000";"18,72";"NULL";"WINNING";"UNSUCCESSFUL"
"2026-03-13 18:00:32.724";"b-pk-00000006";"rec-6";"2026-06-30 23:59:59.000";"b";"ds-b0016";"NULL";"b0016";"b0016-t3";"2026-03-13 18:00:32.724";"18,86";"OTHER";"DEPOSIT";"UNSUCCESSFUL"
"2026-01-18 07:00:24.977";"b-pk-00000007";"rec-7";"2026-06-30 23:59:59.000";"b";"ds-b0016";"NULL";"b0016";"b0016-t4";"2026-01-18 07:00:24.977";"14,10";"NULL";"STAKE";"UNSUCCESSFUL"
"2026-03-11 21:19:25.056";"b-pk-00000008";"rec-8";"2026-06-30 23:59:59.000";"b";"ds-b0016";"NULL";"b0016";"b0016-t5";"2026-03-11 21:19:25.056";"13,01";"CREDIT_CARD";"DEPOSIT";"SUCCESSFUL"
"2026-03-03 14:48:49.296";"b-pk-00000009";"rec-9";"2026-06-30 23:59:59.000";"b";"ds-b0016";"NULL";"b0016";"b0016-t6";"2026-03-03 14:48:49.296";"13,31";"NULL";"STAKE";"SUCCESSFUL"
"2026-02-25 10:14:56.302";"c-pk-00000003";"rec-3";"2026-06-30 23:59:59.000";"c";"ds-c0017";"NULL";"c0017";"c0017-t0";"2026-02-25 10:14:56.302";"12,47";"NULL";"STAKE";"SUCCESSFUL"
"2026-02-03 13:54:33.500";"c-pk-00000004";"rec-4";"2026-06-30 23:59:59.000";"c";"ds-c0017";"NULL";"c0017";"c0017-t1";"2026-02-03 13:54:33.500";"17,38";"NULL";"STAKE";"SUCCESSFUL"
"2026-04-09 00:46:27.753";"c-pk-00000005";"rec-5";"2026-06-30 23:59:59.000";"c";"ds-c0017";"NULL";"c0017";"c0017-t2";"2026-04-09 00:46:27.753";"17,58";"NULL";"STAKE";"SUCCESSFUL"
"2026-02-19 04:58:36.919";"c-pk-00000006";"rec-6";"2026-06-30 23:59:59.000";"c";"ds-c0017";"NULL";"c0017";"c0017-t3";"2026-02-19 04:58:36.919";"1,10";"NULL";"STAKE";"SUCCESSFUL"
"2026-04-24 16:02:27.543";"c-pk-00000007";"rec-7";"2026-06-30 23:59:59.000";"c";"ds-c0017";"NULL";"c0017";"c0017-t4";"2026-04-24 16:02:27.543";"8,49";"CREDIT_CARD";"DEPOSIT";"UNSUCCESSFUL"
"2026-01-18 00:44:46.416";"c-pk-00000008";"rec-8";"2026-06-30 23:59:59.000";"c";"ds-c0017";"NULL";"c0017";"c0017-t5";"2026-01-18 00:44:46.416";"19,05";"NULL";"STAKE";"SUCCESSFUL"
"2026-02-21 02:01:30.685";"c-pk-00000009";"rec-9";"2026-06-30 23:59:59.000";"c";"ds-c0017";"NULL";"c0017";"c0017-t6";"2026-02-21 02:01:30.685";"6,79";"NULL";"STAKE";"UNSUCCESSFUL"
"2026-01-15 14:49:08.895";"c-pk-00000010";"rec-10";"2026-06-30 23:59:59.000";"c";"ds-c0017";"NULL";"c0017";"c0017-t7";"2026-01-15 14:49:08.895";"14,36";"NULL";"WITHDRAWAL";"SUCCESSFUL"
"2026-03-21 14:45:40.001";"c-pk-00000011";"rec-11";"2026-06-30 23:59:59.000";"c";"ds-c0017";"NULL";"c0017";"c0017-t8";"2026-03-21 14:45:40.001";"17,35";"NULL";"WINNING";"SUCCESSFUL"
"2026-03-17 01:18:27.770";"c-pk-00000012";"rec-12";"2026-06-30 23:59:59.000";"c";"ds-c0017";"NULL";"c0017";"c0017-t9";"2026-03-17 01:18:27.770";"6,13";"NULL";"STAKE";"SUCCESSFUL"
"2026-01-20 10:47:59.056";"c-pk-00000013";"rec-13";"2026-06-30 23:59:59.000";"c";"ds-c0017";"NULL";"c0017";"c0017-t10";"2026-01-20 10:47:59.056";"10,78";"NULL";"WINNING";"SUCCESSFUL"
"2026-04-28 16:21:04.955";"a-pk-00000003";"rec-3";"2026-06-30 23:59:59.000";"a";"ds-a0018";"NULL";"a0018";"a0018-t0";"2026-04-28 16:21:04.955";"19,24";"OTHER";"DEPOSIT";"SUCCESSFUL"
"2026-03-14 05:35:29.727";"a-pk-00000004";"rec-4";"2026-06-30 23:59:59.000";"a";"ds-a0018";"NULL";"a0018";"a0018-t1";"2026-03-14 05:35:29.727";"11,79";"ELECTRONIC_MONEY";"DEPOSIT";"SUCCESSFUL"
"2026-04-10 17:31:02.842";"a-pk-00000005";"rec-5";"2026-06-30 23:59:59.000";"a";"ds-a0018";"NULL";"a0018";"a0018-t2";"2026-04-10 17:31:02.842";"16,70";"BANK_TRANSFER";"DEPOSIT";"UNSUCCESSFUL"
"2026-04-08 00:50:00.157";"a-pk-00000006";"rec-6";"2026-06-30 23:59:59.000";"a";"ds-a0018";"NULL";"a0018";"a0018-t3";"2026-04-08 00:50:00.157";"5,99";"NULL";"STAKE";"UNSUCCESSFUL"
"2026-03-14 05:31:58.704";"a-pk-00000007";"rec-7";"2026-06-30 23:59:59.000";"a";"ds-a0018";"NULL";"a0018";"a0018-t4";"2026-03-14 05:31:58.704";"13,25";"CREDIT_CARD";"DEPOSIT";"SUCCESSFUL"
"2026-04-03 19:47:23.595";"a-pk-00000008";"rec-8";"2026-06-30 23:59:59.000";"a";"ds-a0018";"NULL";"a0018";"a0018-t5";"2026-04-03 19:47:23.595";"10,13";"NULL";"WINNING";"UNSUCCESSFUL"
"2026-04-23 03:23:32.750";"a-pk-00000009";"rec-9";"2026-06-30 23:59:59.000";"a";"ds-a0018";"NULL";"a0018";"a0018-t6";"2026-04-23 03:23:32.750";"11,93";"NULL";"WITHDRAWAL";"SUCCESSFUL"
"2026-04-22 17:11:56.019";"b-pk-00000003";"rec-3";"2026-06-30 23:59:59.000";"b";"ds-b0019";"NULL";"b0019";"b0019-t0";"2026-04-22 17:11:56.019";"12,93";"NULL";"STAKE";"SUCCESSFUL"
"2026-02-22 23:29:17.959";"b-pk-00000004";"rec-4";"2026-06-30 23:59:59.000";"b";"ds-b0019";"NULL";"b0019";"b0019-t1";"2026-02-22 23:29:17.959";"13,12";"NULL";"STAKE";"UNSUCCESSFUL"
"2026-01-17 06:23:29.151";"b-pk-00000005";"rec-5";"2026-06-30 23:59:59.000";"b";"ds-b0019";"NULL";"b0019";"b0019-t2";"2026-01-17 06:23:29.151";"5,57";"NULL";"OTHER";"SUCCESSFUL"
"2026-04-11 02:40:13.866";"b-pk-00000006";"rec-6";"2026-06-30 23:59:59.000";"b";"ds-b0019";"NULL";"b0019";"b0019-t3";"2026-04-11 02:40:13.866";"8,84";"NULL";"WITHDRAWAL";"SUCCESSFUL"
"2026-03-22 19:15:25.244";"b-pk-00000007";"rec-7";"2026-06-30 23:59:59.000";"b";"ds-b0019";"NULL";"b0019";"b0019-t4";"2026-03-22 19:15:25.244";"3,16";"NULL";"WINNING";"SUCCESSFUL"
"2026-04-10 04:08:43.924";"c-pk-00000003";"rec-3";"2026-06-30 23:59:59.000";"c";"ds-c0020";"NULL";"c0020";"c0020-t0";"2026-04-10 04:08:43.924";"6,71";"ELECTRONIC_MONEY";"DEPOSIT";"UNSUCCESSFUL"
"2026-01-18 02:58:02.525";"c-pk-00000004";"rec-4";"2026-06-30 23:59:59.000";"c";"ds-c0020";"NULL";"c0020";"c0020-t1";"2026-01-18 02:58:02.525";"3,05";"NULL";"STAKE";"UNSUCCESSFUL"
"2026-04-22 23:36:52.259";"c-pk-00000005";"rec-5";"2026-06-30 23:59:59.000";"c";"ds-c0020";"NULL";"c0020";"c0020-t2";"2026-04-22 23:36:52.259";"7,75";"NULL";"STAKE";"SUCCESSFUL"
"2026-01-04 23:42:29.183";"c-pk-00000006";"rec-6";"2026-06-30 23:59:59.000";"c";"ds-c0020";"NULL";"c0020";"c0020-t3";"2026-01-04 23:42:29.183";"15,94";"NULL";"WINNING";"UNSUCCESSFUL"
"2026-04-23 09:20:37.741";"c-pk-00000007";"rec-7";"2026-06-30 23:59:59.000";"c";"ds-c0020";"NULL";"c0020";"c0020-t4";"2026-04-23 09:20:37.741";"9,64";"OTHER";"DEPOSIT";"SUCCESSFUL"
"2026-02-07 05:05:47.618";"c-pk-00000008";"rec-8";"2026-06-30 23:59:59.000";"c";"ds-c0020";"NULL";"c0020";"c0020-t5";"2026-02-07 05:05:47.618";"5,93";"NULL";"STAKE";"SUCCESSFUL"
"2026-01-01 12:07:00.175";"c-pk-00000009";"rec-9";"2026-06-30 23:59:59.000";"c";"ds-c0020";"NULL";"c0020";"c0020-t6";"2026-01-01 12:07:00.175";"13,46";"NULL";"STAKE";"UNSUCCESSFUL"
"2026-04-10 19:52:39.369";"c-pk-00000010";"rec-10";"2026-06-30 23:59:59.000";"c";"ds-c0020";"NULL";"c0020";"c0020-t7";"2026-04-10 19:52:39.369";"14,12";"NULL";"WINNING";"UNSUCCESSFUL"
"2026-01-05 04:00:12.114";"c-pk-00000011";"rec-11";"2026-06-30 23:59:59.000";"c";"ds-c0020";"NULL";"c0020";"c0020-t8";"2026-01-05 04:00:12.114";"16,50";"NULL";"WINNING";"SUCCESSFUL"
"2026-02-16 20:09:41.247";"c-pk-00000012";"rec-12";"2026-06-30 23:59:59.000";"c";"ds-c0020";"NULL";"c0020";"c0020-t9";"2026-02-16 20:09:41.247";"9,28";"NULL";"WITHDRAWAL";"SUCCESSFUL"
"2026-04-05 15:27:01.119";"c-pk-00000013";"rec-13";"2026-06-30 23:59:59.000";"c";"ds-c0020";"NULL";"c0020";"c0020-t10";"2026-04-05 15:27:01.119";"4,16";"ELECTRONIC_MONEY";"DEPOSIT";"UNSUCCESSFUL"
"2026-04-01 14:37:15.206";"c-pk-00000014";"rec-14";"2026-06-30 23:59:59.000";"c";"ds-c0020";"NULL";"c0020";"c0020-t11";"2026-04-01 14:37:15.206";"6,60";"NULL";"OTHER";"UNSUCCESSFUL"
"2026-03-06 00:45:03.305";"a-pk-00000003";"rec-3";"2026-06-30 23:59:59.000";"a";"ds-a0021";"NULL";"a0021";"a0021-t0";"2026-03-06 00:45:03.305";"8,41";"NULL";"STAKE";"SUCCESSFUL"
"2026-03-09 12:52:57.123";"a-pk-00000004";"rec-4";"2026-06-30 23:59:59.000";"a";"ds-a0021";"NULL";"a0021";"a0021-t1";"2026-03-09 12:52:57.123";"1,99";"ELECTRONIC_MONEY";"DEPOSIT";"SUCCESSFUL"
"2026-04-04 08:03:20.475";"a-pk-00000005";"rec-5";"2026-06-30 23:59:59.000";"a";"ds-a0021";"NULL";"a0021";"a0021-t2";"2026-04-04 08:03:20.475";"11,51";"NULL";"STAKE";"SUCCESSFUL"
"2026-04-21 07:58:56.019";"a-pk-00000006";"rec-6";"2026-06-30 23:59:59.000";"a";"ds-a0021";"NULL";"a0021";"a0021-t3";"2026-04-21 07:58:56.019";"6,11";"NULL";"STAKE";"SUCCESSFUL"
"2026-02-10 18:26:28.085";"a-pk-00000007";"rec-7";"2026-06-30 23:59:59.000";"a";"ds-a0021";"NULL";"a0021";"a0021-t4";"2026-02-10 18:26:28.085";"17,08";"ELECTRONIC_MONEY";"DEPOSIT";"SUCCESSFUL"
"2026-02-26 07:34:27.984";"a-pk-00000008";"rec-8";"2026-06-30 23:59:59.000";"a";"ds-a0021";"NULL";"a0021";"a0021-t5";"2026-02-26 07:34:27.984";"18,32";"NULL";"STAKE";"UNSUCCESSFUL"
"2026-01-21 08:55:08.871";"b-pk-00000003";"rec-3";"2026-06-30 23:59:59.000";"b";"ds-b0022";"NULL";"b0022";"b0022-t0";"2026-01-21 08:55:08.871";"10,66";"NULL";"STAKE";"UNSUCCESSFUL"
"2026-01-26 15:50:42.629";"b-pk-00000004";"rec-4";"2026-06-30 23:59:59.000";"b";"ds-b0022";"NULL";"b0022";"b0022-t1";"2026-01-26 15:50:42.629";"2,23";"OTHER";"DEPOSIT";"SUCCESSFUL"
"2026-04-06 10:45:23.538";"b-pk-00000005";"rec-5";"2026-06-30 23:59:59.000";"b";"ds-b0022";"NULL";"b0022";"b0022-t2";"2026-04-06 10:45:23.538";"14,20";"NULL";"STAKE";"UNSUCCESSFUL"
"2026-04-21 18:41:02.212";"b-pk-00000006";"rec-6";"2026-06-30 23:59:59.000";"b";"ds-b0022";"NULL";"b0022";"b0022-t3";"2026-04-21 18:41:02.212";"5,17";"NULL";"STAKE";"SUCCESSFUL"
"2026-02-13 06:19:27.910";"b-pk-00000007";"rec-7";"2026-06-30 23:59:59.000";"b";"ds-b0022";"NULL";"b0022";"b0022-t4";"2026-02-13 06:19:27.910";"8,16";"NULL";"STAKE";"SUCCESSFUL"
"2026-03-09 17:05:08.769";"b-pk-00000008";"rec-8";"2026-06-30 23:59:59.000";"b";"ds-b0022";"NULL";"b0022";"b0022-t5";"2026-03-09 17:05:08.769";"2,60";"NULL";"OTHER";"UNSUCCESSFUL"
"2026-02-19 01:29:32.636";"b-pk-00000009";"rec-9";"2026-06-30 23:59:59.000";"b";"ds-b0022";"NULL";"b0022";"b0022-t6";"2026-02-19 01:29:32.636";"7,39";"NULL";"STAKE";"UNSUCCESSFUL"
"2026-04-12 15:20:17.391";"b-pk-00000010";"rec-10";"2026-06-30 23:59:59.000";"b";"ds-b0022";"NULL";"b0022";"b0022-t7";"2026-04-12 15:20:17.391";"1,47";"NULL";"STAKE";"UNSUCCESSFUL"
"2026-01-08 00:39:48.918";"c-pk-00000003";"rec-3";"2026-06-30 23:59:59.000";"c";"ds-c0023";"NULL";"c0023";"c0023-t0";"2026-01-08 00:39:48.918";"3,36";"NULL";"STAKE";"SUCCESSFUL"
"2026-02-20 02:03:08.383";"c-pk-00000004";"rec-4";"2026-06-30 23:59:59.000";"c";"ds-c0023";"NULL";"c0023";"c0023-t1";"2026-02-20 02:03:08.383";"10,48";"NULL";"WINNING";"SUCCESSFUL"
"2026-02-21 01:15:59.742";"c-pk-00000005";"rec-5";"2026-06-30 23:59:59.000";"c";"ds-c0023";"NULL";"c0023";"c0023-t2";"2026-02-21 01:15:59.742";"12,36";"OTHER";"DEPOSIT";"SUCCESSFUL"
"2026-03-21 01:33:50.424";"c-pk-00000006";"rec-6";"2026-06-30 23:59:59.000";"c";"ds-c0023";"NULL";"c0023";"c0023-t3";"2026-03-21 01:33:50.424";"13,31";"BANK_TRANSFER";"DEPOSIT";"SUCCESSFUL"
"2026-03-11 07:13:34.055";"c-pk-00000007";"rec-7";"2026-06-30 23:59:59.000";"c";"ds-c0023";"NULL";"c0023";"c0023-t4";"2026-03-11 07:13:34.055";"18,23";"ELECTRONIC_MONEY";"DEPOSIT";"SUCCESSFUL"
"2026-04-17 10:11:28.644";"c-pk-00000008";"rec-8";"2026-06-30 23:59:59.000";"c";"ds-c0023";"NULL";"c0023";"c0023-t5";"2026-04-17 10:11:28.644";"1,11";"NULL";"STAKE";"UNSUCCESSFUL"
"2026-02-02 20:09:13.128";"c-pk-00000009";"rec-9";"2026-06-30 23:59:59.000";"c";"ds-c0023";"NULL";"c0023";"c0023-t6";"2026-02-02 20:09:13.128";"2,74";"ELECTRONIC_MONEY";"DEPOSIT";"SUCCESSFUL"
"2026-03-22 15:57:42.126";"a-pk-00000003";"rec-3";"2026-06-30 23:59:59.000";"a";"ds-a0024";"NULL";"a0024";"a0024-t0";"2026-03-22 15:57:42.126";"13,64";"NULL";"STAKE";"UNSUCCESSFUL"
"2026-03-28 07:59:36.784";"a-pk-00000004";"rec-4";"2026-06-30 23:59:59.000";"a";"ds-a0024";"NULL";"a0024";"a0024-t1";"2026-03-28 07:59:36.784";"18,55";"CREDIT_CARD";"DEPOSIT";"SUCCESSFUL"
"2026-04-21 20:50:35.989";"a-pk-00000005";"rec-5";"2026-06-30 23:59:59.000";"a";"ds-a0024";"NULL";"a0024";"a0024-t2";"2026-04-21 20:50:35.989";"17,27";"NULL";"STAKE";"SUCCESSFUL"
"2026-01-10 02:07:05.348";"a-pk-00000006";"rec-6";"2026-06-30 23:59:59.000";"a";"ds-a0024";"NULL";"a0024";"a0024-t3";"2026-01-10 02:07:05.348";"15,07";"ELECTRONIC_MONEY";"DEPOSIT";"SUCCESSFUL"
"2026-02-28 10:24:36.754";"a-pk-00000007";"rec-7";"2026-06-30 23:59:59.000";"a";"ds-a0024";"NULL";"a0024";"a0024-t4";"2026-02-28 10:24:36.754";"1,03";"NULL";"STAKE";"SUCCESSFUL"
"2026-02-28 12:27:20.789";"a-pk-00000008";"rec-8";"2026-06-30 23:59:59.000";"a";"ds-a0024";"NULL";"a0024";"a0024-t5";"2026-02-28 12:27:20.789";"7,94";"NULL";"STAKE";"SUCCESSFUL"
"2026-02-04 12:00:34.872";"a-pk-00000009";"rec-9";"2026-06-30 23:59:59.000";"a";"ds-a0024";"NULL";"a0024";"a0024-t6";"2026-02-04 12:00:34.872";"9,75";"NULL";"STAKE";"SUCCESSFUL"
"2026-03-27 07:31:43.466";"a-pk-00000010";"rec-10";"2026-06-30 23:59:59.000";"a";"ds-a0024";"NULL";"a0024";"a0024-t7";"2026-03-27 07:31:43.466";"3,80";"NULL";"WINNING";"SUCCESSFUL"
"2026-01-14 21:32:59.748";"b-pk-00000003";"rec-3";"2026-06-30 23:59:59.000";"b";"ds-b0025";"NULL";"b0025";"b0025-t0";"2026-01-14 21:32:59.748";"3,59";"NULL";"STAKE";"UNSUCCESSFUL"
"2026-01-13 00:39:12.932";"b-pk-00000004";"rec-4";"2026-06-30 23:59:59.000";"b";"ds-b0025";"NULL";"b0025";"b0025-t1";"2026-01-13 00:39:12.932";"16,80";"NULL";"STAKE";"SUCCESSFUL"
"2026-03-08 23:42:58.843";"b-pk-00000005";"rec-5";"2026-06-30 23:59:59.000";"b";"ds-b0025";"NULL";"b0025";"b0025-t2";"2026-03-08 23:42:58.843";"19,98";"NULL";"WINNING";"SUCCESSFUL"
"2026-02-22 16:57:14.179";"b-pk-00000006";"rec-6";"2026-06-30 23:59:59.000";"b";"ds-b0025";"NULL";"b0025";"b0025-t3";"2026-02-22 16:57:14.179";"2,43";"NULL";"STAKE";"SUCCESSFUL"
"2026-01-14 15:24:10.382";"b-pk-00000007";"rec-7";"2026-06-30 23:59:59.000";"b";"ds-b0025";"NULL";"b0025";"b0025-t4";"2026-01-14 15:24:10.382";"19,42";"NULL";"STAKE";"SUCCESSFUL"
"2026-02-27 17:54:49.878";"b-pk-00000008";"rec-8";"2026-06-30 23:59:59.000";"b";"ds-b0025";"NULL";"b0025";"b0025-t5";"2026-02-27 17:54:49.878";"3,24";"NULL";"OTHER";"SUCCESSFUL"
"2026-03-07 00:47:40.582";"b-pk-00000009";"rec-9";"2026-06-30 23:59:59.000";"b";"ds-b0025";"NULL";"b0025";"b0025-t6";"2026-03-07 00:47:40.582";"8,48";"NULL";"STAKE";"SUCCESSFUL"
"2026-01-15 19:54:31.058";"b-pk-00000010";"rec-10";"2026-06-30 23:59:59.000";"b";"ds-b0025";"NULL";"b0025";"b0025-t7";"2026-01-15 19:54:31.058";"7,76";"NULL";"OTHER";"UNSUCCESSFUL"
"2026-03-04 00:22:56.739";"b-pk-00000011";"rec-11";"2026-06-30 23:59:59.000";"b";"ds-b0025";"NULL";"b0025";"b0025-t8";"2026-03-04 00:22:56.739";"4,54";"NULL";"STAKE";"SUCCESSFUL"
"2026-04-16 06:05:33.526";"b-pk-00000012";"rec-12";"2026-06-30 23:59:59.000";"b";"ds-b0025";"NULL";"b0025";"b0025-t9";"2026-04-16 06:05:33.526";"18,07";"OTHER";"DEPOSIT";"SUCCESSFUL"
"2026-01-05 21:16:14.481";"b-pk-00000013";"rec-13";"2026-06-30 23:59:59.000";"b";"ds-b0025";"NULL";"b0025";"b0025-t10";"2026-01-05 21:16:14.481";"8,51";"NULL";"OTHER";"SUCCESSFUL"
"2026-02-18 08:06:28.672";"b-pk-00000014";"rec-14";"2026-06-30 23:59:59.000";"b";"ds-b0025";"NULL";"b0025";"b0025-t11";"2026-02-18 08:06:28.672";"16,95";"NULL";"STAKE";"SUCCESSFUL"
"2026-01-02 19:09:11.438";"c-pk-00000003";"rec-3";"2026-06-30 23:59:59.000";"c";"ds-c0026";"NULL";"c0026";"c0026-t0";"2026-01-02 19:09:11.438";"11,08";"ELECTRONIC_MONEY";"DEPOSIT";"UNSUCCESSFUL"
"2026-03-20 09:22:56.106";"c-pk-00000004";"rec-4";"2026-06-30 23:59:59.000";"c";"ds-c0026";"NULL";"c0026";"c0026-t1";"2026-03-20 09:22:56.106";"6,15";"OTHER";"DEPOSIT";"SUCCESSFUL"
"2026-01-26 00:55:59.152";"c-pk-00000005";"rec-5";"2026-06-30 23:59:59.000";"c";"ds-c0026";"NULL";"c0026";"c0026-t2";"2026-01-26 00:55:59.152";"15,78";"NULL";"OTHER";"SUCCESSFUL"
"2026-04-15 23:50:50.999";"c-pk-00000006";"rec-6";"2026-06-30 23:59:59.000";"c";"ds-c0026";"NULL";"c0026";"c0026-t3";"2026-04-15 23:50:50.999";"10,09";"NULL";"STAKE";"SUCCESSFUL"
"2026-04-24 08:09:05.330";"c-pk-00000007";"rec-7";"2026-06-30 23:59:59.000";"c";"ds-c0026";"NULL";"c0026";"c0026-t4";"2026-04-24 08:09:05.330";"19,90";"ELECTRONIC_MONEY";"DEPOSIT";"UNSUCCESSFUL"
"2026-04-17 06:42:57.265";"a-pk-00000003";"rec-3";"2026-06-30 23:59:59.000";"a";"ds-a0027";"NULL";"a0027";"a0027-t0";"2026-04-17 06:42:57.265";"4,50";"NULL";"STAKE";"SUCCESSFUL"
"2026-04-11 09:10:12.357";"a-pk-00000004";"rec-4";"2026-06-30 23:59:59.000";"a";"ds-a0027";"NULL";"a0027";"a0027-t1";"2026-04-11 09:10:12.357";"18,90";"OTHER";"DEPOSIT";"UNSUCCESSFUL"
"2026-02-23 13:22:58.709";"a-pk-00000005";"rec-5";"2026-06-30 23:59:59.000";"a";"ds-a0027";"NULL";"a0027";"a0027-t2";"2026-02-23 13:22:58.709";"11,84";"NULL";"STAKE";"SUCCESSFUL"
"2026-02-03 23:42:37.631";"a-pk-00000006";"rec-6";"2026-06-30 23:59:59.000";"a";"ds-a0027";"NULL";"a0027";"a0027-t3";"2026-02-03 23:42:37.631";"3,75";"NULL";"STAKE";"SUCCESSFUL"
"2026-04-05 15:55:20.116";"a-pk-00000007";"rec-7";"2026-06-30 23:59:59.000";"a";"ds-a0027";"NULL";"a0027";"a0027-t4";"2026-04-05 15:55:20.116";"16,05";"OTHER";"DEPOSIT";"SUCCESSFUL"
"2026-01-15 04:40:28.654";"a-pk-00000008";"rec-8";"2026-06-30 23:59:59.000";"a";"ds-a0027";"NULL";"a0027";"a0027-t5";"2026-01-15 04:40:28.654";"19,42";"NULL";"STAKE";"SUCCESSFUL"
"2026-02-14 22:34:49.170";"a-pk-00000009";"rec-9";"2026-06-30 23:59:59.000";"a";"ds-a0027";"NULL";"a0027";"a0027-t6";"2026-02-14 22:34:49.170";"12,42";"ELECTRONIC_MONEY";"DEPOSIT";"SUCCESSFUL"
"2026-02-04 17:17:45.622";"b-pk-00000003";"rec-3";"2026-06-30 23:59:59.000";"b";"ds-b0028";"NULL";"b0028";"b0028-t0";"2026-02-04 17:17:45.622";"18,98";"NULL";"STAKE";"SUCCESSFUL"
"2026-04-22 13:20:52.327";"b-pk-00000004";"rec-4";"2026-06-30 23:59:59.000";"b";"ds-b0028";"NULL";"b0028";"b0028-t1";"2026-04-22 13:20:52.327";"4,76";"NULL";"STAKE";"SUCCESSFUL"
"2026-04-02 08:26:07.127";"b-pk-00000005";"rec-5";"2026-06-30 23:59:59.000";"b";"ds-b0028";"NULL";"b0028";"b0028-t2";"2026-04-02 08:26:07.127";"9,60";"NULL";"WINNING";"SUCCESSFUL"
"2026-02-19 00:18:01.659";"b-pk-00000006";"rec-6";"2026-06-30 23:59:59.000";"b";"ds-b0028";"NULL";"b0028";"b0028-t3";"2026-02-19 00:18:01.659";"15,88";"NULL";"STAKE";"SUCCESSFUL"
"2026-03-05 12:02:57.546";"b-pk-00000007";"rec-7";"2026-06-30 23:59:59.000";"b";"ds-b0028";"NULL";"b0028";"b0028-t4";"2026-03-05 12:02:57.546";"18,44";"NULL";"OTHER";"SUCCESSFUL"
"2026-01-03 15:06:53.821";"b-pk-00000008";"rec-8";"2026-06-30 23:59:59.000";"b";"ds-b0028";"NULL";"b0028";"b0028-t5";"2026-01-03 15:06:53.821";"8,89";"NULL";"STAKE";"SUCCESSFUL"
"2026-03-13 02:35:49.320";"b-pk-00000009";"rec-9";"2026-06-30 23:59:59.000";"b";"ds-b0028";"NULL";"b0028";"b0028-t6";"2026-03-13 02:35:49.320";"10,38";"NULL";"STAKE";"SUCCESSFUL"
"2026-04-16 20:58:07.863";"b-pk-00000010";"rec-10";"2026-06-30 23:59:59.000";"b";"ds-b0028";"NULL";"b0028";"b0028-t7";"2026-04-16 20:58:07.863";"8,10";"NULL";"STAKE";"SUCCESSFUL"
"2026-01-27 00:08:06.330";"b-pk-00000011";"rec-11";"2026-06-30 23:59:59.000";"b";"ds-b0028";"NULL";"b0028";"b0028-t8";"2026-01-27 00:08:06.330";"17,37";"OTHER";"DEPOSIT";"SUCCESSFUL"
"2026-02-24 11:52:57.550";"b-pk-00000012";"rec-12";"2026-06-30 23:59:59.000";"b";"ds-b0028";"NULL";"b0028";"b0028-t9";"2026-02-24 11:52:57.550";"19,80";"CREDIT_CARD";"DEPOSIT";"SUCCESSFUL"
"2026-01-04 01:19:04.270";"b-pk-00000013";"rec-13";"2026-06-30 23:59:59.000";"b";"ds-b0028";"NULL";"b0028";"b0028-t10";"2026-01-04 01:19:04.270";"7,26";"NULL";"WITHDRAWAL";"UNSUCCESSFUL"
"2026-03-26 16:42:49.574";"c-pk-00000003";"rec-3";"2026-06-30 23:59:59.000";"c";"ds-c0029";"NULL";"c0029";"c0029-t0";"2026-03-26 16:42:49.574";"3,95";"NULL";"STAKE";"SUCCESSFUL"
"2026-02-24 06:27:37.940";"c-pk-00000004";"rec-4";"2026-06-30 23:59:59.000";"c";"ds-c0029";"NULL";"c0029";"c0029-t1";"2026-02-24 06:27:37.940";"2,53";"NULL";"WINNING";"SUCCESSFUL"
"2026-03-08 21:40:24.432";"c-pk-00000005";"rec-5";"2026-06-30 23:59:59.000";"c";"ds-c0029";"NULL";"c0029";"c0029-t2";"2026-03-08 21:40:24.432";"8,58";"CREDIT_CARD";"DEPOSIT";"SUCCESSFUL"
"2026-03-06 18:27:43.896";"c-pk-00000006";"rec-6";"2026-06-30 23:59:59.000";"c";"ds-c0029";"NULL";"c0029";"c0029-t3";"2026-03-06 18:27:43.896";"7,13";"NULL";"OTHER";"SUCCESSFUL"
"2026-02-09 04:26:35.204";"c-pk-00000007";"rec-7";"2026-06-30 23:59:59.000";"c";"ds-c0029";"NULL";"c0029";"c0029-t4";"2026-02-09 04:26:35.204";"6,72";"NULL";"WINNING";"SUCCESSFUL"
"2026-03-12 17:18:55.669";"a-pk-00000003";"rec-3";"2026-06-30 23:59:59.000";"a";"ds-a0030";"NULL";"a0030";"a0030-t0";"2026-03-12 17:18:55.669";"5,64";"BANK_TRANSFER";"DEPOSIT";"SUCCESSFUL"
"2026-01-02 11:57:26.722";"a-pk-00000004";"rec-4";"2026-06-30 23:59:59.000";"a";"ds-a0030";"NULL";"a0030";"a0030-t1";"2026-01-02 11:57:26.722";"19,06";"NULL";"WINNING";"UNSUCCESSFUL"
"2026-02-05 16:14:19.759";"a-pk-00000005";"rec-5";"2026-06-30 23:59:59.000";"a";"ds-a0030";"NULL";"a0030";"a0030-t2";"2026-02-05 16:14:19.759";"11,51";"NULL";"STAKE";"SUCCESSFUL"
"2026-02-02 07:44:28.665";"a-pk-00000006";"rec-6";"2026-06-30 23:59:59.000";"a";"ds-a0030";"NULL";"a0030";"a0030-t3";"2026-02-02 07:44:28.665";"15,52";"NULL";"STAKE";"SUCCESSFUL"
"2026-01-09 08:37:24.307";"a-pk-00000007";"rec-7";"2026-06-30 23:59:59.000";"a";"ds-a0030";"NULL";"a0030";"a0030-t4";"2026-01-09 08:37:24.307";"16,72";"CREDIT_CARD";"DEPOSIT";"SUCCESSFUL"
"2026-04-16 00:55:24.393";"a-pk-00000008";"rec-8";"2026-06-30 23:59:59.000";"a";"ds-a0030";"NULL";"a0030";"a0030-t5";"2026-04-16 00:55:24.393";"9,44";"NULL";"STAKE";"SUCCESSFUL"
"2026-02-22 13:34:03.676";"a-pk-00000009";"rec-9";"2026-06-30 23:59:59.000";"a";"ds-a0030";"NULL";"a0030";"a0030-t6";"2026-02-22 13:34:03.676";"6,80";"BANK_TRANSFER";"DEPOSIT";"SUCCESSFUL"
"2026-03-27 08:51:48.605";"a-pk-00000010";"rec-10";"2026-06-30 23:59:59.000";"a";"ds-a0030";"NULL";"a0030";"a0030-t7";"2026-03-27 08:51:48.605";"5,11";"NULL";"OTHER";"SUCCESSFUL"
"2026-04-28 13:50:46.950";"a-pk-00000011";"rec-11";"2026-06-30 23:59:59.000";"a";"ds-a0030";"NULL";"a0030";"a0030-t8";"2026-04-28 13:50:46.950";"14,97";"NULL";"STAKE";"SUCCESSFUL"
"2026-04-24 21:18:54.960";"a-pk-00000012";"rec-12";"2026-06-30 23:59:59.000";"a";"ds-a0030";"NULL";"a0030";"a0030-t9";"2026-04-24 21:18:54.960";"11,16";"NULL";"WINNING";"UNSUCCESSFUL"
"2026-03-06 12:29:47.946";"a-pk-00000013";"rec-13";"2026-06-30 23:59:59.000";"a";"ds-a0030";"NULL";"a0030";"a0030-t10";"2026-03-06 12:29:47.946";"5,53";"NULL";"STAKE";"SUCCESSFUL"
"2026-03-09 15:28:14.906";"b-pk-00000003";"rec-3";"2026-06-30 23:59:59.000";"b";"ds-b0031";"NULL";"b0031";"b0031-t0";"2026-03-09 15:28:14.906";"4,22";"BANK_TRANSFER";"DEPOSIT";"SUCCESSFUL"
"2026-03-05 03:13:35.858";"b-pk-00000004";"rec-4";"2026-06-30 23:59:59.000";"b";"ds-b0031";"NULL";"b0031";"b0031-t1";"2026-03-05 03:13:35.858";"10,67";"NULL";"OTHER";"SUCCESSFUL"
"2026-01-18 17:51:12.006";"b-pk-00000005";"rec-5";"2026-06-30 23:59:59.000";"b";"ds-b0031";"NULL";"b0031";"b0031-t2";"2026-01-18 17:51:12.006";"10,28";"CREDIT_CARD";"DEPOSIT";"SUCCESSFUL"
"2026-04-24 14:33:08.850";"b-pk-00000006";"rec-6";"2026-06-30 23:59:59.000";"b";"ds-b0031";"NULL";"b0031";"b0031-t3";"2026-04-24 14:33:08.850";"9,62";"CREDIT_CARD";"DEPOSIT";"SUCCESSFUL"
"2026-04-16 08:05:55.140";"b-pk-00000007";"rec-7";"2026-06-30 23:59:59.000";"b";"ds-b0031";"NULL";"b0031";"b0031-t4";"2026-04-16 08:05:55.140";"19,87";"NULL";"STAKE";"SUCCESSFUL"
"2026-01-24 07:46:04.334";"b-pk-00000008";"rec-8";"2026-06-30 23:59:59.000";"b";"ds-b0031";"NULL";"b0031";"b0031-t5";"2026-01-24 07:46:04.334";"3,98";"NULL";"OTHER";"SUCCESSFUL"
"2026-01-23 22:20:57.946";"b-pk-00000009";"rec-9";"2026-06-30 23:59:59.000";"b";"ds-b0031";"NULL";"b0031";"b0031-t6";"2026-01-23 22:20:57.946";"1,73";"NULL";"STAKE";"SUCCESSFUL"
"2026-03-07 17:42:53.898";"b-pk-00000010";"rec-10";"2026-06-30 23:59:59.000";"b";"ds-b0031";"NULL";"b0031";"b0031-t7";"2026-03-07 17:42:53.898";"12,90";"NULL";"OTHER";"SUCCESSFUL"
"2026-04-28 07:43:12.271";"b-pk-00000011";"rec-11";"2026-06-30 23:59:59.000";"b";"ds-b0031";"NULL";"b0031";"b0031-t8";"2026-04-28 07:43:12.271";"9,93";"OTHER";"DEPOSIT";"SUCCESSFUL"
"2026-04-05 00:10:33.766";"c-pk-00000003";"rec-3";"2026-06-30 23:59:59.000";"c";"ds-c0032";"NULL";"c0032";"c0032-t0";"2026-04-05 00:10:33.766";"3,31";"NULL";"WINNING";"SUCCESSFUL"
"2026-01-02 13:31:10.641";"c-pk-00000004";"rec-4";"2026-06-30 23:59:59.000";"c";"ds-c0032";"NULL";"c0032";"c0032-t1";"2026-01-02 13:31:10.641";"16,26";"NULL";"STAKE";"UNSUCCESSFUL"
"2026-04-13 00:18:07.445";"c-pk-00000005";"rec-5";"2026-06-30 23:59:59.000";"c";"ds-c0032";"NULL";"c0032";"c0032-t2";"2026-04-13 00:18:07.445";"19,92";"BANK_TRANSFER";"DEPOSIT";"SUCCESSFUL"
"2026-03-19 20:10:09.297";"c-pk-00000006";"rec-6";"2026-06-30 23:59:59.000";"c";"ds-c0032";"NULL";"c0032";"c0032-t3";"2026-03-19 20:10:09.297";"10,94";"NULL";"STAKE";"SUCCESSFUL"
"2026-03-17 19:16:30.473";"c-pk-00000007";"rec-7";"2026-06-30 23:59:59.000";"c";"ds-c0032";"NULL";"c0032";"c0032-t4";"2026-03-17 19:16:30.473";"5,00";"NULL";"WINNING";"SUCCESSFUL"
"2026-02-06 16:45:53.485";"c-pk-00000008";"rec-8";"2026-06-30 23:59:59.000";"c";"ds-c0032";"NULL";"c0032";"c0032-t5";"2026-02-06 16:45:53.485";"1,19";"NULL";"OTHER";"UNSUCCESSFUL"
"2026-04-03 00:19:44.192";"c-pk-00000009";"rec-9";"2026-06-30 23:59:59.000";"c";"ds-c0032";"NULL";"c0032";"c0032-t6";"2026-04-03 00:19:44.192";"4,79";"CREDIT_CARD";"DEPOSIT";"UNSUCCESSFUL"
"2026-01-20 14:38:10.068";"c-pk-00000010";"rec-10";"2026-06-30 23:59:59.000";"c";"ds-c0032";"NULL";"c0032";"c0032-t7";"2026-01-20 14:38:10.068";"7,66";"NULL";"STAKE";"SUCCESSFUL"
"2026-01-07 08:18:52.933";"c-pk-00000011";"rec-11";"2026-06-30 23:59:59.000";"c";"ds-c0032";"NULL";"c0032";"c0032-t8";"2026-01-07 08:18:52.933";"17,49";"NULL";"STAKE";"SUCCESSFUL"
"2026-04-09 17:34:41.675";"c-pk-00000012";"rec-12";"2026-06-30 23:59:59.000";"c";"ds-c0032";"NULL";"c0032";"c0032-t9";"2026-04-09 17:34:41.675";"4,85";"NULL";"STAKE";"SUCCESSFUL"
"2026-03-23 03:40:22.890";"a-pk-00000003";"rec-3";"2026-06-30 23:59:59.000";"a";"ds-a0033";"NULL";"a0033";"a0033-t0";"2026-03-23 03:40:22.890";"18,12";"NULL";"WITHDRAWAL";"SUCCESSFUL"
"2026-03-11 20:57:06.191";"a-pk-00000004";"rec-4";"2026-06-30 23:59:59.000";"a";"ds-a0033";"NULL";"a0033";"a0033-t1";"2026-03-11 20:57:06.191";"18,35";"NULL";"STAKE";"SUCCESSFUL"
"2026-02-25 00:28:51.631";"a-pk-00000005";"rec-5";"2026-06-30 23:59:59.000";"a";"ds-a0033";"NULL";"a0033";"a0033-t2";"2026-02-25 00:28:51.631";"9,67";"OTHER";"DEPOSIT";"UNSUCCESSFUL"
"2026-02-09 23:23:38.345";"a-pk-00000006";"rec-6";"2026-06-30 23:59:59.000";"a";"ds-a0033";"NULL";"a0033";"a0033-t3";"2026-02-09 23:23:38.345";"10,17";"NULL";"STAKE";"UNSUCCESSFUL"
"2026-02-25 16:06:26.436";"a-pk-00000007";"rec-7";"2026-06-30 23:59:59.000";"a";"ds-a0033";"NULL";"a0033";"a0033-t4";"2026-02-25 16:06:26.436";"15,71";"NULL";"STAKE";"UNSUCCESSFUL"
"2026-02-17 05:59:19.907";"a-pk-00000008";"rec-8";"2026-06-30 23:59:59.000";"a";"ds-a0033";"NULL";"a0033";"a0033-t5";"2026-02-17 05:59:19.907";"12,34";"NULL";"STAKE";"SUCCESSFUL"
"2026-02-05 21:21:50.982";"a-pk-00000009";"rec-9";"2026-06-30 23:59:59.000";"a";"ds-a0033";"NULL";"a0033";"a0033-t6";"2026-02-05 21:21:50.982";"2,02";"NULL";"OTHER";"SUCCESSFUL"
"2026-02-26 11:29:25.169";"a-pk-00000010";"rec-10";"2026-06-30 23:59:59.000";"a";"ds-a0033";"NULL";"a0033";"a0033-t7";"2026-02-26 11:29:25.169";"9,75";"NULL";"STAKE";"SUCCESSFUL"
"2026-04-17 20:07:51.618";"b-pk-00000003";"rec-3";"2026-06-30 23:59:59.000";"b";"ds-b0034";"NULL";"b0034";"b0034-t0";"2026-04-17 20:07:51.618";"16,92";"NULL";"WINNING";"SUCCESSFUL"
"2026-01-01 23:02:43.693";"b-pk-00000004";"rec-4";"2026-06-30 23:59:59.000";"b";"ds-b0034";"NULL";"b0034";"b0034-t1";"2026-01-01 23:02:43.693";"8,72";"OTHER";"DEPOSIT";"UNSUCCESSFUL"
"2026-04-09 22:34:07.732";"b-pk-00000005";"rec-5";"2026-06-30 23:59:59.000";"b";"ds-b0034";"NULL";"b0034";"b0034-t2";"2026-04-09 22:34:07.732";"15,76";"CREDIT_CARD";"DEPOSIT";"UNSUCCESSFUL"
"2026-01-10 12:53:52.742";"b-pk-00000006";"rec-6";"2026-06-30 23:59:59.000";"b";"ds-b0034";"NULL";"b0034";"b0034-t3";"2026-01-10 12:53:52.742";"15,61";"NULL";"STAKE";"SUCCESSFUL"
"2026-04-14 03:06:09.867";"b-pk-00000007";"rec-7";"2026-06-30 23:59:59.000";"b";"ds-b0034";"NULL";"b0034";"b0034-t4";"2026-04-14 03:06:09.867";"5,99";"NULL";"STAKE";"SUCCESSFUL"
"2026-03-14 21:21:09.934";"b-pk-00000008";"rec-8";"2026-06-30 23:59:59.000";"b";"ds-b0034";"NULL";"b0034";"b0034-t5";"2026-03-14 21:21:09.934";"5,62";"NULL";"WINNING";"UNSUCCESSFUL"
"2026-04-08 08:38:37.384";"c-pk-00000003";"rec-3";"2026-06-30 23:59:59.000";"c";"ds-c0035";"NULL";"c0035";"c0035-t0";"2026-04-08 08:38:37.384";"2,13";"NULL";"WINNING";"SUCCESSFUL"
"2026-03-18 11:28:59.291";"c-pk-00000004";"rec-4";"2026-06-30 23:59:59.000";"c";"ds-c0035";"NULL";"c0035";"c0035-t1";"2026-03-18 11:28:59.291";"3,11";"NULL";"WINNING";"SUCCESSFUL"
"2026-01-11 23:26:52.155";"c-pk-00000005";"rec-5";"2026-06-30 23:59:59.000";"c";"ds-c0035";"NULL";"c0035";"c0035-t2";"2026-01-11 23:26:52.155";"17,61";"NULL";"WITHDRAWAL";"SUCCESSFUL"
"2026-01-15 07:20:36.559";"c-pk-00000006";"rec-6";"2026-06-30 23:59:59.000";"c";"ds-c0035";"NULL";"c0035";"c0035-t3";"2026-01-15 07:20:36.559";"15,49";"NULL";"STAKE";"SUCCESSFUL"
"2026-03-23 00:08:49.788";"c-pk-00000007";"rec-7";"2026-06-30 23:59:59.000";"c";"ds-c0035";"NULL";"c0035";"c0035-t4";"2026-03-23 00:08:49.788";"2,29";"NULL";"STAKE";"SUCCESSFUL"
"2026-03-25 14:47:56.219";"c-pk-00000008";"rec-8";"2026-06-30 23:59:59.000";"c";"ds-c0035";"NULL";"c0035";"c0035-t5";"2026-03-25 14:47:56.219";"4,50";"NULL";"OTHER";"UNSUCCESSFUL"
"2026-03-11 06:43:45.265";"c-pk-00000009";"rec-9";"2026-06-30 23:59:59.000";"c";"ds-c0035";"NULL";"c0035";"c0035-t6";"2026-03-11 06:43:45.265";"5,85";"CREDIT_CARD";"DEPOSIT";"SUCCESSFUL"
"2026-04-14 12:51:31.817";"c-pk-00000010";"rec-10";"2026-06-30 23:59:59.000";"c";"ds-c0035";"NULL";"c0035";"c0035-t7";"2026-04-14 12:51:31.817";"1,91";"CREDIT_CARD";"DEPOSIT";"SUCCESSFUL"
"2026-01-08 14:53:07.123";"a-pk-00000003";"rec-3";"2026-06-30 23:59:59.000";"a";"ds-a0036";"NULL";"a0036";"a0036-t0";"2026-01-08 14:53:07.123";"11,46";"NULL";"STAKE";"SUCCESSFUL"
"2026-03-10 14:27:35.962";"a-pk-00000004";"rec-4";"2026-06-30 23:59:59.000";"a";"ds-a0036";"NULL";"a0036";"a0036-t1";"2026-03-10 14:27:35.962";"2,58";"ELECTRONIC_MONEY";"DEPOSIT";"UNSUCCESSFUL"
"2026-02-05 21:14:49.017";"a-pk-00000005";"rec-5";"2026-06-30 23:59:59.000";"a";"ds-a0036";"NULL";"a0036";"a0036-t2";"2026-02-05 21:14:49.017";"4,77";"NULL";"WITHDRAWAL";"SUCCESSFUL"
"2026-02-19 16:33:03.819";"a-pk-00000006";"rec-6";"2026-06-30 23:59:59.000";"a";"ds-a0036";"NULL";"a0036";"a0036-t3";"2026-02-19 16:33:03.819";"11,13";"NULL";"STAKE";"SUCCESSFUL"
"2026-02-12 05:06:43.169";"a-pk-00000007";"rec-7";"2026-06-30 23:59:59.000";"a";"ds-a0036";"NULL";"a0036";"a0036-t4";"2026-02-12 05:06:43.169";"13,06";"NULL";"WINNING";"SUCCESSFUL"
"2026-02-18 19:27:54.207";"a-pk-00000008";"rec-8";"2026-06-30 23:59:59.000";"a";"ds-a0036";"NULL";"a0036";"a0036-t5";"2026-02-18 19:27:54.207";"6,29";"NULL";"WITHDRAWAL";"UNSUCCESSFUL"
"2026-04-16 14:20:08.738";"a-pk-00000009";"rec-9";"2026-06-30 23:59:59.000";"a";"ds-a0036";"NULL";"a0036";"a0036-t6";"2026-04-16 14:20:08.738";"18,82";"NULL";"STAKE";"SUCCESSFUL"
"2026-03-07 23:39:38.982";"a-pk-00000010";"rec-10";"2026-06-30 23:59:59.000";"a";"ds-a0036";"NULL";"a0036";"a0036-t7";"2026-03-07 23:39:38.982";"2,27";"OTHER";"DEPOSIT";"SUCCESSFUL"
"2026-04-13 22:30:08.867";"b-pk-00000003";"rec-3";"2026-06-30 23:59:59.000";"b";"ds-b0037";"NULL";"b0037";"b0037-t0";"2026-04-13 22:30:08.867";"7,52";"NULL";"WINNING";"SUCCESSFUL"
"2026-02-23 13:56:16.511";"b-pk-00000004";"rec-4";"2026-06-30 23:59:59.000";"b";"ds-b0037";"NULL";"b0037";"b0037-t1";"2026-02-23 13:56:16.511";"2,72";"NULL";"STAKE";"SUCCESSFUL"
"2026-02-12 20:40:05.347";"b-pk-00000005";"rec-5";"2026-06-30 23:59:59.000";"b";"ds-b0037";"NULL";"b0037";"b0037-t2";"2026-02-12 20:40:05.347";"9,58";"NULL";"STAKE";"SUCCESSFUL"
"2026-01-20 01:35:03.699";"b-pk-00000006";"rec-6";"2026-06-30 23:59:59.000";"b";"ds-b0037";"NULL";"b0037";"b0037-t3";"2026-01-20 01:35:03.699";"8,09";"NULL";"STAKE";"SUCCESSFUL"
"2026-01-01 10:24:19.028";"b-pk-00000007";"rec-7";"2026-06-30 23:59:59.000";"b";"ds-b0037";"NULL";"b0037";"b0037-t4";"2026-01-01 10:24:19.028";"16,20";"BANK_TRANSFER";"DEPOSIT";"SUCCESSFUL"
"2026-02-21 19:31:11.548";"b-pk-00000008";"rec-8";"2026-06-30 23:59:59.000";"b";"ds-b0037";"NULL";"b0037";"b0037-t5";"2026-02-21 19:31:11.548";"5,15";"NULL";"OTHER";"SUCCESSFUL"
"2026-02-20 11:36:11.912";"b-pk-00000009";"rec-9";"2026-06-30 23:59:59.000";"b";"ds-b0037";"NULL";"b0037";"b0037-t6";"2026-02-20 11:36:11.912";"9,37";"ELECTRONIC_MONEY";"DEPOSIT";"SUCCESSFUL"
"2026-04-01 19:02:59.550";"b-pk-00000010";"rec-10";"2026-06-30 23:59:59.000";"b";"ds-b0037";"NULL";"b0037";"b0037-t7";"2026-04-01 19:02:59.550";"17,88";"NULL";"WINNING";"SUCCESSFUL"
"2026-03-10 03:22:43.184";"b-pk-00000011";"rec-11";"2026-06-30 23:59:59.000";"b";"ds-b0037";"NULL";"b0037";"b0037-t8";"2026-03-10 03:22:43.184";"12,21";"NULL";"WINNING";"SUCCESSFUL"
"2026-04-07 19:09:39.942";"b-pk-00000012";"rec-12";"2026-06-30 23:59:59.000";"b";"ds-b0037";"NULL";"b0037";"b0037-t9";"2026-04-07 19:09:39.942";"7,41";"NULL";"WITHDRAWAL";"UNSUCCESSFUL"
"2026-03-18 05:09:35.987";"c-pk-00000003";"rec-3";"2026-06-30 23:59:59.000";"c";"ds-c0038";"NULL";"c0038";"c0038-t0";"2026-03-18 05:09:35.987";"7,03";"NULL";"STAKE";"SUCCESSFUL"
"2026-04-17 17:01:39.737";"c-pk-00000004";"rec-4";"2026-06-30 23:59:59.000";"c";"ds-c0038";"NULL";"c0038";"c0038-t1";"2026-04-17 17:01:39.737";"4,23";"NULL";"WINNING";"SUCCESSFUL"
"2026-02-04 21:14:00.390";"c-pk-00000005";"rec-5";"2026-06-30 23:59:59.000";"c";"ds-c0038";"NULL";"c0038";"c0038-t2";"2026-02-04 21:14:00.390";"1,06";"NULL";"STAKE";"SUCCESSFUL"
"2026-01-28 07:48:40.036";"c-pk-00000006";"rec-6";"2026-06-30 23:59:59.000";"c";"ds-c0038";"NULL";"c0038";"c0038-t3";"2026-01-28 07:48:40.036";"11,71";"NULL";"WINNING";"SUCCESSFUL"
"2026-04-19 20:24:18.702";"c-pk-00000007";"rec-7";"2026-06-30 23:59:59.000";"c";"ds-c0038";"NULL";"c0038";"c0038-t4";"2026-04-19 20:24:18.702";"12,70";"OTHER";"DEPOSIT";"SUCCESSFUL"
"2026-03-12 20:29:30.941";"c-pk-00000008";"rec-8";"2026-06-30 23:59:59.000";"c";"ds-c0038";"NULL";"c0038";"c0038-t5";"2026-03-12 20:29:30.941";"18,07";"NULL";"WINNING";"UNSUCCESSFUL"
"2026-03-08 04:18:40.748";"c-pk-00000009";"rec-9";"2026-06-30 23:59:59.000";"c";"ds-c0038";"NULL";"c0038";"c0038-t6";"2026-03-08 04:18:40.748";"4,31";"NULL";"STAKE";"UNSUCCESSFUL"
"2026-02-12 23:01:27.824";"c-pk-00000010";"rec-10";"2026-06-30 23:59:59.000";"c";"ds-c0038";"NULL";"c0038";"c0038-t7";"2026-02-12 23:01:27.824";"6,70";"NULL";"OTHER";"SUCCESSFUL"
"2026-04-10 23:43:37.885";"a-pk-00000003";"rec-3";"2026-06-30 23:59:59.000";"a";"ds-a0039";"NULL";"a0039";"a0039-t0";"2026-04-10 23:43:37.885";"17,36";"NULL";"WINNING";"UNSUCCESSFUL"
"2026-01-03 05:12:16.147";"a-pk-00000004";"rec-4";"2026-06-30 23:59:59.000";"a";"ds-a0039";"NULL";"a0039";"a0039-t1";"2026-01-03 05:12:16.147";"17,69";"ELECTRONIC_MONEY";"DEPOSIT";"SUCCESSFUL"
"2026-01-07 05:54:20.774";"a-pk-00000005";"rec-5";"2026-06-30 23:59:59.000";"a";"ds-a0039";"NULL";"a0039";"a0039-t2";"2026-01-07 05:54:20.774";"19,85";"NULL";"WINNING";"SUCCESSFUL"
"2026-03-20 13:32:40.292";"a-pk-00000006";"rec-6";"2026-06-30 23:59:59.000";"a";"ds-a0039";"NULL";"a0039";"a0039-t3";"2026-03-20 13:32:40.292";"5,15";"NULL";"STAKE";"SUCCESSFUL"
"2026-02-17 00:41:56.991";"a-pk-00000007";"rec-7";"2026-06-30 23:59:59.000";"a";"ds-a0039";"NULL";"a0039";"a0039-t4";"2026-02-17 00:41:56.991";"13,99";"NULL";"WITHDRAWAL";"SUCCESSFUL"
"2026-01-02 02:31:22.924";"a-pk-00000008";"rec-8";"2026-06-30 23:59:59.000";"a";"ds-a0039";"NULL";"a0039";"a0039-t5";"2026-01-02 02:31:22.924";"14,93";"NULL";"WINNING";"UNSUCCESSFUL"
"2026-04-01 23:43:05.326";"a-pk-00000009";"rec-9";"2026-06-30 23:59:59.000";"a";"ds-a0039";"NULL";"a0039";"a0039-t6";"2026-04-01 23:43:05.326";"12,17";"BANK_TRANSFER";"DEPOSIT";"SUCCESSFUL"
"2026-03-15 11:47:51.491";"a-pk-00000010";"rec-10";"2026-06-30 23:59:59.000";"a";"ds-a0039";"NULL";"a0039";"a0039-t7";"2026-03-15 11:47:51.491";"8,04";"NULL";"STAKE";"SUCCESSFUL"
"2026-03-18 23:12:14.601";"a-pk-00000011";"rec-11";"2026-06-30 23:59:59.000";"a";"ds-a0039";"NULL";"a0039";"a0039-t8";"2026-03-18 23:12:14.601";"4,24";"NULL";"WINNING";"SUCCESSFUL"
"2026-04-11 12:29:55.920";"a-pk-00000012";"rec-12";"2026-06-30 23:59:59.000";"a";"ds-a0039";"NULL";"a0039";"a0039-t9";"2026-04-11 12:29:55.920";"9,82";"NULL";"STAKE";"SUCCESSFUL"
"2026-03-16 00:42:45.713";"b-pk-00000003";"rec-3";"2026-06-30 23:59:59.000";"b";"ds-b0040";"NULL";"b0040";"b0040-t0";"2026-03-16 00:42:45.713";"8,88";"NULL";"STAKE";"SUCCESSFUL"
"2026-01-07 07:37:31.007";"b-pk-00000004";"rec-4";"2026-06-30 23:59:59.000";"b";"ds-b0040";"NULL";"b0040";"b0040-t1";"2026-01-07 07:37:31.007";"7,64";"CREDIT_CARD";"DEPOSIT";"SUCCESSFUL"
"2026-02-13 06:09:34.007";"b-pk-00000005";"rec-5";"2026-06-30 23:59:59.000";"b";"ds-b0040";"NULL";"b0040";"b0040-t2";"2026-02-13 06:09:34.007";"18,39";"NULL";"STAKE";"SUCCESSFUL"
"2026-03-17 12:10:53.206";"b-pk-00000006";"rec-6";"2026-06-30 23:59:59.000";"b";"ds-b0040";"NULL";"b0040";"b0040-t3";"2026-03-17 12:10:53.206";"15,33";"BANK_TRANSFER";"DEPOSIT";"SUCCESSFUL"
"2026-03-13 03:41:18.462";"b-pk-00000007";"rec-7";"2026-06-30 23:59:59.000";"b";"ds-b0040";"NULL";"b0040";"b0040-t4";"2026-03-13 03:41:18.462";"1,55";"OTHER";"DEPOSIT";"SUCCESSFUL"
"2026-01-13 03:47:59.895";"b-pk-00000008";"rec-8";"2026-06-30 23:59:59.000";"b";"ds-b0040";"NULL";"b0040";"b0040-t5";"2026-01-13 03:47:59.895";"4,91";"BANK_TRANSFER";"DEPOSIT";"SUCCESSFUL"
"2026-01-23 16:31:11.923";"c-pk-00000003";"rec-3";"2026-06-30 23:59:59.000";"c";"ds-c0041";"NULL";"c0041";"c0041-t0";"2026-01-23 16:31:11.923";"9,58";"ELECTRONIC_MONEY";"DEPOSIT";"SUCCESSFUL"
"2026-03-14 03:43:09.991";"c-pk-00000004";"rec-4";"2026-06-30 23:59:59.000";"c";"ds-c0041";"NULL";"c0041";"c0041-t1";"2026-03-14 03:43:09.991";"16,91";"NULL";"STAKE";"SUCCESSFUL"
"2026-02-01 12:49:47.826";"c-pk-00000005";"rec-5";"2026-06-30 23:59:59.000";"c";"ds-c0041";"NULL";"c0041";"c0041-t2";"2026-02-01 12:49:47.826";"13,42";"NULL";"STAKE";"SUCCESSFUL"
"2026-01-10 05:14:21.886";"c-pk-00000006";"rec-6";"2026-06-30 23:59:59.000";"c";"ds-c0041";"NULL";"c0041";"c0041-t3";"2026-01-10 05:14:21.886";"13,98";"NULL";"WINNING";"UNSUCCESSFUL"
"2026-04-26 22:58:07.103";"c-pk-00000007";"rec-7";"2026-06-30 23:59:59.000";"c";"ds-c0041";"NULL";"c0041";"c0041-t4";"2026-04-26 22:58:07.103";"4,12";"ELECTRONIC_MONEY";"DEPOSIT";"SUCCESSFUL"
"2026-03-26 22:27:01.725";"c-pk-00000008";"rec-8";"2026-06-30 23:59:59.000";"c";"ds-c0041";"NULL";"c0041";"c0041-t5";"2026-03-26 22:27:01.725";"10,98";"NULL";"STAKE";"SUCCESSFUL"
"2026-01-14 15:02:17.446";"c-pk-00000009";"rec-9";"2026-06-30 23:59:59.000";"c";"ds-c0041";"NULL";"c0041";"c0041-t6";"2026-01-14 15:02:17.446";"11,59";"NULL";"STAKE";"UNSUCCESSFUL"
"2026-01-09 21:22:30.410";"c-pk-00000010";"rec-10";"2026-06-30 23:59:59.000";"c";"ds-c0041";"NULL";"c0041";"c0041-t7";"2026-01-09 21:22:30.410";"10,64";"ELECTRONIC_MONEY";"DEPOSIT";"SUCCESSFUL"
"2026-02-03 18:11:42.201";"c-pk-00000011";"rec-11";"2026-06-30 23:59:59.000";"c";"ds-c0041";"NULL";"c0041";"c0041-t8";"2026-02-03 18:11:42.201";"9,48";"BANK_TRANSFER";"DEPOSIT";"SUCCESSFUL"
"2026-02-19 13:07:35.040";"c-pk-00000012";"rec-12";"2026-06-30 23:59:59.000";"c";"ds-c0041";"NULL";"c0041";"c0041-t9";"2026-02-19 13:07:35.040";"5,41";"NULL";"STAKE";"SUCCESSFUL"
"2026-04-01 11:03:32.807";"c-pk-00000013";"rec-13";"2026-06-30 23:59:59.000";"c";"ds-c0041";"NULL";"c0041";"c0041-t10";"2026-04-01 11:03:32.807";"1,23";"NULL";"STAKE";"SUCCESSFUL"
"2026-01-10 04:20:58.249";"c-pk-00000014";"rec-14";"2026-06-30 23:59:59.000";"c";"ds-c0041";"NULL";"c0041";"c0041-t11";"2026-01-10 04:20:58.249";"17,35";"NULL";"STAKE";"SUCCESSFUL"
"2026-02-12 04:45:04.615";"a-pk-00000003";"rec-3";"2026-06-30 23:59:59.000";"a";"ds-a0042";"NULL";"a0042";"a0042-t0";"2026-02-12 04:45:04.615";"16,90";"NULL";"STAKE";"UNSUCCESSFUL"
"2026-04-07 06:20:22.414";"a-pk-00000004";"rec-4";"2026-06-30 23:59:59.000";"a";"ds-a0042";"NULL";"a0042";"a0042-t1";"2026-04-07 06:20:22.414";"6,21";"BANK_TRANSFER";"DEPOSIT";"SUCCESSFUL"
"2026-04-01 21:59:36.249";"a-pk-00000005";"rec-5";"2026-06-30 23:59:59.000";"a";"ds-a0042";"NULL";"a0042";"a0042-t2";"2026-04-01 21:59:36.249";"13,26";"NULL";"STAKE";"SUCCESSFUL"
"2026-01-13 18:22:23.390";"a-pk-00000006";"rec-6";"2026-06-30 23:59:59.000";"a";"ds-a0042";"NULL";"a0042";"a0042-t3";"2026-01-13 18:22:23.390";"1,39";"NULL";"STAKE";"UNSUCCESSFUL"
"2026-04-03 13:16:22.234";"a-pk-00000007";"rec-7";"2026-06-30 23:59:59.000";"a";"ds-a0042";"NULL";"a0042";"a0042-t4";"2026-04-03 13:16:22.234";"6,11";"NULL";"WINNING";"SUCCESSFUL"
"2026-02-08 18:41:33.613";"a-pk-00000008";"rec-8";"2026-06-30 23:59:59.000";"a";"ds-a0042";"NULL";"a0042";"a0042-t5";"2026-02-08 18:41:33.613";"11,09";"NULL";"STAKE";"SUCCESSFUL"
"2026-04-12 01:48:14.092";"a-pk-00000009";"rec-9";"2026-06-30 23:59:59.000";"a";"ds-a0042";"NULL";"a0042";"a0042-t6";"2026-04-12 01:48:14.092";"14,43";"NULL";"WITHDRAWAL";"SUCCESSFUL"
"2026-01-09 02:33:59.261";"a-pk-00000010";"rec-10";"2026-06-30 23:59:59.000";"a";"ds-a0042";"NULL";"a0042";"a0042-t7";"2026-01-09 02:33:59.261";"9,61";"BANK_TRANSFER";"DEPOSIT";"SUCCESSFUL"
"2026-03-28 05:14:26.319";"a-pk-00000011";"rec-11";"2026-06-30 23:59:59.000";"a";"ds-a0042";"NULL";"a0042";"a0042-t8";"2026-03-28 05:14:26.319";"4,17";"NULL";"WITHDRAWAL";"SUCCESSFUL"
"2026-01-20 01:36:41.801";"a-pk-00000012";"rec-12";"2026-06-30 23:59:59.000";"a";"ds-a0042";"NULL";"a0042";"a0042-t9";"2026-01-20 01:36:41.801";"15,90";"ELECTRONIC_MONEY";"DEPOSIT";"SUCCESSFUL"
"2026-04-06 07:01:51.984";"a-pk-00000013";"rec-13";"2026-06-30 23:59:59.000";"a";"ds-a0042";"NULL";"a0042";"a0042-t10";"2026-04-06 07:01:51.984";"4,71";"NULL";"STAKE";"SUCCESSFUL"
"2026-01-16 19:14:44.290";"b-pk-00000003";"rec-3";"2026-06-30 23:59:59.000";"b";"ds-b0043";"NULL";"b0043";"b0043-t0";"2026-01-16 19:14:44.290";"1,61";"BANK_TRANSFER";"DEPOSIT";"SUCCESSFUL"
"2026-04-12 16:19:18.669";"b-pk-00000004";"rec-4";"2026-06-30 23:59:59.000";"b";"ds-b0043";"NULL";"b0043";"b0043-t1";"2026-04-12 16:19:18.669";"14,41";"NULL";"WINNING";"UNSUCCESSFUL"
"2026-02-26 09:42:20.215";"b-pk-00000005";"rec-5";"2026-06-30 23:59:59.000";"b";"ds-b0043";"NULL";"b0043";"b0043-t2";"2026-02-26 09:42:20.215";"5,57";"NULL";"STAKE";"SUCCESSFUL"
"2026-01-03 01:37:56.120";"b-pk-00000006";"rec-6";"2026-06-30 23:59:59.000";"b";"ds-b0043";"NULL";"b0043";"b0043-t3";"2026-01-03 01:37:56.120";"3,81";"NULL";"WINNING";"UNSUCCESSFUL"
"2026-01-10 10:44:20.593";"b-pk-00000007";"rec-7";"2026-06-30 23:59:59.000";"b";"ds-b0043";"NULL";"b0043";"b0043-t4";"2026-01-10 10:44:20.593";"5,55";"OTHER";"DEPOSIT";"UNSUCCESSFUL"
"2026-03-23 06:57:30.671";"b-pk-00000008";"rec-8";"2026-06-30 23:59:59.000";"b";"ds-b0043";"NULL";"b0043";"b0043-t5";"2026-03-23 06:57:30.671";"1,64";"NULL";"STAKE";"SUCCESSFUL"
"2026-03-14 23:53:00.992";"c-pk-00000003";"rec-3";"2026-06-30 23:59:59.000";"c";"ds-c0044";"NULL";"c0044";"c0044-t0";"2026-03-14 23:53:00.992";"6,99";"NULL";"STAKE";"UNSUCCESSFUL"
"2026-01-20 16:35:49.119";"c-pk-00000004";"rec-4";"2026-06-30 23:59:59.000";"c";"ds-c0044";"NULL";"c0044";"c0044-t1";"2026-01-20 16:35:49.119";"12,26";"OTHER";"DEPOSIT";"UNSUCCESSFUL"
"2026-03-04 19:51:02.805";"c-pk-00000005";"rec-5";"2026-06-30 23:59:59.000";"c";"ds-c0044";"NULL";"c0044";"c0044-t2";"2026-03-04 19:51:02.805";"16,87";"NULL";"STAKE";"SUCCESSFUL"
"2026-04-10 01:54:06.056";"c-pk-00000006";"rec-6";"2026-06-30 23:59:59.000";"c";"ds-c0044";"NULL";"c0044";"c0044-t3";"2026-04-10 01:54:06.056";"18,84";"ELECTRONIC_MONEY";"DEPOSIT";"SUCCESSFUL"
"2026-02-09 10:54:26.076";"c-pk-00000007";"rec-7";"2026-06-30 23:59:59.000";"c";"ds-c0044";"NULL";"c0044";"c0044-t4";"2026-02-09 10:54:26.076";"19,53";"NULL";"WINNING";"SUCCESSFUL"
"2026-03-24 09:26:01.026";"c-pk-00000008";"rec-8";"2026-06-30 23:59:59.000";"c";"ds-c0044";"NULL";"c0044";"c0044-t5";"2026-03-24 09:26:01.026";"19,64";"BANK_TRANSFER";"DEPOSIT";"SUCCESSFUL"
"2026-02-17 19:38:54.102";"c-pk-00000009";"rec-9";"2026-06-30 23:59:59.000";"c";"ds-c0044";"NULL";"c0044";"c0044-t6";"2026-02-17 19:38:54.102";"7,89";"NULL";"WINNING";"SUCCESSFUL"
"2026-03-11 03:11:36.217";"c-pk-00000010";"rec-10";"2026-06-30 23:59:59.000";"c";"ds-c0044";"NULL";"c0044";"c0044-t7";"2026-03-11 03:11:36.217";"12,06";"NULL";"OTHER";"SUCCESSFUL"
"2026-03-10 17:48:34.934";"c-pk-00000011";"rec-11";"2026-06-30 23:59:59.000";"c";"ds-c0044";"NULL";"c0044";"c0044-t8";"2026-03-10 17:48:34.934";"17,33";"BANK_TRANSFER";"DEPOSIT";"SUCCESSFUL"
"2026-04-25 01:19:58.899";"c-pk-00000012";"rec-12";"2026-06-30 23:59:59.000";"c";"ds-c0044";"NULL";"c0044";"c0044-t9";"2026-04-25 01:19:58.899";"8,98";"BANK_TRANSFER";"DEPOSIT";"SUCCESSFUL"
"2026-02-03 03:37:00.109";"c-pk-00000013";"rec-13";"2026-06-30 23:59:59.000";"c";"ds-c0044";"NULL";"c0044";"c0044-t10";"2026-02-03 03:37:00.109";"17,94";"NULL";"WINNING";"SUCCESSFUL"
"2026-01-05 13:06:27.234";"a-pk-00000003";"rec-3";"2026-06-30 23:59:59.000";"a";"ds-a0045";"NULL";"a0045";"a0045-t0";"2026-01-05 13:06:27.234";"14,29";"ELECTRONIC_MONEY";"DEPOSIT";"SUCCESSFUL"
"2026-03-15 05:53:38.545";"a-pk-00000004";"rec-4";"2026-06-30 23:59:59.000";"a";"ds-a0045";"NULL";"a0045";"a0045-t1";"2026-03-15 05:53:38.545";"13,55";"NULL";"WINNING";"SUCCESSFUL"
"2026-04-06 19:53:50.455";"a-pk-00000005";"rec-5";"2026-06-30 23:59:59.000";"a";"ds-a0045";"NULL";"a0045";"a0045-t2";"2026-04-06 19:53:50.455";"6,30";"NULL";"OTHER";"SUCCESSFUL"
"2026-01-07 12:18:24.791";"a-pk-00000006";"rec-6";"2026-06-30 23:59:59.000";"a";"ds-a0045";"NULL";"a0045";"a0045-t3";"2026-01-07 12:18:24.791";"11,17";"NULL";"STAKE";"SUCCESSFUL"
"2026-01-26 22:08:57.055";"a-pk-00000007";"rec-7";"2026-06-30 23:59:59.000";"a";"ds-a0045";"NULL";"a0045";"a0045-t4";"2026-01-26 22:08:57.055";"5,37";"NULL";"WITHDRAWAL";"SUCCESSFUL"
"2026-04-21 18:45:47.836";"a-pk-00000008";"rec-8";"2026-06-30 23:59:59.000";"a";"ds-a0045";"NULL";"a0045";"a0045-t5";"2026-04-21 18:45:47.836";"3,57";"NULL";"STAKE";"SUCCESSFUL"
"2026-02-26 04:15:58.051";"a-pk-00000009";"rec-9";"2026-06-30 23:59:59.000";"a";"ds-a0045";"NULL";"a0045";"a0045-t6";"2026-02-26 04:15:58.051";"10,66";"NULL";"STAKE";"SUCCESSFUL"
"2026-01-11 16:34:05.265";"a-pk-00000010";"rec-10";"2026-06-30 23:59:59.000";"a";"ds-a0045";"NULL";"a0045";"a0045-t7";"2026-01-11 16:34:05.265";"5,96";"ELECTRONIC_MONEY";"DEPOSIT";"SUCCESSFUL"
"2026-04-28 06:08:51.808";"a-pk-00000011";"rec-11";"2026-06-30 23:59:59.000";"a";"ds-a0045";"NULL";"a0045";"a0045-t8";"2026-04-28 06:08:51.808";"5,19";"CREDIT_CARD";"DEPOSIT";"SUCCESSFUL"
"2026-01-14 23:40:34.082";"a-pk-00000012";"rec-12";"2026-06-30 23:59:59.000";"a";"ds-a0045";"NULL";"a0045";"a0045-t9";"2026-01-14 23:40:34.082";"15,02";"NULL";"STAKE";"SUCCESSFUL"
"2026-03-28 10:01:02.783";"a-pk-00000013";"rec-13";"2026-06-30 23:59:59.000";"a";"ds-a0045";"NULL";"a0045";"a0045-t10";"2026-03-28 10:01:02.783";"1,22";"NULL";"STAKE";"SUCCESSFUL"
"2026-01-28 23:01:05.330";"a-pk-00000014";"rec-14";"2026-06-30 23:59:59.000";"a";"ds-a0045";"NULL";"a0045";"a0045-t11";"2026-01-28 23:01:05.330";"4,13";"NULL";"WINNING";"SUCCESSFUL"
"2026-03-08 15:59:25.438";"b-pk-00000003";"rec-3";"2026-06-30 23:59:59.000";"b";"ds-b0046";"NULL";"b0046";"b0046-t0";"2026-03-08 15:59:25.438";"9,27";"CREDIT_CARD";"DEPOSIT";"SUCCESSFUL"
"2026-02-14 00:02:12.895";"b-pk-00000004";"rec-4";"2026-06-30 23:59:59.000";"b";"ds-b0046";"NULL";"b0046";"b0046-t1";"2026-02-14 00:02:12.895";"19,81";"ELECTRONIC_MONEY";"DEPOSIT";"SUCCESSFUL"
"2026-01-27 00:24:09.701";"b-pk-00000005";"rec-5";"2026-06-30 23:59:59.000";"b";"ds-b0046";"NULL";"b0046";"b0046-t2";"2026-01-27 00:24:09.701";"9,66";"NULL";"STAKE";"SUCCESSFUL"
"2026-02-04 05:49:13.260";"b-pk-00000006";"rec-6";"2026-06-30 23:59:59.000";"b";"ds-b0046";"NULL";"b0046";"b0046-t3";"2026-02-04 05:49:13.260";"18,05";"NULL";"OTHER";"SUCCESSFUL"
"2026-04-17 17:11:27.585";"b-pk-00000007";"rec-7";"2026-06-30 23:59:59.000";"b";"ds-b0046";"NULL";"b0046";"b0046-t4";"2026-04-17 17:11:27.585";"3,07";"OTHER";"DEPOSIT";"UNSUCCESSFUL"
"2026-02-20 06:33:53.270";"b-pk-00000008";"rec-8";"2026-06-30 23:59:59.000";"b";"ds-b0046";"NULL";"b0046";"b0046-t5";"2026-02-20 06:33:53.270";"6,52";"NULL";"WINNING";"SUCCESSFUL"
"2026-03-18 00:50:33.458";"b-pk-00000009";"rec-9";"2026-06-30 23:59:59.000";"b";"ds-b0046";"NULL";"b0046";"b0046-t6";"2026-03-18 00:50:33.458";"15,82";"BANK_TRANSFER";"DEPOSIT";"SUCCESSFUL"
"2026-02-14 01:13:14.660";"b-pk-00000010";"rec-10";"2026-06-30 23:59:59.000";"b";"ds-b0046";"NULL";"b0046";"b0046-t7";"2026-02-14 01:13:14.660";"8,11";"CREDIT_CARD";"DEPOSIT";"SUCCESSFUL"
"2026-03-15 22:44:01.620";"b-pk-00000011";"rec-11";"2026-06-30 23:59:59.000";"b";"ds-b0046";"NULL";"b0046";"b0046-t8";"2026-03-15 22:44:01.620";"16,62";"BANK_TRANSFER";"DEPOSIT";"SUCCESSFUL"
"2026-03-19 05:59:01.731";"b-pk-00000012";"rec-12";"2026-06-30 23:59:59.000";"b";"ds-b0046";"NULL";"b0046";"b0046-t9";"2026-03-19 05:59:01.731";"19,91";"NULL";"WINNING";"SUCCESSFUL"
"2026-02-13 19:45:36.638";"b-pk-00000013";"rec-13";"2026-06-30 23:59:59.000";"b";"ds-b0046";"NULL";"b0046";"b0046-t10";"2026-02-13 19:45:36.638";"18,91";"NULL";"STAKE";"UNSUCCESSFUL"
"2026-03-02 07:28:13.698";"c-pk-00000003";"rec-3";"2026-06-30 23:59:59.000";"c";"ds-c0047";"NULL";"c0047";"c0047-t0";"2026-03-02 07:28:13.698";"5,75";"NULL";"STAKE";"SUCCESSFUL"
"2026-01-05 14:47:50.511";"c-pk-00000004";"rec-4";"2026-06-30 23:59:59.000";"c";"ds-c0047";"NULL";"c0047";"c0047-t1";"2026-01-05 14:47:50.511";"13,68";"NULL";"STAKE";"SUCCESSFUL"
"2026-01-01 05:40:05.899";"c-pk-00000005";"rec-5";"2026-06-30 23:59:59.000";"c";"ds-c0047";"NULL";"c0047";"c0047-t2";"2026-01-01 05:40:05.899";"10,34";"NULL";"OTHER";"SUCCESSFUL"
"2026-02-09 16:59:26.175";"c-pk-00000006";"rec-6";"2026-06-30 23:59:59.000";"c";"ds-c0047";"NULL";"c0047";"c0047-t3";"2026-02-09 16:59:26.175";"11,88";"BANK_TRANSFER";"DEPOSIT";"UNSUCCESSFUL"
"2026-04-08 13:55:52.237";"c-pk-00000007";"rec-7";"2026-06-30 23:59:59.000";"c";"ds-c0047";"NULL";"c0047";"c0047-t4";"2026-04-08 13:55:52.237";"17,62";"NULL";"WINNING";"SUCCESSFUL"
"2026-02-18 21:20:26.029";"c-pk-00000008";"rec-8";"2026-06-30 23:59:59.000";"c";"ds-c0047";"NULL";"c0047";"c0047-t5";"2026-02-18 21:20:26.029";"7,43";"NULL";"WITHDRAWAL";"UNSUCCESSFUL"
"2026-01-16 22:37:34.736";"c-pk-00000009";"rec-9";"2026-06-30 23:59:59.000";"c";"ds-c0047";"NULL";"c0047";"c0047-t6";"2026-01-16 22:37:34.736";"13,10";"NULL";"OTHER";"UNSUCCESSFUL"
"2026-01-15 15:44:03.412";"c-pk-00000010";"rec-10";"2026-06-30 23:59:59.000";"c";"ds-c0047";"NULL";"c0047";"c0047-t7";"2026-01-15 15:44:03.412";"17,36";"NULL";"WINNING";"UNSUCCESSFUL"
"2026-04-17 04:55:50.015";"c-pk-00000011";"rec-11";"2026-06-30 23:59:59.000";"c";"ds-c0047";"NULL";"c0047";"c0047-t8";"2026-04-17 04:55:50.015";"7,94";"CREDIT_CARD";"DEPOSIT";"UNSUCCESSFUL"
"2026-01-22 05:11:14.644";"c-pk-00000012";"rec-12";"2026-06-30 23:59:59.000";"c";"ds-c0047";"NULL";"c0047";"c0047-t9";"2026-01-22 05:11:14.644";"7,64";"NULL";"STAKE";"SUCCESSFUL"
"2026-02-07 02:08:12.621";"a-pk-00000003";"rec-3";"2026-06-30 23:59:59.000";"a";"ds-a0048";"NULL";"a0048";"a0048-t0";"2026-02-07 02:08:12.621";"3,72";"NULL";"WINNING";"SUCCESSFUL"
"2026-01-02 12:47:00.906";"a-pk-00000004";"rec-4";"2026-06-30 23:59:59.000";"a";"ds-a0048";"NULL";"a0048";"a0048-t1";"2026-01-02 12:47:00.906";"2,71";"NULL";"STAKE";"SUCCESSFUL"
"2026-04-06 06:45:35.474";"a-pk-00000005";"rec-5";"2026-06-30 23:59:59.000";"a";"ds-a0048";"NULL";"a0048";"a0048-t2";"2026-04-06 06:45:35.474";"7,56";"NULL";"STAKE";"SUCCESSFUL"
"2026-04-17 22:05:42.466";"a-pk-00000006";"rec-6";"2026-06-30 23:59:59.000";"a";"ds-a0048";"NULL";"a0048";"a0048-t3";"2026-04-17 22:05:42.466";"4,36";"NULL";"WINNING";"SUCCESSFUL"
"2026-04-15 10:16:47.996";"a-pk-00000007";"rec-7";"2026-06-30 23:59:59.000";"a";"ds-a0048";"NULL";"a0048";"a0048-t4";"2026-04-15 10:16:47.996";"7,90";"NULL";"WITHDRAWAL";"SUCCESSFUL"
"2026-04-05 18:02:20.145";"a-pk-00000008";"rec-8";"2026-06-30 23:59:59.000";"a";"ds-a0048";"NULL";"a0048";"a0048-t5";"2026-04-05 18:02:20.145";"12,75";"NULL";"STAKE";"UNSUCCESSFUL"
"2026-02-24 03:25:03.562";"a-pk-00000009";"rec-9";"2026-06-30 23:59:59.000";"a";"ds-a0048";"NULL";"a0048";"a0048-t6";"2026-02-24 03:25:03.562";"17,51";"NULL";"STAKE";"UNSUCCESSFUL"
"2026-04-06 02:29:43.220";"a-pk-00000010";"rec-10";"2026-06-30 23:59:59.000";"a";"ds-a0048";"NULL";"a0048";"a0048-t7";"2026-04-06 02:29:43.220";"4,77";"NULL";"OTHER";"SUCCESSFUL"
"2026-02-27 00:20:11.176";"a-pk-00000011";"rec-11";"2026-06-30 23:59:59.000";"a";"ds-a0048";"NULL";"a0048";"a0048-t8";"2026-02-27 00:20:11.176";"3,95";"NULL";"OTHER";"SUCCESSFUL"
"2026-02-04 23:27:51.334";"a-pk-00000012";"rec-12";"2026-06-30 23:59:59.000";"a";"ds-a0048";"NULL";"a0048";"a0048-t9";"2026-02-04 23:27:51.334";"13,49";"NULL";"WINNING";"SUCCESSFUL"
"2026-02-18 17:09:15.918";"a-pk-00000013";"rec-13";"2026-06-30 23:59:59.000";"a";"ds-a0048";"NULL";"a0048";"a0048-t10";"2026-02-18 17:09:15.918";"4,16";"NULL";"WINNING";"SUCCESSFUL"
"2026-02-26 18:54:57.553";"a-pk-00000014";"rec-14";"2026-06-30 23:59:59.000";"a";"ds-a0048";"NULL";"a0048";"a0048-t11";"2026-02-26 18:54:57.553";"4,86";"NULL";"WINNING";"SUCCESSFUL"
"2026-03-25 02:31:10.433";"b-pk-00000003";"rec-3";"2026-06-30 23:59:59.000";"b";"ds-b0049";"NULL";"b0049";"b0049-t0";"2026-03-25 02:31:10.433";"10,81";"NULL";"STAKE";"SUCCESSFUL"
"2026-03-15 03:09:37.031";"b-pk-00000004";"rec-4";"2026-06-30 23:59:59.000";"b";"ds-b0049";"NULL";"b0049";"b0049-t1";"2026-03-15 03:09:37.031";"17,50";"NULL";"STAKE";"SUCCESSFUL"
"2026-01-15 02:12:32.043";"b-pk-00000005";"rec-5";"2026-06-30 23:59:59.000";"b";"ds-b0049";"NULL";"b0049";"b0049-t2";"2026-01-15 02:12:32.043";"8,76";"NULL";"OTHER";"SUCCESSFUL"
"2026-04-23 07:21:05.992";"b-pk-00000006";"rec-6";"2026-06-30 23:59:59.000";"b";"ds-b0049";"NULL";"b0049";"b0049-t3";"2026-04-23 07:21:05.992";"1,91";"BANK_TRANSFER";"DEPOSIT";"SUCCESSFUL"
"2026-03-16 09:12:51.410";"b-pk-00000007";"rec-7";"2026-06-30 23:59:59.000";"b";"ds-b0049";"NULL";"b0049";"b0049-t4";"2026-03-16 09:12:51.410";"4,32";"NULL";"OTHER";"SUCCESSFUL"
"2026-04-06 11:34:55.540";"b-pk-00000008";"rec-8";"2026-06-30 23:59:59.000";"b";"ds-b0049";"NULL";"b0049";"b0049-t5";"2026-04-06 11:34:55.540";"13,85";"OTHER";"DEPOSIT";"UNSUCCESSFUL"
"2026-03-16 00:13:07.574";"b-pk-00000009";"rec-9";"2026-06-30 23:59:59.000";"b";"ds-b0049";"NULL";"b0049";"b0049-t6";"2026-03-16 00:13:07.574";"1,10";"NULL";"WINNING";"SUCCESSFUL"
"2026-02-20 12:10:52.829";"b-pk-00000010";"rec-10";"2026-06-30 23:59:59.000";"b";"ds-b0049";"NULL";"b0049";"b0049-t7";"2026-02-20 12:10:52.829";"18,47";"NULL";"OTHER";"UNSUCCESSFUL"
"2026-04-13 13:52:09.080";"b-pk-00000011";"rec-11";"2026-06-30 23:59:59.000";"b";"ds-b0049";"NULL";"b0049";"b0049-t8";"2026-04-13 13:52:09.080";"7,71";"NULL";"OTHER";"SUCCESSFUL"
"2026-02-23 15:01:02.058";"b-pk-00000012";"rec-12";"2026-06-30 23:59:59.000";"b";"ds-b0049";"NULL";"b0049";"b0049-t9";"2026-02-23 15:01:02.058";"19,62";"NULL";"STAKE";"UNSUCCESSFUL"
"2026-01-20 20:41:36.308";"c-pk-00000003";"rec-3";"2026-06-30 23:59:59.000";"c";"ds-c0050";"NULL";"c0050";"c0050-t0";"2026-01-20 20:41:36.308";"16,33";"BANK_TRANSFER";"DEPOSIT";"SUCCESSFUL"
"2026-03-13 12:43:55.280";"c-pk-00000004";"rec-4";"2026-06-30 23:59:59.000";"c";"ds-c0050";"NULL";"c0050";"c0050-t1";"2026-03-13 12:43:55.280";"15,92";"OTHER";"DEPOSIT";"UNSUCCESSFUL"
"2026-01-11 13:16:10.014";"c-pk-00000005";"rec-5";"2026-06-30 23:59:59.000";"c";"ds-c0050";"NULL";"c0050";"c0050-t2";"2026-01-11 13:16:10.014";"16,58";"NULL";"STAKE";"SUCCESSFUL"
"2026-03-16 14:21:34.913";"c-pk-00000006";"rec-6";"2026-06-30 23:59:59.000";"c";"ds-c0050";"NULL";"c0050";"c0050-t3";"2026-03-16 14:21:34.913";"1,55";"NULL";"STAKE";"UNSUCCESSFUL"
"2026-03-25 10:14:12.800";"c-pk-00000007";"rec-7";"2026-06-30 23:59:59.000";"c";"ds-c0050";"NULL";"c0050";"c0050-t4";"2026-03-25 10:14:12.800";"10,62";"NULL";"WINNING";"SUCCESSFUL"
"2026-02-28 11:16:51.414";"c-pk-00000008";"rec-8";"2026-06-30 23:59:59.000";"c";"ds-c0050";"NULL";"c0050";"c0050-t5";"2026-02-28 11:16:51.414";"17,64";"NULL";"STAKE";"SUCCESSFUL"
"2026-02-25 13:21:44.296";"c-pk-00000009";"rec-9";"2026-06-30 23:59:59.000";"c";"ds-c0050";"NULL";"c0050";"c0050-t6";"2026-02-25 13:21:44.296";"2,03";"NULL";"WITHDRAWAL";"UNSUCCESSFUL"
"2026-03-08 01:00:44.954";"c-pk-00000010";"rec-10";"2026-06-30 23:59:59.000";"c";"ds-c0050";"NULL";"c0050";"c0050-t7";"2026-03-08 01:00:44.954";"13,83";"NULL";"STAKE";"SUCCESSFUL"
"2026-01-06 04:18:11.986";"c-pk-00000011";"rec-11";"2026-06-30 23:59:59.000";"c";"ds-c0050";"NULL";"c0050";"c0050-t8";"2026-01-06 04:18:11.986";"15,48";"NULL";"WITHDRAWAL";"UNSUCCESSFUL"
"2026-04-23 21:30:19.410";"c-pk-00000012";"rec-12";"2026-06-30 23:59:59.000";"c";"ds-c0050";"NULL";"c0050";"c0050-t9";"2026-04-23 21:30:19.410";"3,55";"NULL";"STAKE";"SUCCESSFUL"
"2026-04-01 03:05:11.287";"c-pk-00000013";"rec-13";"2026-06-30 23:59:59.000";"c";"ds-c0050";"NULL";"c0050";"c0050-t10";"2026-04-01 03:05:11.287";"14,47";"NULL";"STAKE";"SUCCESSFUL"
"2026-04-13 03:02:58.030";"a-pk-00000003";"rec-3";"2026-06-30 23:59:59.000";"a";"ds-a0051";"NULL";"a0051";"a0051-t0";"2026-04-13 03:02:58.030";"10,65";"NULL";"STAKE";"UNSUCCESSFUL"
"2026-01-01 17:05:52.302";"a-pk-00000004";"rec-4";"2026-06-30 23:59:59.000";"a";"ds-a0051";"NULL";"a0051";"a0051-t1";"2026-01-01 17:05:52.302";"4,60";"NULL";"WINNING";"UNSUCCESSFUL"
"2026-03-02 23:15:57.566";"a-pk-00000005";"rec-5";"2026-06-30 23:59:59.000";"a";"ds-a0051";"NULL";"a0051";"a0051-t2";"2026-03-02 23:15:57.566";"6,50";"NULL";"WINNING";"SUCCESSFUL"
"2026-01-19 16:48:03.805";"a-pk-00000006";"rec-6";"2026-06-30 23:59:59.000";"a";"ds-a0051";"NULL";"a0051";"a0051-t3";"2026-01-19 16:48:03.805";"10,17";"NULL";"WINNING";"UNSUCCESSFUL"
"2026-02-07 10:19:26.887";"a-pk-00000007";"rec-7";"2026-06-30 23:59:59.000";"a";"ds-a0051";"NULL";"a0051";"a0051-t4";"2026-02-07 10:19:26.887";"19,67";"NULL";"WINNING";"SUCCESSFUL"
"2026-01-02 00:12:46.791";"a-pk-00000008";"rec-8";"2026-06-30 23:59:59.000";"a";"ds-a0051";"NULL";"a0051";"a0051-t5";"2026-01-02 00:12:46.791";"19,90";"NULL";"WITHDRAWAL";"UNSUCCESSFUL"
"2026-01-17 18:50:19.575";"b-pk-00000003";"rec-3";"2026-06-30 23:59:59.000";"b";"ds-b0052";"NULL";"b0052";"b0052-t0";"2026-01-17 18:50:19.575";"14,52";"NULL";"WITHDRAWAL";"SUCCESSFUL"
"2026-02-26 18:33:29.423";"b-pk-00000004";"rec-4";"2026-06-30 23:59:59.000";"b";"ds-b0052";"NULL";"b0052";"b0052-t1";"2026-02-26 18:33:29.423";"12,27";"ELECTRONIC_MONEY";"DEPOSIT";"UNSUCCESSFUL"
"2026-03-09 15:49:07.423";"b-pk-00000005";"rec-5";"2026-06-30 23:59:59.000";"b";"ds-b0052";"NULL";"b0052";"b0052-t2";"2026-03-09 15:49:07.423";"16,89";"NULL";"STAKE";"SUCCESSFUL"
"2026-02-16 06:51:19.830";"b-pk-00000006";"rec-6";"2026-06-30 23:59:59.000";"b";"ds-b0052";"NULL";"b0052";"b0052-t3";"2026-02-16 06:51:19.830";"11,23";"NULL";"OTHER";"SUCCESSFUL"
"2026-01-02 08:21:02.157";"b-pk-00000007";"rec-7";"2026-06-30 23:59:59.000";"b";"ds-b0052";"NULL";"b0052";"b0052-t4";"2026-01-02 08:21:02.157";"7,68";"NULL";"WITHDRAWAL";"UNSUCCESSFUL"
"2026-02-03 14:57:18.218";"b-pk-00000008";"rec-8";"2026-06-30 23:59:59.000";"b";"ds-b0052";"NULL";"b0052";"b0052-t5";"2026-02-03 14:57:18.218";"19,45";"BANK_TRANSFER";"DEPOSIT";"UNSUCCESSFUL"
"2026-02-13 01:14:53.246";"c-pk-00000003";"rec-3";"2026-06-30 23:59:59.000";"c";"ds-c0053";"NULL";"c0053";"c0053-t0";"2026-02-13 01:14:53.246";"8,96";"NULL";"STAKE";"SUCCESSFUL"
"2026-02-15 11:22:33.191";"c-pk-00000004";"rec-4";"2026-06-30 23:59:59.000";"c";"ds-c0053";"NULL";"c0053";"c0053-t1";"2026-02-15 11:22:33.191";"2,48";"NULL";"WINNING";"UNSUCCESSFUL"
"2026-01-23 19:08:00.929";"c-pk-00000005";"rec-5";"2026-06-30 23:59:59.000";"c";"ds-c0053";"NULL";"c0053";"c0053-t2";"2026-01-23 19:08:00.929";"9,45";"NULL";"OTHER";"SUCCESSFUL"
"2026-02-08 22:48:35.006";"c-pk-00000006";"rec-6";"2026-06-30 23:59:59.000";"c";"ds-c0053";"NULL";"c0053";"c0053-t3";"2026-02-08 22:48:35.006";"4,44";"NULL";"WINNING";"UNSUCCESSFUL"
"2026-02-04 20:50:38.742";"c-pk-00000007";"rec-7";"2026-06-30 23:59:59.000";"c";"ds-c0053";"NULL";"c0053";"c0053-t4";"2026-02-04 20:50:38.742";"13,54";"NULL";"WINNING";"SUCCESSFUL"
"2026-02-27 01:51:44.246";"a-pk-00000003";"rec-3";"2026-06-30 23:59:59.000";"a";"ds-a0054";"NULL";"a0054";"a0054-t0";"2026-02-27 01:51:44.246";"2,47";"BANK_TRANSFER";"DEPOSIT";"UNSUCCESSFUL"
"2026-03-24 08:23:55.478";"a-pk-00000004";"rec-4";"2026-06-30 23:59:59.000";"a";"ds-a0054";"NULL";"a0054";"a0054-t1";"2026-03-24 08:23:55.478";"15,79";"NULL";"STAKE";"UNSUCCESSFUL"
"2026-03-16 10:50:29.411";"a-pk-00000005";"rec-5";"2026-06-30 23:59:59.000";"a";"ds-a0054";"NULL";"a0054";"a0054-t2";"2026-03-16 10:50:29.411";"12,15";"NULL";"OTHER";"SUCCESSFUL"
"2026-03-07 11:15:27.379";"a-pk-00000006";"rec-6";"2026-06-30 23:59:59.000";"a";"ds-a0054";"NULL";"a0054";"a0054-t3";"2026-03-07 11:15:27.379";"11,72";"NULL";"WINNING";"SUCCESSFUL"
"2026-04-26 02:27:13.927";"a-pk-00000007";"rec-7";"2026-06-30 23:59:59.000";"a";"ds-a0054";"NULL";"a0054";"a0054-t4";"2026-04-26 02:27:13.927";"6,33";"NULL";"STAKE";"SUCCESSFUL"
"2026-03-12 00:34:44.930";"a-pk-00000008";"rec-8";"2026-06-30 23:59:59.000";"a";"ds-a0054";"NULL";"a0054";"a0054-t5";"2026-03-12 00:34:44.930";"1,15";"BANK_TRANSFER";"DEPOSIT";"SUCCESSFUL"
"2026-02-05 14:41:24.691";"b-pk-00000003";"rec-3";"2026-06-30 23:59:59.000";"b";"ds-b0055";"NULL";"b0055";"b0055-t0";"2026-02-05 14:41:24.691";"15,53";"OTHER";"DEPOSIT";"SUCCESSFUL"
"2026-04-21 17:26:22.242";"b-pk-00000004";"rec-4";"2026-06-30 23:59:59.000";"b";"ds-b0055";"NULL";"b0055";"b0055-t1";"2026-04-21 17:26:22.242";"16,97";"NULL";"WINNING";"SUCCESSFUL"
"2026-03-07 03:38:05.645";"b-pk-00000005";"rec-5";"2026-06-30 23:59:59.000";"b";"ds-b0055";"NULL";"b0055";"b0055-t2";"2026-03-07 03:38:05.645";"15,63";"NULL";"OTHER";"SUCCESSFUL"
"2026-01-17 21:46:50.592";"b-pk-00000006";"rec-6";"2026-06-30 23:59:59.000";"b";"ds-b0055";"NULL";"b0055";"b0055-t3";"2026-01-17 21:46:50.592";"13,10";"NULL";"STAKE";"SUCCESSFUL"
"2026-02-02 05:07:37.070";"b-pk-00000007";"rec-7";"2026-06-30 23:59:59.000";"b";"ds-b0055";"NULL";"b0055";"b0055-t4";"2026-02-02 05:07:37.070";"7,69";"CREDIT_CARD";"DEPOSIT";"SUCCESSFUL"
"2026-04-09 09:36:40.467";"b-pk-00000008";"rec-8";"2026-06-30 23:59:59.000";"b";"ds-b0055";"NULL";"b0055";"b0055-t5";"2026-04-09 09:36:40.467";"16,19";"NULL";"STAKE";"SUCCESSFUL"
"2026-01-01 04:26:35.475";"b-pk-00000009";"rec-9";"2026-06-30 23:59:59.000";"b";"ds-b0055";"NULL";"b0055";"b0055-t6";"2026-01-01 04:26:35.475";"8,52";"NULL";"STAKE";"SUCCESSFUL"
"2026-04-16 12:19:36.458";"b-pk-00000010";"rec-10";"2026-06-30 23:59:59.000";"b";"ds-b0055";"NULL";"b0055";"b0055-t7";"2026-04-16 12:19:36.458";"12,27";"NULL";"STAKE";"SUCCESSFUL"
"2026-01-14 06:24:56.355";"b-pk-00000011";"rec-11";"2026-06-30 23:59:59.000";"b";"ds-b0055";"NULL";"b0055";"b0055-t8";"2026-01-14 06:24:56.355";"9,11";"NULL";"WITHDRAWAL";"SUCCESSFUL"
"2026-03-02 00:26:15.361";"b-pk-00000012";"rec-12";"2026-06-30 23:59:59.000";"b";"ds-b0055";"NULL";"b0055";"b0055-t9";"2026-03-02 00:26:15.361";"6,98";"ELECTRONIC_MONEY";"DEPOSIT";"UNSUCCESSFUL"
"2026-04-09 18:27:39.190";"b-pk-00000013";"rec-13";"2026-06-30 23:59:59.000";"b";"ds-b0055";"NULL";"b0055";"b0055-t10";"2026-04-09 18:27:39.190";"19,29";"OTHER";"DEPOSIT";"SUCCESSFUL"
"2026-03-05 18:44:24.228";"b-pk-00000014";"rec-14";"2026-06-30 23:59:59.000";"b";"ds-b0055";"NULL";"b0055";"b0055-t11";"2026-03-05 18:44:24.228";"7,10";"CREDIT_CARD";"DEPOSIT";"SUCCESSFUL"
"2026-02-20 07:00:08.016";"c-pk-00000003";"rec-3";"2026-06-30 23:59:59.000";"c";"ds-c0056";"NULL";"c0056";"c0056-t0";"2026-02-20 07:00:08.016";"3,55";"NULL";"STAKE";"UNSUCCESSFUL"
"2026-01-07 06:56:00.235";"c-pk-00000004";"rec-4";"2026-06-30 23:59:59.000";"c";"ds-c0056";"NULL";"c0056";"c0056-t1";"2026-01-07 06:56:00.235";"1,42";"NULL";"STAKE";"SUCCESSFUL"
"2026-04-15 02:46:44.125";"c-pk-00000005";"rec-5";"2026-06-30 23:59:59.000";"c";"ds-c0056";"NULL";"c0056";"c0056-t2";"2026-04-15 02:46:44.125";"13,74";"OTHER";"DEPOSIT";"UNSUCCESSFUL"
"2026-01-15 13:09:49.489";"c-pk-00000006";"rec-6";"2026-06-30 23:59:59.000";"c";"ds-c0056";"NULL";"c0056";"c0056-t3";"2026-01-15 13:09:49.489";"12,58";"NULL";"STAKE";"SUCCESSFUL"
"2026-03-08 23:03:11.284";"c-pk-00000007";"rec-7";"2026-06-30 23:59:59.000";"c";"ds-c0056";"NULL";"c0056";"c0056-t4";"2026-03-08 23:03:11.284";"13,19";"NULL";"WINNING";"SUCCESSFUL"
"2026-02-08 23:37:35.788";"c-pk-00000008";"rec-8";"2026-06-30 23:59:59.000";"c";"ds-c0056";"NULL";"c0056";"c0056-t5";"2026-02-08 23:37:35.788";"5,91";"OTHER";"DEPOSIT";"SUCCESSFUL"
"2026-02-09 22:58:50.134";"c-pk-00000009";"rec-9";"2026-06-30 23:59:59.000";"c";"ds-c0056";"NULL";"c0056";"c0056-t6";"2026-02-09 22:58:50.134";"1,89";"BANK_TRANSFER";"DEPOSIT";"UNSUCCESSFUL"
"2026-01-03 14:45:10.980";"c-pk-00000010";"rec-10";"2026-06-30 23:59:59.000";"c";"ds-c0056";"NULL";"c0056";"c0056-t7";"2026-01-03 14:45:10.980";"4,10";"ELECTRONIC_MONEY";"DEPOSIT";"SUCCESSFUL"
"2026-04-18 13:34:31.411";"a-pk-00000003";"rec-3";"2026-06-30 23:59:59.000";"a";"ds-a0057";"NULL";"a0057";"a0057-t0";"2026-04-18 13:34:31.411";"6,66";"CREDIT_CARD";"DEPOSIT";"SUCCESSFUL"
"2026-01-17 10:16:35.550";"a-pk-00000004";"rec-4";"2026-06-30 23:59:59.000";"a";"ds-a0057";"NULL";"a0057";"a0057-t1";"2026-01-17 10:16:35.550";"2,11";"NULL";"WINNING";"SUCCESSFUL"
"2026-02-27 21:00:02.813";"a-pk-00000005";"rec-5";"2026-06-30 23:59:59.000";"a";"ds-a0057";"NULL";"a0057";"a0057-t2";"2026-02-27 21:00:02.813";"8,38";"NULL";"OTHER";"UNSUCCESSFUL"
"2026-04-08 10:33:20.794";"a-pk-00000006";"rec-6";"2026-06-30 23:59:59.000";"a";"ds-a0057";"NULL";"a0057";"a0057-t3";"2026-04-08 10:33:20.794";"15,00";"NULL";"STAKE";"UNSUCCESSFUL"
"2026-03-28 12:47:19.793";"a-pk-00000007";"rec-7";"2026-06-30 23:59:59.000";"a";"ds-a0057";"NULL";"a0057";"a0057-t4";"2026-03-28 12:47:19.793";"15,16";"NULL";"WINNING";"UNSUCCESSFUL"
"2026-02-10 21:11:07.625";"a-pk-00000008";"rec-8";"2026-06-30 23:59:59.000";"a";"ds-a0057";"NULL";"a0057";"a0057-t5";"2026-02-10 21:11:07.625";"3,68";"NULL";"WINNING";"UNSUCCESSFUL"
"2026-02-03 06:11:01.312";"a-pk-00000009";"rec-9";"2026-06-30 23:59:59.000";"a";"ds-a0057";"NULL";"a0057";"a0057-t6";"2026-02-03 06:11:01.312";"14,11";"NULL";"WINNING";"SUCCESSFUL"
"2026-03-18 06:50:07.288";"a-pk-00000010";"rec-10";"2026-06-30 23:59:59.000";"a";"ds-a0057";"NULL";"a0057";"a0057-t7";"2026-03-18 06:50:07.288";"14,92";"NULL";"STAKE";"SUCCESSFUL"
"2026-01-21 03:33:30.165";"b-pk-00000003";"rec-3";"2026-06-30 23:59:59.000";"b";"ds-b0058";"NULL";"b0058";"b0058-t0";"2026-01-21 03:33:30.165";"8,87";"NULL";"WINNING";"SUCCESSFUL"
"2026-02-14 11:56:44.125";"b-pk-00000004";"rec-4";"2026-06-30 23:59:59.000";"b";"ds-b0058";"NULL";"b0058";"b0058-t1";"2026-02-14 11:56:44.125";"1,90";"BANK_TRANSFER";"DEPOSIT";"SUCCESSFUL"
"2026-03-05 19:38:02.402";"b-pk-00000005";"rec-5";"2026-06-30 23:59:59.000";"b";"ds-b0058";"NULL";"b0058";"b0058-t2";"2026-03-05 19:38:02.402";"10,20";"NULL";"STAKE";"SUCCESSFUL"
"2026-04-27 11:10:19.962";"b-pk-00000006";"rec-6";"2026-06-30 23:59:59.000";"b";"ds-b0058";"NULL";"b0058";"b0058-t3";"2026-04-27 11:10:19.962";"1,73";"NULL";"OTHER";"SUCCESSFUL"
"2026-02-04 10:58:22.625";"b-pk-00000007";"rec-7";"2026-06-30 23:59:59.000";"b";"ds-b0058";"NULL";"b0058";"b0058-t4";"2026-02-04 10:58:22.625";"12,35";"NULL";"WINNING";"UNSUCCESSFUL"
"2026-04-25 05:11:54.185";"b-pk-00000008";"rec-8";"2026-06-30 23:59:59.000";"b";"ds-b0058";"NULL";"b0058";"b0058-t5";"2026-04-25 05:11:54.185";"3,37";"CREDIT_CARD";"DEPOSIT";"SUCCESSFUL"
"2026-03-15 00:16:31.314";"b-pk-00000009";"rec-9";"2026-06-30 23:59:59.000";"b";"ds-b0058";"NULL";"b0058";"b0058-t6";"2026-03-15 00:16:31.314";"10,13";"OTHER";"DEPOSIT";"SUCCESSFUL"
"2026-03-12 19:14:38.447";"b-pk-00000010";"rec-10";"2026-06-30 23:59:59.000";"b";"ds-b0058";"NULL";"b0058";"b0058-t7";"2026-03-12 19:14:38.447";"7,20";"NULL";"STAKE";"SUCCESSFUL"
"2026-01-15 00:59:21.768";"c-pk-00000003";"rec-3";"2026-06-30 23:59:59.000";"c";"ds-c0059";"NULL";"c0059";"c0059-t0";"2026-01-15 00:59:21.768";"12,03";"NULL";"STAKE";"SUCCESSFUL"
"2026-03-11 03:50:17.813";"c-pk-00000004";"rec-4";"2026-06-30 23:59:59.000";"c";"ds-c0059";"NULL";"c0059";"c0059-t1";"2026-03-11 03:50:17.813";"18,59";"NULL";"OTHER";"UNSUCCESSFUL"
"2026-02-17 12:33:06.084";"c-pk-00000005";"rec-5";"2026-06-30 23:59:59.000";"c";"ds-c0059";"NULL";"c0059";"c0059-t2";"2026-02-17 12:33:06.084";"4,46";"NULL";"STAKE";"SUCCESSFUL"
"2026-02-17 16:21:48.444";"c-pk-00000006";"rec-6";"2026-06-30 23:59:59.000";"c";"ds-c0059";"NULL";"c0059";"c0059-t3";"2026-02-17 16:21:48.444";"17,13";"NULL";"WINNING";"SUCCESSFUL"
"2026-02-20 15:53:34.081";"c-pk-00000007";"rec-7";"2026-06-30 23:59:59.000";"c";"ds-c0059";"NULL";"c0059";"c0059-t4";"2026-02-20 15:53:34.081";"6,23";"NULL";"WINNING";"SUCCESSFUL"
"2026-01-24 19:42:58.887";"c-pk-00000008";"rec-8";"2026-06-30 23:59:59.000";"c";"ds-c0059";"NULL";"c0059";"c0059-t5";"2026-01-24 19:42:58.887";"19,36";"NULL";"STAKE";"SUCCESSFUL"
"2026-04-15 18:03:23.323";"c-pk-00000009";"rec-9";"2026-06-30 23:59:59.000";"c";"ds-c0059";"NULL";"c0059";"c0059-t6";"2026-04-15 18:03:23.323";"3,81";"NULL";"WITHDRAWAL";"UNSUCCESSFUL"
"2026-02-08 11:05:40.848";"c-pk-00000010";"rec-10";"2026-06-30 23:59:59.000";"c";"ds-c0059";"NULL";"c0059";"c0059-t7";"2026-02-08 11:05:40.848";"13,48";"NULL";"OTHER";"SUCCESSFUL"
"2026-04-24 00:49:53.684";"c-pk-00000011";"rec-11";"2026-06-30 23:59:59.000";"c";"ds-c0059";"NULL";"c0059";"c0059-t8";"2026-04-24 00:49:53.684";"7,05";"NULL";"WINNING";"SUCCESSFUL"
"2026-01-24 23:07:07.589";"c-pk-00000012";"rec-12";"2026-06-30 23:59:59.000";"c";"ds-c0059";"NULL";"c0059";"c0059-t9";"2026-01-24 23:07:07.589";"5,58";"NULL";"WINNING";"SUCCESSFUL"
"2026-02-28 18:30:19.137";"c-pk-00000013";"rec-13";"2026-06-30 23:59:59.000";"c";"ds-c0059";"NULL";"c0059";"c0059-t10";"2026-02-28 18:30:19.137";"13,28";"BANK_TRANSFER";"DEPOSIT";"SUCCESSFUL"
"2026-04-02 18:03:44.543";"c-pk-00000014";"rec-14";"2026-06-30 23:59:59.000";"c";"ds-c0059";"NULL";"c0059";"c0059-t11";"2026-04-02 18:03:44.543";"7,23";"CREDIT_CARD";"DEPOSIT";"SUCCESSFUL"
"2026-01-05 10:11:13.933";"a-pk-00000003";"rec-3";"2026-06-30 23:59:59.000";"a";"ds-a0060";"NULL";"a0060";"a0060-t0";"2026-01-05 10:11:13.933";"12,17";"NULL";"WINNING";"SUCCESSFUL"
"2026-01-19 08:19:47.843";"a-pk-00000004";"rec-4";"2026-06-30 23:59:59.000";"a";"ds-a0060";"NULL";"a0060";"a0060-t1";"2026-01-19 08:19:47.843";"9,48";"OTHER";"DEPOSIT";"SUCCESSFUL"
"2026-01-07 21:11:26.656";"a-pk-00000005";"rec-5";"2026-06-30 23:59:59.000";"a";"ds-a0060";"NULL";"a0060";"a0060-t2";"2026-01-07 21:11:26.656";"12,88";"NULL";"STAKE";"SUCCESSFUL"
"2026-02-16 13:05:41.476";"a-pk-00000006";"rec-6";"2026-06-30 23:59:59.000";"a";"ds-a0060";"NULL";"a0060";"a0060-t3";"2026-02-16 13:05:41.476";"12,45";"BANK_TRANSFER";"DEPOSIT";"SUCCESSFUL"
"2026-02-09 11:52:44.367";"a-pk-00000007";"rec-7";"2026-06-30 23:59:59.000";"a";"ds-a0060";"NULL";"a0060";"a0060-t4";"2026-02-09 11:52:44.367";"12,10";"NULL";"OTHER";"SUCCESSFUL"
"2026-02-10 01:19:46.429";"b-pk-00000003";"rec-3";"2026-06-30 23:59:59.000";"b";"ds-b0061";"NULL";"b0061";"b0061-t0";"2026-02-10 01:19:46.429";"17,70";"NULL";"WITHDRAWAL";"UNSUCCESSFUL"
"2026-01-05 02:21:50.652";"b-pk-00000004";"rec-4";"2026-06-30 23:59:59.000";"b";"ds-b0061";"NULL";"b0061";"b0061-t1";"2026-01-05 02:21:50.652";"9,22";"NULL";"STAKE";"SUCCESSFUL"
"2026-03-06 11:16:36.804";"b-pk-00000005";"rec-5";"2026-06-30 23:59:59.000";"b";"ds-b0061";"NULL";"b0061";"b0061-t2";"2026-03-06 11:16:36.804";"4,27";"NULL";"STAKE";"UNSUCCESSFUL"
"2026-03-26 09:41:52.090";"b-pk-00000006";"rec-6";"2026-06-30 23:59:59.000";"b";"ds-b0061";"NULL";"b0061";"b0061-t3";"2026-03-26 09:41:52.090";"15,56";"NULL";"WINNING";"SUCCESSFUL"
"2026-04-25 06:34:35.082";"b-pk-00000007";"rec-7";"2026-06-30 23:59:59.000";"b";"ds-b0061";"NULL";"b0061";"b0061-t4";"2026-04-25 06:34:35.082";"11,09";"NULL";"WINNING";"UNSUCCESSFUL"
"2026-04-08 09:14:21.693";"b-pk-00000008";"rec-8";"2026-06-30 23:59:59.000";"b";"ds-b0061";"NULL";"b0061";"b0061-t5";"2026-04-08 09:14:21.693";"12,15";"BANK_TRANSFER";"DEPOSIT";"SUCCESSFUL"
"2026-03-19 13:34:01.414";"b-pk-00000009";"rec-9";"2026-06-30 23:59:59.000";"b";"ds-b0061";"NULL";"b0061";"b0061-t6";"2026-03-19 13:34:01.414";"8,70";"NULL";"WINNING";"SUCCESSFUL"
"2026-01-27 03:02:11.093";"b-pk-00000010";"rec-10";"2026-06-30 23:59:59.000";"b";"ds-b0061";"NULL";"b0061";"b0061-t7";"2026-01-27 03:02:11.093";"4,06";"NULL";"STAKE";"SUCCESSFUL"
"2026-03-03 23:11:15.883";"b-pk-00000011";"rec-11";"2026-06-30 23:59:59.000";"b";"ds-b0061";"NULL";"b0061";"b0061-t8";"2026-03-03 23:11:15.883";"1,56";"NULL";"STAKE";"UNSUCCESSFUL"
"2026-04-01 07:31:09.102";"b-pk-00000012";"rec-12";"2026-06-30 23:59:59.000";"b";"ds-b0061";"NULL";"b0061";"b0061-t9";"2026-04-01 07:31:09.102";"14,56";"OTHER";"DEPOSIT";"SUCCESSFUL"
"2026-02-06 01:44:12.107";"b-pk-00000013";"rec-13";"2026-06-30 23:59:59.000";"b";"ds-b0061";"NULL";"b0061";"b0061-t10";"2026-02-06 01:44:12.107";"12,30";"NULL";"OTHER";"SUCCESSFUL"
"2026-03-02 00:13:19.941";"b-pk-00000014";"rec-14";"2026-06-30 23:59:59.000";"b";"ds-b0061";"NULL";"b0061";"b0061-t11";"2026-03-02 00:13:19.941";"18,80";"CREDIT_CARD";"DEPOSIT";"SUCCESSFUL"
"2026-01-11 21:00:02.298";"c-pk-00000003";"rec-3";"2026-06-30 23:59:59.000";"c";"ds-c0062";"NULL";"c0062";"c0062-t0";"2026-01-11 21:00:02.298";"12,08";"NULL";"WITHDRAWAL";"SUCCESSFUL"
"2026-04-06 08:58:17.385";"c-pk-00000004";"rec-4";"2026-06-30 23:59:59.000";"c";"ds-c0062";"NULL";"c0062";"c0062-t1";"2026-04-06 08:58:17.385";"11,97";"CREDIT_CARD";"DEPOSIT";"UNSUCCESSFUL"
"2026-03-26 14:27:15.937";"c-pk-00000005";"rec-5";"2026-06-30 23:59:59.000";"c";"ds-c0062";"NULL";"c0062";"c0062-t2";"2026-03-26 14:27:15.937";"11,55";"ELECTRONIC_MONEY";"DEPOSIT";"SUCCESSFUL"
"2026-03-09 01:10:56.358";"c-pk-00000006";"rec-6";"2026-06-30 23:59:59.000";"c";"ds-c0062";"NULL";"c0062";"c0062-t3";"2026-03-09 01:10:56.358";"12,70";"NULL";"WINNING";"SUCCESSFUL"
"2026-02-24 19:14:08.473";"c-pk-00000007";"rec-7";"2026-06-30 23:59:59.000";"c";"ds-c0062";"NULL";"c0062";"c0062-t4";"2026-02-24 19:14:08.473";"14,31";"OTHER";"DEPOSIT";"SUCCESSFUL"
"2026-01-06 18:07:52.396";"c-pk-00000008";"rec-8";"2026-06-30 23:59:59.000";"c";"ds-c0062";"NULL";"c0062";"c0062-t5";"2026-01-06 18:07:52.396";"5,22";"NULL";"STAKE";"SUCCESSFUL"
"2026-04-02 04:53:27.735";"c-pk-00000009";"rec-9";"2026-06-30 23:59:59.000";"c";"ds-c0062";"NULL";"c0062";"c0062-t6";"2026-04-02 04:53:27.735";"8,98";"NULL";"STAKE";"UNSUCCESSFUL"
"2026-03-24 16:33:12.849";"a-pk-00000003";"rec-3";"2026-06-30 23:59:59.000";"a";"ds-a0063";"NULL";"a0063";"a0063-t0";"2026-03-24 16:33:12.849";"15,04";"NULL";"WINNING";"SUCCESSFUL"
"2026-03-23 13:45:50.489";"a-pk-00000004";"rec-4";"2026-06-30 23:59:59.000";"a";"ds-a0063";"NULL";"a0063";"a0063-t1";"2026-03-23 13:45:50.489";"3,56";"NULL";"OTHER";"SUCCESSFUL"
"2026-03-13 15:08:42.598";"a-pk-00000005";"rec-5";"2026-06-30 23:59:59.000";"a";"ds-a0063";"NULL";"a0063";"a0063-t2";"2026-03-13 15:08:42.598";"15,80";"BANK_TRANSFER";"DEPOSIT";"SUCCESSFUL"
"2026-03-24 11:05:50.599";"a-pk-00000006";"rec-6";"2026-06-30 23:59:59.000";"a";"ds-a0063";"NULL";"a0063";"a0063-t3";"2026-03-24 11:05:50.599";"8,44";"NULL";"OTHER";"SUCCESSFUL"
"2026-03-01 03:34:11.361";"a-pk-00000007";"rec-7";"2026-06-30 23:59:59.000";"a";"ds-a0063";"NULL";"a0063";"a0063-t4";"2026-03-01 03:34:11.361";"14,86";"OTHER";"DEPOSIT";"SUCCESSFUL"
"2026-01-11 00:12:28.793";"b-pk-00000003";"rec-3";"2026-06-30 23:59:59.000";"b";"ds-b0064";"NULL";"b0064";"b0064-t0";"2026-01-11 00:12:28.793";"1,88";"OTHER";"DEPOSIT";"SUCCESSFUL"
"2026-02-14 20:19:02.456";"b-pk-00000004";"rec-4";"2026-06-30 23:59:59.000";"b";"ds-b0064";"NULL";"b0064";"b0064-t1";"2026-02-14 20:19:02.456";"17,72";"NULL";"OTHER";"SUCCESSFUL"
"2026-01-17 20:57:55.984";"b-pk-00000005";"rec-5";"2026-06-30 23:59:59.000";"b";"ds-b0064";"NULL";"b0064";"b0064-t2";"2026-01-17 20:57:55.984";"17,32";"OTHER";"DEPOSIT";"SUCCESSFUL"
"2026-02-20 13:35:11.666";"b-pk-00000006";"rec-6";"2026-06-30 23:59:59.000";"b";"ds-b0064";"NULL";"b0064";"b0064-t3";"2026-02-20 13:35:11.666";"17,53";"NULL";"STAKE";"SUCCESSFUL"
"2026-03-25 00:42:54.019";"b-pk-00000007";"rec-7";"2026-06-30 23:59:59.000";"b";"ds-b0064";"NULL";"b0064";"b0064-t4";"2026-03-25 00:42:54.019";"9,70";"NULL";"WITHDRAWAL";"SUCCESSFUL"
"2026-02-21 20:29:40.282";"b-pk-00000008";"rec-8";"2026-06-30 23:59:59.000";"b";"ds-b0064";"NULL";"b0064";"b0064-t5";"2026-02-21 20:29:40.282";"2,69";"NULL";"OTHER";"UNSUCCESSFUL"
"2026-03-06 19:44:21.092";"c-pk-00000003";"rec-3";"2026-06-30 23:59:59.000";"c";"ds-c0065";"NULL";"c0065";"c0065-t0";"2026-03-06 19:44:21.092";"19,45";"OTHER";"DEPOSIT";"SUCCESSFUL"
"2026-02-28 06:46:15.350";"c-pk-00000004";"rec-4";"2026-06-30 23:59:59.000";"c";"ds-c0065";"NULL";"c0065";"c0065-t1";"2026-02-28 06:46:15.350";"14,70";"NULL";"WINNING";"SUCCESSFUL"
"2026-02-20 14:19:16.870";"c-pk-00000005";"rec-5";"2026-06-30 23:59:59.000";"c";"ds-c0065";"NULL";"c0065";"c0065-t2";"2026-02-20 14:19:16.870";"1,39";"CREDIT_CARD";"DEPOSIT";"UNSUCCESSFUL"
"2026-04-02 19:10:02.695";"c-pk-00000006";"rec-6";"2026-06-30 23:59:59.000";"c";"ds-c0065";"NULL";"c0065";"c0065-t3";"2026-04-02 19:10:02.695";"14,60";"NULL";"STAKE";"SUCCESSFUL"
"2026-03-28 07:05:05.204";"c-pk-00000007";"rec-7";"2026-06-30 23:59:59.000";"c";"ds-c0065";"NULL";"c0065";"c0065-t4";"2026-03-28 07:05:05.204";"13,93";"NULL";"STAKE";"SUCCESSFUL"
"2026-04-04 03:21:34.282";"c-pk-00000008";"rec-8";"2026-06-30 23:59:59.000";"c";"ds-c0065";"NULL";"c0065";"c0065-t5";"2026-04-04 03:21:34.282";"11,52";"NULL";"WINNING";"SUCCESSFUL"
"2026-04-08 05:42:07.114";"c-pk-00000009";"rec-9";"2026-06-30 23:59:59.000";"c";"ds-c0065";"NULL";"c0065";"c0065-t6";"2026-04-08 05:42:07.114";"12,29";"NULL";"STAKE";"UNSUCCESSFUL"
"2026-04-11 12:56:07.567";"a-pk-00000003";"rec-3";"2026-06-30 23:59:59.000";"a";"ds-a0066";"NULL";"a0066";"a0066-t0";"2026-04-11 12:56:07.567";"5,47";"NULL";"STAKE";"SUCCESSFUL"
"2026-04-09 20:42:35.471";"a-pk-00000004";"rec-4";"2026-06-30 23:59:59.000";"a";"ds-a0066";"NULL";"a0066";"a0066-t1";"2026-04-09 20:42:35.471";"8,52";"NULL";"WINNING";"SUCCESSFUL"
"2026-04-02 05:15:47.710";"a-pk-00000005";"rec-5";"2026-06-30 23:59:59.000";"a";"ds-a0066";"NULL";"a0066";"a0066-t2";"2026-04-02 05:15:47.710";"10,09";"NULL";"STAKE";"UNSUCCESSFUL"
"2026-01-18 08:15:54.006";"a-pk-00000006";"rec-6";"2026-06-30 23:59:59.000";"a";"ds-a0066";"NULL";"a0066";"a0066-t3";"2026-01-18 08:15:54.006";"16,31";"NULL";"WINNING";"SUCCESSFUL"
"2026-02-01 19:23:27.500";"a-pk-00000007";"rec-7";"2026-06-30 23:59:59.000";"a";"ds-a0066";"NULL";"a0066";"a0066-t4";"2026-02-01 19:23:27.500";"5,60";"NULL";"STAKE";"SUCCESSFUL"
"2026-04-21 02:52:38.487";"b-pk-00000003";"rec-3";"2026-06-30 23:59:59.000";"b";"ds-b0067";"NULL";"b0067";"b0067-t0";"2026-04-21 02:52:38.487";"12,33";"NULL";"STAKE";"UNSUCCESSFUL"
"2026-03-11 04:35:17.112";"b-pk-00000004";"rec-4";"2026-06-30 23:59:59.000";"b";"ds-b0067";"NULL";"b0067";"b0067-t1";"2026-03-11 04:35:17.112";"4,99";"OTHER";"DEPOSIT";"SUCCESSFUL"
"2026-03-11 01:29:13.362";"b-pk-00000005";"rec-5";"2026-06-30 23:59:59.000";"b";"ds-b0067";"NULL";"b0067";"b0067-t2";"2026-03-11 01:29:13.362";"15,32";"NULL";"STAKE";"UNSUCCESSFUL"
"2026-04-10 16:00:36.329";"b-pk-00000006";"rec-6";"2026-06-30 23:59:59.000";"b";"ds-b0067";"NULL";"b0067";"b0067-t3";"2026-04-10 16:00:36.329";"10,47";"NULL";"WINNING";"SUCCESSFUL"
"2026-01-11 18:53:40.779";"b-pk-00000007";"rec-7";"2026-06-30 23:59:59.000";"b";"ds-b0067";"NULL";"b0067";"b0067-t4";"2026-01-11 18:53:40.779";"11,42";"NULL";"STAKE";"SUCCESSFUL"
"2026-03-13 05:46:07.353";"c-pk-00000003";"rec-3";"2026-06-30 23:59:59.000";"c";"ds-c0068";"NULL";"c0068";"c0068-t0";"2026-03-13 05:46:07.353";"15,12";"NULL";"STAKE";"SUCCESSFUL"
"2026-01-21 15:17:47.954";"c-pk-00000004";"rec-4";"2026-06-30 23:59:59.000";"c";"ds-c0068";"NULL";"c0068";"c0068-t1";"2026-01-21 15:17:47.954";"18,54";"NULL";"STAKE";"SUCCESSFUL"
"2026-04-01 10:00:10.919";"c-pk-00000005";"rec-5";"2026-06-30 23:59:59.000";"c";"ds-c0068";"NULL";"c0068";"c0068-t2";"2026-04-01 10:00:10.919";"4,15";"NULL";"STAKE";"SUCCESSFUL"
"2026-01-21 09:57:06.233";"c-pk-00000006";"rec-6";"2026-06-30 23:59:59.000";"c";"ds-c0068";"NULL";"c0068";"c0068-t3";"2026-01-21 09:57:06.233";"15,97";"NULL";"STAKE";"SUCCESSFUL"
"2026-04-13 22:56:03.722";"c-pk-00000007";"rec-7";"2026-06-30 23:59:59.000";"c";"ds-c0068";"NULL";"c0068";"c0068-t4";"2026-04-13 22:56:03.722";"12,23";"NULL";"WITHDRAWAL";"SUCCESSFUL"
"2026-04-10 00:47:08.605";"c-pk-00000008";"rec-8";"2026-06-30 23:59:59.000";"c";"ds-c0068";"NULL";"c0068";"c0068-t5";"2026-04-10 00:47:08.605";"16,40";"NULL";"WINNING";"SUCCESSFUL"
"2026-03-08 13:48:29.651";"a-pk-00000003";"rec-3";"2026-06-30 23:59:59.000";"a";"ds-a0069";"NULL";"a0069";"a0069-t0";"2026-03-08 13:48:29.651";"13,73";"NULL";"WINNING";"SUCCESSFUL"
"2026-03-06 19:30:53.237";"a-pk-00000004";"rec-4";"2026-06-30 23:59:59.000";"a";"ds-a0069";"NULL";"a0069";"a0069-t1";"2026-03-06 19:30:53.237";"7,77";"NULL";"STAKE";"SUCCESSFUL"
"2026-02-13 12:23:52.340";"a-pk-00000005";"rec-5";"2026-06-30 23:59:59.000";"a";"ds-a0069";"NULL";"a0069";"a0069-t2";"2026-02-13 12:23:52.340";"11,69";"NULL";"STAKE";"SUCCESSFUL"
"2026-04-06 11:50:15.893";"a-pk-00000006";"rec-6";"2026-06-30 23:59:59.000";"a";"ds-a0069";"NULL";"a0069";"a0069-t3";"2026-04-06 11:50:15.893";"13,15";"CREDIT_CARD";"DEPOSIT";"UNSUCCESSFUL"
"2026-01-09 15:50:23.224";"a-pk-00000007";"rec-7";"2026-06-30 23:59:59.000";"a";"ds-a0069";"NULL";"a0069";"a0069-t4";"2026-01-09 15:50:23.224";"5,74";"NULL";"STAKE";"SUCCESSFUL"
"2026-04-25 08:59:48.403";"a-pk-00000008";"rec-8";"2026-06-30 23:59:59.000";"a";"ds-a0069";"NULL";"a0069";"a0069-t5";"2026-04-25 08:59:48.403";"9,25";"BANK_TRANSFER";"DEPOSIT";"SUCCESSFUL"
"2026-01-03 10:50:30.101";"b-pk-00000003";"rec-3";"2026-06-30 23:59:59.000";"b";"ds-b0070";"NULL";"b0070";"b0070-t0";"2026-01-03 10:50:30.101";"17,25";"NULL";"STAKE";"SUCCESSFUL"
"2026-01-07 04:50:45.100";"b-pk-00000004";"rec-4";"2026-06-30 23:59:59.000";"b";"ds-b0070";"NULL";"b0070";"b0070-t1";"2026-01-07 04:50:45.100";"12,08";"NULL";"WINNING";"SUCCESSFUL"
"2026-01-05 09:57:29.685";"b-pk-00000005";"rec-5";"2026-06-30 23:59:59.000";"b";"ds-b0070";"NULL";"b0070";"b0070-t2";"2026-01-05 09:57:29.685";"17,48";"NULL";"OTHER";"SUCCESSFUL"
"2026-01-10 02:07:08.860";"b-pk-00000006";"rec-6";"2026-06-30 23:59:59.000";"b";"ds-b0070";"NULL";"b0070";"b0070-t3";"2026-01-10 02:07:08.860";"11,14";"NULL";"OTHER";"SUCCESSFUL"
"2026-04-23 02:49:59.622";"b-pk-00000007";"rec-7";"2026-06-30 23:59:59.000";"b";"ds-b0070";"NULL";"b0070";"b0070-t4";"2026-04-23 02:49:59.622";"5,05";"NULL";"STAKE";"UNSUCCESSFUL"
"2026-03-17 00:49:02.280";"c-pk-00000003";"rec-3";"2026-06-30 23:59:59.000";"c";"ds-c0071";"NULL";"c0071";"c0071-t0";"2026-03-17 00:49:02.280";"2,52";"ELECTRONIC_MONEY";"DEPOSIT";"SUCCESSFUL"
"2026-03-11 07:55:25.614";"c-pk-00000004";"rec-4";"2026-06-30 23:59:59.000";"c";"ds-c0071";"NULL";"c0071";"c0071-t1";"2026-03-11 07:55:25.614";"3,05";"BANK_TRANSFER";"DEPOSIT";"SUCCESSFUL"
"2026-01-13 05:53:31.576";"c-pk-00000005";"rec-5";"2026-06-30 23:59:59.000";"c";"ds-c0071";"NULL";"c0071";"c0071-t2";"2026-01-13 05:53:31.576";"16,37";"NULL";"STAKE";"SUCCESSFUL"
"2026-02-12 14:03:15.781";"c-pk-00000006";"rec-6";"2026-06-30 23:59:59.000";"c";"ds-c0071";"NULL";"c0071";"c0071-t3";"2026-02-12 14:03:15.781";"5,05";"ELECTRONIC_MONEY";"DEPOSIT";"SUCCESSFUL"
"2026-03-12 05:59:14.868";"c-pk-00000007";"rec-7";"2026-06-30 23:59:59.000";"c";"ds-c0071";"NULL";"c0071";"c0071-t4";"2026-03-12 05:59:14.868";"2,57";"NULL";"WINNING";"SUCCESSFUL"
"2026-01-10 13:40:08.322";"a-pk-00000003";"rec-3";"2026-06-30 23:59:59.000";"a";"ds-a0072";"NULL";"a0072";"a0072-t0";"2026-01-10 13:40:08.322";"1,11";"NULL";"WITHDRAWAL";"UNSUCCESSFUL"
"2026-04-11 12:34:59.341";"a-pk-00000004";"rec-4";"2026-06-30 23:59:59.000";"a";"ds-a0072";"NULL";"a0072";"a0072-t1";"2026-04-11 12:34:59.341";"17,32";"NULL";"STAKE";"SUCCESSFUL"
"2026-01-28 13:49:08.768";"a-pk-00000005";"rec-5";"2026-06-30 23:59:59.000";"a";"ds-a0072";"NULL";"a0072";"a0072-t2";"2026-01-28 13:49:08.768";"9,50";"NULL";"WITHDRAWAL";"UNSUCCESSFUL"
"2026-02-20 07:47:20.719";"a-pk-00000006";"rec-6";"2026-06-30 23:59:59.000";"a";"ds-a0072";"NULL";"a0072";"a0072-t3";"2026-02-20 07:47:20.719";"1,41";"NULL";"WINNING";"UNSUCCESSFUL"
"2026-02-09 21:56:17.887";"a-pk-00000007";"rec-7";"2026-06-30 23:59:59.000";"a";"ds-a0072";"NULL";"a0072";"a0072-t4";"2026-02-09 21:56:17.887";"3,63";"NULL";"STAKE";"SUCCESSFUL"
"2026-03-14 21:23:57.004";"a-pk-00000008";"rec-8";"2026-06-30 23:59:59.000";"a";"ds-a0072";"NULL";"a0072";"a0072-t5";"2026-03-14 21:23:57.004";"4,53";"NULL";"STAKE";"SUCCESSFUL"
"2026-04-15 17:54:44.957";"a-pk-00000009";"rec-9";"2026-06-30 23:59:59.000";"a";"ds-a0072";"NULL";"a0072";"a0072-t6";"2026-04-15 17:54:44.957";"17,24";"NULL";"STAKE";"SUCCESSFUL"
"2026-03-05 21:24:43.729";"b-pk-00000003";"rec-3";"2026-06-30 23:59:59.000";"b";"ds-b0073";"NULL";"b0073";"b0073-t0";"2026-03-05 21:24:43.729";"7,93";"OTHER";"DEPOSIT";"SUCCESSFUL"
"2026-02-05 02:37:04.778";"b-pk-00000004";"rec-4";"2026-06-30 23:59:59.000";"b";"ds-b0073";"NULL";"b0073";"b0073-t1";"2026-02-05 02:37:04.778";"5,91";"NULL";"OTHER";"SUCCESSFUL"
"2026-03-23 09:30:42.249";"b-pk-00000005";"rec-5";"2026-06-30 23:59:59.000";"b";"ds-b0073";"NULL";"b0073";"b0073-t2";"2026-03-23 09:30:42.249";"9,01";"NULL";"STAKE";"SUCCESSFUL"
"2026-01-03 10:02:47.718";"b-pk-00000006";"rec-6";"2026-06-30 23:59:59.000";"b";"ds-b0073";"NULL";"b0073";"b0073-t3";"2026-01-03 10:02:47.718";"2,83";"NULL";"STAKE";"SUCCESSFUL"
"2026-02-14 00:01:32.033";"b-pk-00000007";"rec-7";"2026-06-30 23:59:59.000";"b";"ds-b0073";"NULL";"b0073";"b0073-t4";"2026-02-14 00:01:32.033";"3,56";"NULL";"STAKE";"SUCCESSFUL"
"2026-02-22 08:54:29.931";"b-pk-00000008";"rec-8";"2026-06-30 23:59:59.000";"b";"ds-b0073";"NULL";"b0073";"b0073-t5";"2026-02-22 08:54:29.931";"7,39";"NULL";"STAKE";"UNSUCCESSFUL"
"2026-02-08 10:18:32.512";"b-pk-00000009";"rec-9";"2026-06-30 23:59:59.000";"b";"ds-b0073";"NULL";"b0073";"b0073-t6";"2026-02-08 10:18:32.512";"14,56";"NULL";"WITHDRAWAL";"SUCCESSFUL"
"2026-01-20 05:06:18.584";"b-pk-00000010";"rec-10";"2026-06-30 23:59:59.000";"b";"ds-b0073";"NULL";"b0073";"b0073-t7";"2026-01-20 05:06:18.584";"8,66";"NULL";"STAKE";"SUCCESSFUL"
"2026-04-08 22:32:59.423";"b-pk-00000011";"rec-11";"2026-06-30 23:59:59.000";"b";"ds-b0073";"NULL";"b0073";"b0073-t8";"2026-04-08 22:32:59.423";"19,71";"NULL";"WITHDRAWAL";"UNSUCCESSFUL"
"2026-02-26 04:01:56.212";"b-pk-00000012";"rec-12";"2026-06-30 23:59:59.000";"b";"ds-b0073";"NULL";"b0073";"b0073-t9";"2026-02-26 04:01:56.212";"2,74";"NULL";"WITHDRAWAL";"UNSUCCESSFUL"
"2026-04-14 11:09:49.530";"b-pk-00000013";"rec-13";"2026-06-30 23:59:59.000";"b";"ds-b0073";"NULL";"b0073";"b0073-t10";"2026-04-14 11:09:49.530";"3,70";"NULL";"WINNING";"UNSUCCESSFUL"
"2026-01-25 04:37:12.018";"c-pk-00000003";"rec-3";"2026-06-30 23:59:59.000";"c";"ds-c0074";"NULL";"c0074";"c0074-t0";"2026-01-25 04:37:12.018";"3,35";"ELECTRONIC_MONEY";"DEPOSIT";"SUCCESSFUL"
"2026-01-21 16:25:53.640";"c-pk-00000004";"rec-4";"2026-06-30 23:59:59.000";"c";"ds-c0074";"NULL";"c0074";"c0074-t1";"2026-01-21 16:25:53.640";"1,69";"NULL";"STAKE";"SUCCESSFUL"
"2026-01-13 21:41:38.352";"c-pk-00000005";"rec-5";"2026-06-30 23:59:59.000";"c";"ds-c0074";"NULL";"c0074";"c0074-t2";"2026-01-13 21:41:38.352";"3,84";"ELECTRONIC_MONEY";"DEPOSIT";"SUCCESSFUL"
"2026-02-14 19:13:52.121";"c-pk-00000006";"rec-6";"2026-06-30 23:59:59.000";"c";"ds-c0074";"NULL";"c0074";"c0074-t3";"2026-02-14 19:13:52.121";"13,05";"CREDIT_CARD";"DEPOSIT";"UNSUCCESSFUL"
"2026-01-01 15:40:12.020";"c-pk-00000007";"rec-7";"2026-06-30 23:59:59.000";"c";"ds-c0074";"NULL";"c0074";"c0074-t4";"2026-01-01 15:40:12.020";"18,87";"BANK_TRANSFER";"DEPOSIT";"SUCCESSFUL"
"2026-04-05 08:44:51.587";"c-pk-00000008";"rec-8";"2026-06-30 23:59:59.000";"c";"ds-c0074";"NULL";"c0074";"c0074-t5";"2026-04-05 08:44:51.587";"9,57";"NULL";"WITHDRAWAL";"SUCCESSFUL"
"2026-01-24 20:26:14.425";"a-pk-00000003";"rec-3";"2026-06-30 23:59:59.000";"a";"ds-a0075";"NULL";"a0075";"a0075-t0";"2026-01-24 20:26:14.425";"16,98";"NULL";"STAKE";"SUCCESSFUL"
"2026-01-21 22:30:15.755";"a-pk-00000004";"rec-4";"2026-06-30 23:59:59.000";"a";"ds-a0075";"NULL";"a0075";"a0075-t1";"2026-01-21 22:30:15.755";"8,23";"NULL";"STAKE";"SUCCESSFUL"
"2026-03-21 15:27:30.188";"a-pk-00000005";"rec-5";"2026-06-30 23:59:59.000";"a";"ds-a0075";"NULL";"a0075";"a0075-t2";"2026-03-21 15:27:30.188";"1,88";"NULL";"STAKE";"SUCCESSFUL"
"2026-01-09 22:45:06.799";"a-pk-00000006";"rec-6";"2026-06-30 23:59:59.000";"a";"ds-a0075";"NULL";"a0075";"a0075-t3";"2026-01-09 22:45:06.799";"1,96";"NULL";"STAKE";"UNSUCCESSFUL"
"2026-04-04 13:15:17.574";"a-pk-00000007";"rec-7";"2026-06-30 23:59:59.000";"a";"ds-a0075";"NULL";"a0075";"a0075-t4";"2026-04-04 13:15:17.574";"7,94";"NULL";"OTHER";"SUCCESSFUL"
"2026-03-04 05:13:29.006";"a-pk-00000008";"rec-8";"2026-06-30 23:59:59.000";"a";"ds-a0075";"NULL";"a0075";"a0075-t5";"2026-03-04 05:13:29.006";"11,05";"NULL";"WINNING";"SUCCESSFUL"
"2026-03-04 14:51:17.071";"b-pk-00000003";"rec-3";"2026-06-30 23:59:59.000";"b";"ds-b0076";"NULL";"b0076";"b0076-t0";"2026-03-04 14:51:17.071";"16,84";"NULL";"OTHER";"SUCCESSFUL"
"2026-01-21 23:53:57.971";"b-pk-00000004";"rec-4";"2026-06-30 23:59:59.000";"b";"ds-b0076";"NULL";"b0076";"b0076-t1";"2026-01-21 23:53:57.971";"16,80";"NULL";"STAKE";"UNSUCCESSFUL"
"2026-02-04 22:11:45.192";"b-pk-00000005";"rec-5";"2026-06-30 23:59:59.000";"b";"ds-b0076";"NULL";"b0076";"b0076-t2";"2026-02-04 22:11:45.192";"8,71";"NULL";"WITHDRAWAL";"SUCCESSFUL"
"2026-04-08 18:38:16.366";"b-pk-00000006";"rec-6";"2026-06-30 23:59:59.000";"b";"ds-b0076";"NULL";"b0076";"b0076-t3";"2026-04-08 18:38:16.366";"5,91";"ELECTRONIC_MONEY";"DEPOSIT";"SUCCESSFUL"
"2026-01-11 12:13:49.053";"b-pk-00000007";"rec-7";"2026-06-30 23:59:59.000";"b";"ds-b0076";"NULL";"b0076";"b0076-t4";"2026-01-11 12:13:49.053";"12,46";"NULL";"STAKE";"SUCCESSFUL"
"2026-04-20 12:33:42.754";"b-pk-00000008";"rec-8";"2026-06-30 23:59:59.000";"b";"ds-b0076";"NULL";"b0076";"b0076-t5";"2026-04-20 12:33:42.754";"7,42";"NULL";"WITHDRAWAL";"SUCCESSFUL"
"2026-04-23 21:19:23.903";"b-pk-00000009";"rec-9";"2026-06-30 23:59:59.000";"b";"ds-b0076";"NULL";"b0076";"b0076-t6";"2026-04-23 21:19:23.903";"15,98";"NULL";"WINNING";"UNSUCCESSFUL"
"2026-03-24 01:35:47.625";"b-pk-00000010";"rec-10";"2026-06-30 23:59:59.000";"b";"ds-b0076";"NULL";"b0076";"b0076-t7";"2026-03-24 01:35:47.625";"12,50";"ELECTRONIC_MONEY";"DEPOSIT";"SUCCESSFUL"
"2026-01-18 02:43:09.200";"c-pk-00000003";"rec-3";"2026-06-30 23:59:59.000";"c";"ds-c0077";"NULL";"c0077";"c0077-t0";"2026-01-18 02:43:09.200";"5,22";"OTHER";"DEPOSIT";"UNSUCCESSFUL"
"2026-01-15 07:53:07.907";"c-pk-00000004";"rec-4";"2026-06-30 23:59:59.000";"c";"ds-c0077";"NULL";"c0077";"c0077-t1";"2026-01-15 07:53:07.907";"9,48";"BANK_TRANSFER";"DEPOSIT";"SUCCESSFUL"
"2026-04-06 21:26:56.139";"c-pk-00000005";"rec-5";"2026-06-30 23:59:59.000";"c";"ds-c0077";"NULL";"c0077";"c0077-t2";"2026-04-06 21:26:56.139";"8,37";"NULL";"STAKE";"UNSUCCESSFUL"
"2026-03-23 01:32:39.923";"c-pk-00000006";"rec-6";"2026-06-30 23:59:59.000";"c";"ds-c0077";"NULL";"c0077";"c0077-t3";"2026-03-23 01:32:39.923";"18,28";"NULL";"STAKE";"UNSUCCESSFUL"
"2026-03-26 15:49:54.383";"c-pk-00000007";"rec-7";"2026-06-30 23:59:59.000";"c";"ds-c0077";"NULL";"c0077";"c0077-t4";"2026-03-26 15:49:54.383";"12,65";"NULL";"WINNING";"SUCCESSFUL"
"2026-03-27 16:45:21.141";"c-pk-00000008";"rec-8";"2026-06-30 23:59:59.000";"c";"ds-c0077";"NULL";"c0077";"c0077-t5";"2026-03-27 16:45:21.141";"12,16";"NULL";"WINNING";"SUCCESSFUL"
"2026-04-26 08:56:52.890";"c-pk-00000009";"rec-9";"2026-06-30 23:59:59.000";"c";"ds-c0077";"NULL";"c0077";"c0077-t6";"2026-04-26 08:56:52.890";"1,52";"NULL";"STAKE";"SUCCESSFUL"
"2026-04-14 17:30:18.025";"c-pk-00000010";"rec-10";"2026-06-30 23:59:59.000";"c";"ds-c0077";"NULL";"c0077";"c0077-t7";"2026-04-14 17:30:18.025";"6,04";"NULL";"STAKE";"SUCCESSFUL"
"2026-04-14 14:22:05.315";"c-pk-00000011";"rec-11";"2026-06-30 23:59:59.000";"c";"ds-c0077";"NULL";"c0077";"c0077-t8";"2026-04-14 14:22:05.315";"12,34";"BANK_TRANSFER";"DEPOSIT";"SUCCESSFUL"
"2026-01-11 15:49:13.667";"c-pk-00000012";"rec-12";"2026-06-30 23:59:59.000";"c";"ds-c0077";"NULL";"c0077";"c0077-t9";"2026-01-11 15:49:13.667";"15,76";"NULL";"STAKE";"SUCCESSFUL"
"2026-01-26 01:41:45.047";"c-pk-00000013";"rec-13";"2026-06-30 23:59:59.000";"c";"ds-c0077";"NULL";"c0077";"c0077-t10";"2026-01-26 01:41:45.047";"11,85";"NULL";"STAKE";"SUCCESSFUL"
"2026-04-12 12:22:46.518";"c-pk-00000014";"rec-14";"2026-06-30 23:59:59.000";"c";"ds-c0077";"NULL";"c0077";"c0077-t11";"2026-04-12 12:22:46.518";"3,85";"NULL";"WINNING";"SUCCESSFUL"
"2026-01-25 18:39:00.219";"a-pk-00000003";"rec-3";"2026-06-30 23:59:59.000";"a";"ds-a0078";"NULL";"a0078";"a0078-t0";"2026-01-25 18:39:00.219";"10,67";"NULL";"STAKE";"SUCCESSFUL"
"2026-03-28 16:37:51.783";"a-pk-00000004";"rec-4";"2026-06-30 23:59:59.000";"a";"ds-a0078";"NULL";"a0078";"a0078-t1";"2026-03-28 16:37:51.783";"7,13";"NULL";"STAKE";"SUCCESSFUL"
"2026-03-10 02:37:45.771";"a-pk-00000005";"rec-5";"2026-06-30 23:59:59.000";"a";"ds-a0078";"NULL";"a0078";"a0078-t2";"2026-03-10 02:37:45.771";"3,32";"NULL";"STAKE";"UNSUCCESSFUL"
"2026-01-12 07:19:28.131";"a-pk-00000006";"rec-6";"2026-06-30 23:59:59.000";"a";"ds-a0078";"NULL";"a0078";"a0078-t3";"2026-01-12 07:19:28.131";"11,66";"NULL";"WINNING";"SUCCESSFUL"
"2026-04-16 06:40:03.839";"a-pk-00000007";"rec-7";"2026-06-30 23:59:59.000";"a";"ds-a0078";"NULL";"a0078";"a0078-t4";"2026-04-16 06:40:03.839";"11,72";"NULL";"WITHDRAWAL";"SUCCESSFUL"
"2026-04-16 00:51:35.261";"a-pk-00000008";"rec-8";"2026-06-30 23:59:59.000";"a";"ds-a0078";"NULL";"a0078";"a0078-t5";"2026-04-16 00:51:35.261";"17,43";"OTHER";"DEPOSIT";"UNSUCCESSFUL"
"2026-03-13 22:42:09.607";"a-pk-00000009";"rec-9";"2026-06-30 23:59:59.000";"a";"ds-a0078";"NULL";"a0078";"a0078-t6";"2026-03-13 22:42:09.607";"17,93";"NULL";"WITHDRAWAL";"SUCCESSFUL"
"2026-02-28 05:33:57.168";"a-pk-00000010";"rec-10";"2026-06-30 23:59:59.000";"a";"ds-a0078";"NULL";"a0078";"a0078-t7";"2026-02-28 05:33:57.168";"14,62";"NULL";"WINNING";"SUCCESSFUL"
"2026-01-17 06:09:15.382";"a-pk-00000011";"rec-11";"2026-06-30 23:59:59.000";"a";"ds-a0078";"NULL";"a0078";"a0078-t8";"2026-01-17 06:09:15.382";"4,98";"NULL";"WINNING";"UNSUCCESSFUL"
"2026-03-14 17:46:19.697";"a-pk-00000012";"rec-12";"2026-06-30 23:59:59.000";"a";"ds-a0078";"NULL";"a0078";"a0078-t9";"2026-03-14 17:46:19.697";"18,90";"NULL";"WITHDRAWAL";"UNSUCCESSFUL"
"2026-04-21 15:32:01.625";"a-pk-00000013";"rec-13";"2026-06-30 23:59:59.000";"a";"ds-a0078";"NULL";"a0078";"a0078-t10";"2026-04-21 15:32:01.625";"19,03";"NULL";"STAKE";"SUCCESSFUL"
"2026-03-20 07:27:25.871";"b-pk-00000003";"rec-3";"2026-06-30 23:59:59.000";"b";"ds-b0079";"NULL";"b0079";"b0079-t0";"2026-03-20 07:27:25.871";"13,78";"ELECTRONIC_MONEY";"DEPOSIT";"SUCCESSFUL"
"2026-04-15 02:44:17.532";"b-pk-00000004";"rec-4";"2026-06-30 23:59:59.000";"b";"ds-b0079";"NULL";"b0079";"b0079-t1";"2026-04-15 02:44:17.532";"19,30";"NULL";"STAKE";"SUCCESSFUL"
"2026-01-22 01:58:29.689";"b-pk-00000005";"rec-5";"2026-06-30 23:59:59.000";"b";"ds-b0079";"NULL";"b0079";"b0079-t2";"2026-01-22 01:58:29.689";"14,70";"NULL";"WINNING";"SUCCESSFUL"
"2026-04-27 11:35:52.157";"b-pk-00000006";"rec-6";"2026-06-30 23:59:59.000";"b";"ds-b0079";"NULL";"b0079";"b0079-t3";"2026-04-27 11:35:52.157";"8,41";"NULL";"WINNING";"SUCCESSFUL"
"2026-03-06 21:26:15.918";"b-pk-00000007";"rec-7";"2026-06-30 23:59:59.000";"b";"ds-b0079";"NULL";"b0079";"b0079-t4";"2026-03-06 21:26:15.918";"14,86";"NULL";"STAKE";"SUCCESSFUL"
"2026-01-05 16:55:48.535";"b-pk-00000008";"rec-8";"2026-06-30 23:59:59.000";"b";"ds-b0079";"NULL";"b0079";"b0079-t5";"2026-01-05 16:55:48.535";"8,42";"NULL";"WINNING";"SUCCESSFUL"
"2026-02-22 04:12:50.821";"b-pk-00000009";"rec-9";"2026-06-30 23:59:59.000";"b";"ds-b0079";"NULL";"b0079";"b0079-t6";"2026-02-22 04:12:50.821";"4,16";"BANK_TRANSFER";"DEPOSIT";"SUCCESSFUL"
"2026-02-26 12:05:59.110";"b-pk-00000010";"rec-10";"2026-06-30 23:59:59.000";"b";"ds-b0079";"NULL";"b0079";"b0079-t7";"2026-02-26 12:05:59.110";"12,13";"NULL";"STAKE";"SUCCESSFUL"
"2026-01-25 06:37:00.623";"c-pk-00000003";"rec-3";"2026-06-30 23:59:59.000";"c";"ds-c0080";"NULL";"c0080";"c0080-t0";"2026-01-25 06:37:00.623";"10,64";"NULL";"OTHER";"UNSUCCESSFUL"
"2026-03-24 13:00:53.444";"c-pk-00000004";"rec-4";"2026-06-30 23:59:59.000";"c";"ds-c0080";"NULL";"c0080";"c0080-t1";"2026-03-24 13:00:53.444";"8,20";"NULL";"STAKE";"SUCCESSFUL"
"2026-04-03 06:33:08.953";"c-pk-00000005";"rec-5";"2026-06-30 23:59:59.000";"c";"ds-c0080";"NULL";"c0080";"c0080-t2";"2026-04-03 06:33:08.953";"8,79";"NULL";"OTHER";"UNSUCCESSFUL"
"2026-04-15 14:28:38.383";"c-pk-00000006";"rec-6";"2026-06-30 23:59:59.000";"c";"ds-c0080";"NULL";"c0080";"c0080-t3";"2026-04-15 14:28:38.383";"9,90";"ELECTRONIC_MONEY";"DEPOSIT";"UNSUCCESSFUL"
"2026-02-16 14:37:11.900";"c-pk-00000007";"rec-7";"2026-06-30 23:59:59.000";"c";"ds-c0080";"NULL";"c0080";"c0080-t4";"2026-02-16 14:37:11.900";"15,16";"OTHER";"DEPOSIT";"SUCCESSFUL"
"2026-01-02 14:48:15.366";"c-pk-00000008";"rec-8";"2026-06-30 23:59:59.000";"c";"ds-c0080";"NULL";"c0080";"c0080-t5";"2026-01-02 14:48:15.366";"3,34";"NULL";"WINNING";"UNSUCCESSFUL"
"2026-01-14 17:57:41.938";"c-pk-00000009";"rec-9";"2026-06-30 23:59:59.000";"c";"ds-c0080";"NULL";"c0080";"c0080-t6";"2026-01-14 17:57:41.938";"4,19";"ELECTRONIC_MONEY";"DEPOSIT";"SUCCESSFUL"
"2026-02-02 04:13:39.603";"c-pk-00000010";"rec-10";"2026-06-30 23:59:59.000";"c";"ds-c0080";"NULL";"c0080";"c0080-t7";"2026-02-02 04:13:39.603";"18,65";"BANK_TRANSFER";"DEPOSIT";"SUCCESSFUL"
"2026-04-27 22:56:01.854";"c-pk-00000011";"rec-11";"2026-06-30 23:59:59.000";"c";"ds-c0080";"NULL";"c0080";"c0080-t8";"2026-04-27 22:56:01.854";"17,12";"NULL";"STAKE";"UNSUCCESSFUL"
"2026-03-23 07:43:58.002";"c-pk-00000012";"rec-12";"2026-06-30 23:59:59.000";"c";"ds-c0080";"NULL";"c0080";"c0080-t9";"2026-03-23 07:43:58.002";"8,58";"NULL";"STAKE";"SUCCESSFUL"
"2026-02-11 14:34:56.401";"c-pk-00000013";"rec-13";"2026-06-30 23:59:59.000";"c";"ds-c0080";"NULL";"c0080";"c0080-t10";"2026-02-11 14:34:56.401";"7,14";"NULL";"WINNING";"SUCCESSFUL"
"2026-01-05 16:21:15.493";"c-pk-00000014";"rec-14";"2026-06-30 23:59:59.000";"c";"ds-c0080";"NULL";"c0080";"c0080-t11";"2026-01-05 16:21:15.493";"14,59";"NULL";"STAKE";"SUCCESSFUL"
"2026-02-19 17:40:15.854";"a-pk-00000003";"rec-3";"2026-06-30 23:59:59.000";"a";"ds-a0081";"NULL";"a0081";"a0081-t0";"2026-02-19 17:40:15.854";"16,08";"NULL";"STAKE";"SUCCESSFUL"
"2026-04-23 15:50:30.816";"a-pk-00000004";"rec-4";"2026-06-30 23:59:59.000";"a";"ds-a0081";"NULL";"a0081";"a0081-t1";"2026-04-23 15:50:30.816";"18,75";"NULL";"STAKE";"SUCCESSFUL"
"2026-01-26 05:10:27.787";"a-pk-00000005";"rec-5";"2026-06-30 23:59:59.000";"a";"ds-a0081";"NULL";"a0081";"a0081-t2";"2026-01-26 05:10:27.787";"18,34";"BANK_TRANSFER";"DEPOSIT";"UNSUCCESSFUL"
"2026-02-13 10:00:02.736";"a-pk-00000006";"rec-6";"2026-06-30 23:59:59.000";"a";"ds-a0081";"NULL";"a0081";"a0081-t3";"2026-02-13 10:00:02.736";"4,85";"NULL";"WINNING";"SUCCESSFUL"
"2026-01-14 09:53:29.416";"a-pk-00000007";"rec-7";"2026-06-30 23:59:59.000";"a";"ds-a0081";"NULL";"a0081";"a0081-t4";"2026-01-14 09:53:29.416";"2,28";"NULL";"STAKE";"SUCCESSFUL"
"2026-04-17 15:15:53.755";"a-pk-00000008";"rec-8";"2026-06-30 23:59:59.000";"a";"ds-a0081";"NULL";"a0081";"a0081-t5";"2026-04-17 15:15:53.755";"14,41";"NULL";"STAKE";"SUCCESSFUL"
"2026-01-23 09:11:41.254";"a-pk-00000009";"rec-9";"2026-06-30 23:59:59.000";"a";"ds-a0081";"NULL";"a0081";"a0081-t6";"2026-01-23 09:11:41.254";"3,37";"OTHER";"DEPOSIT";"SUCCESSFUL"
"2026-01-24 13:28:23.830";"a-pk-00000010";"rec-10";"2026-06-30 23:59:59.000";"a";"ds-a0081";"NULL";"a0081";"a0081-t7";"2026-01-24 13:28:23.830";"17,40";"NULL";"WINNING";"SUCCESSFUL"
"2026-01-25 12:38:28.975";"b-pk-00000003";"rec-3";"2026-06-30 23:59:59.000";"b";"ds-b0082";"NULL";"b0082";"b0082-t0";"2026-01-25 12:38:28.975";"17,80";"NULL";"STAKE";"SUCCESSFUL"
"2026-03-12 09:38:35.209";"b-pk-00000004";"rec-4";"2026-06-30 23:59:59.000";"b";"ds-b0082";"NULL";"b0082";"b0082-t1";"2026-03-12 09:38:35.209";"8,82";"CREDIT_CARD";"DEPOSIT";"SUCCESSFUL"
"2026-03-19 01:27:24.539";"b-pk-00000005";"rec-5";"2026-06-30 23:59:59.000";"b";"ds-b0082";"NULL";"b0082";"b0082-t2";"2026-03-19 01:27:24.539";"10,79";"NULL";"STAKE";"UNSUCCESSFUL"
"2026-01-28 17:21:48.503";"b-pk-00000006";"rec-6";"2026-06-30 23:59:59.000";"b";"ds-b0082";"NULL";"b0082";"b0082-t3";"2026-01-28 17:21:48.503";"17,97";"NULL";"STAKE";"SUCCESSFUL"
"2026-03-14 01:22:42.622";"b-pk-00000007";"rec-7";"2026-06-30 23:59:59.000";"b";"ds-b0082";"NULL";"b0082";"b0082-t4";"2026-03-14 01:22:42.622";"16,12";"NULL";"STAKE";"UNSUCCESSFUL"
"2026-02-10 02:02:14.268";"c-pk-00000003";"rec-3";"2026-06-30 23:59:59.000";"c";"ds-c0083";"NULL";"c0083";"c0083-t0";"2026-02-10 02:02:14.268";"2,49";"NULL";"STAKE";"SUCCESSFUL"
"2026-01-17 03:07:54.875";"c-pk-00000004";"rec-4";"2026-06-30 23:59:59.000";"c";"ds-c0083";"NULL";"c0083";"c0083-t1";"2026-01-17 03:07:54.875";"11,68";"CREDIT_CARD";"DEPOSIT";"SUCCESSFUL"
"2026-03-03 22:45:14.160";"c-pk-00000005";"rec-5";"2026-06-30 23:59:59.000";"c";"ds-c0083";"NULL";"c0083";"c0083-t2";"2026-03-03 22:45:14.160";"6,98";"CREDIT_CARD";"DEPOSIT";"UNSUCCESSFUL"
"2026-01-10 09:28:02.514";"c-pk-00000006";"rec-6";"2026-06-30 23:59:59.000";"c";"ds-c0083";"NULL";"c0083";"c0083-t3";"2026-01-10 09:28:02.514";"7,86";"NULL";"WITHDRAWAL";"SUCCESSFUL"
"2026-03-26 01:51:57.395";"c-pk-00000007";"rec-7";"2026-06-30 23:59:59.000";"c";"ds-c0083";"NULL";"c0083";"c0083-t4";"2026-03-26 01:51:57.395";"9,61";"NULL";"STAKE";"SUCCESSFUL"
"2026-04-17 06:04:01.202";"c-pk-00000008";"rec-8";"2026-06-30 23:59:59.000";"c";"ds-c0083";"NULL";"c0083";"c0083-t5";"2026-04-17 06:04:01.202";"2,99";"NULL";"WINNING";"SUCCESSFUL"
"2026-04-09 10:30:08.969";"c-pk-00000009";"rec-9";"2026-06-30 23:59:59.000";"c";"ds-c0083";"NULL";"c0083";"c0083-t6";"2026-04-09 10:30:08.969";"15,53";"NULL";"WINNING";"UNSUCCESSFUL"
"2026-04-20 08:50:03.465";"c-pk-00000010";"rec-10";"2026-06-30 23:59:59.000";"c";"ds-c0083";"NULL";"c0083";"c0083-t7";"2026-04-20 08:50:03.465";"14,79";"NULL";"STAKE";"SUCCESSFUL"
"2026-04-09 08:39:40.594";"c-pk-00000011";"rec-11";"2026-06-30 23:59:59.000";"c";"ds-c0083";"NULL";"c0083";"c0083-t8";"2026-04-09 08:39:40.594";"12,66";"OTHER";"DEPOSIT";"SUCCESSFUL"
"2026-02-08 19:06:45.234";"c-pk-00000012";"rec-12";"2026-06-30 23:59:59.000";"c";"ds-c0083";"NULL";"c0083";"c0083-t9";"2026-02-08 19:06:45.234";"8,47";"NULL";"STAKE";"SUCCESSFUL"
"2026-04-10 02:00:53.394";"c-pk-00000013";"rec-13";"2026-06-30 23:59:59.000";"c";"ds-c0083";"NULL";"c0083";"c0083-t10";"2026-04-10 02:00:53.394";"1,32";"ELECTRONIC_MONEY";"DEPOSIT";"UNSUCCESSFUL"
"2026-03-15 19:08:07.901";"a-pk-00000003";"rec-3";"2026-06-30 23:59:59.000";"a";"ds-a0084";"NULL";"a0084";"a0084-t0";"2026-03-15 19:08:07.901";"14,62";"NULL";"WITHDRAWAL";"UNSUCCESSFUL"
"2026-01-13 22:51:37.570";"a-pk-00000004";"rec-4";"2026-06-30 23:59:59.000";"a";"ds-a0084";"NULL";"a0084";"a0084-t1";"2026-01-13 22:51:37.570";"12,63";"BANK_TRANSFER";"DEPOSIT";"SUCCESSFUL"
"2026-04-07 18:34:44.610";"a-pk-00000005";"rec-5";"2026-06-30 23:59:59.000";"a";"ds-a0084";"NULL";"a0084";"a0084-t2";"2026-04-07 18:34:44.610";"9,51";"NULL";"STAKE";"SUCCESSFUL"
"2026-03-12 15:00:54.894";"a-pk-00000006";"rec-6";"2026-06-30 23:59:59.000";"a";"ds-a0084";"NULL";"a0084";"a0084-t3";"2026-03-12 15:00:54.894";"5,38";"NULL";"OTHER";"SUCCESSFUL"
"2026-02-16 22:53:06.741";"a-pk-00000007";"rec-7";"2026-06-30 23:59:59.000";"a";"ds-a0084";"NULL";"a0084";"a0084-t4";"2026-02-16 22:53:06.741";"11,28";"OTHER";"DEPOSIT";"UNSUCCESSFUL"
"2026-02-12 10:08:38.853";"a-pk-00000008";"rec-8";"2026-06-30 23:59:59.000";"a";"ds-a0084";"NULL";"a0084";"a0084-t5";"2026-02-12 10:08:38.853";"17,19";"NULL";"OTHER";"SUCCESSFUL"
"2026-02-13 01:00:03.682";"a-pk-00000009";"rec-9";"2026-06-30 23:59:59.000";"a";"ds-a0084";"NULL";"a0084";"a0084-t6";"2026-02-13 01:00:03.682";"2,52";"NULL";"STAKE";"SUCCESSFUL"
"2026-01-03 10:27:04.425";"a-pk-00000010";"rec-10";"2026-06-30 23:59:59.000";"a";"ds-a0084";"NULL";"a0084";"a0084-t7";"2026-01-03 10:27:04.425";"2,34";"NULL";"WINNING";"UNSUCCESSFUL"
"2026-03-26 08:49:47.638";"a-pk-00000011";"rec-11";"2026-06-30 23:59:59.000";"a";"ds-a0084";"NULL";"a0084";"a0084-t8";"2026-03-26 08:49:47.638";"12,91";"CREDIT_CARD";"DEPOSIT";"SUCCESSFUL"
"2026-02-01 01:43:47.569";"a-pk-00000012";"rec-12";"2026-06-30 23:59:59.000";"a";"ds-a0084";"NULL";"a0084";"a0084-t9";"2026-02-01 01:43:47.569";"10,73";"NULL";"OTHER";"SUCCESSFUL"
"2026-04-20 22:27:48.909";"b-pk-00000003";"rec-3";"2026-06-30 23:59:59.000";"b";"ds-b0085";"NULL";"b0085";"b0085-t0";"2026-04-20 22:27:48.909";"4,98";"NULL";"WINNING";"UNSUCCESSFUL"
"2026-02-20 23:46:20.361";"b-pk-00000004";"rec-4";"2026-06-30 23:59:59.000";"b";"ds-b0085";"NULL";"b0085";"b0085-t1";"2026-02-20 23:46:20.361";"7,31";"NULL";"STAKE";"SUCCESSFUL"
"2026-03-03 01:32:07.633";"b-pk-00000005";"rec-5";"2026-06-30 23:59:59.000";"b";"ds-b0085";"NULL";"b0085";"b0085-t2";"2026-03-03 01:32:07.633";"6,77";"BANK_TRANSFER";"DEPOSIT";"SUCCESSFUL"
"2026-02-07 22:03:00.214";"b-pk-00000006";"rec-6";"2026-06-30 23:59:59.000";"b";"ds-b0085";"NULL";"b0085";"b0085-t3";"2026-02-07 22:03:00.214";"8,95";"OTHER";"DEPOSIT";"SUCCESSFUL"
"2026-03-02 04:47:41.541";"b-pk-00000007";"rec-7";"2026-06-30 23:59:59.000";"b";"ds-b0085";"NULL";"b0085";"b0085-t4";"2026-03-02 04:47:41.541";"5,39";"ELECTRONIC_MONEY";"DEPOSIT";"SUCCESSFUL"
"2026-03-07 14:21:51.209";"b-pk-00000008";"rec-8";"2026-06-30 23:59:59.000";"b";"ds-b0085";"NULL";"b0085";"b0085-t5";"2026-03-07 14:21:51.209";"11,91";"NULL";"WINNING";"UNSUCCESSFUL"
"2026-02-28 17:01:55.620";"b-pk-00000009";"rec-9";"2026-06-30 23:59:59.000";"b";"ds-b0085";"NULL";"b0085";"b0085-t6";"2026-02-28 17:01:55.620";"3,13";"NULL";"WINNING";"UNSUCCESSFUL"
"2026-02-04 13:53:57.803";"b-pk-00000010";"rec-10";"2026-06-30 23:59:59.000";"b";"ds-b0085";"NULL";"b0085";"b0085-t7";"2026-02-04 13:53:57.803";"9,10";"NULL";"WINNING";"UNSUCCESSFUL"
"2026-03-26 08:20:29.700";"c-pk-00000003";"rec-3";"2026-06-30 23:59:59.000";"c";"ds-c0086";"NULL";"c0086";"c0086-t0";"2026-03-26 08:20:29.700";"18,11";"NULL";"WINNING";"SUCCESSFUL"
"2026-03-09 03:54:02.462";"c-pk-00000004";"rec-4";"2026-06-30 23:59:59.000";"c";"ds-c0086";"NULL";"c0086";"c0086-t1";"2026-03-09 03:54:02.462";"8,66";"NULL";"WITHDRAWAL";"SUCCESSFUL"
"2026-02-13 20:49:59.351";"c-pk-00000005";"rec-5";"2026-06-30 23:59:59.000";"c";"ds-c0086";"NULL";"c0086";"c0086-t2";"2026-02-13 20:49:59.351";"6,41";"NULL";"WINNING";"SUCCESSFUL"
"2026-04-27 11:36:06.705";"c-pk-00000006";"rec-6";"2026-06-30 23:59:59.000";"c";"ds-c0086";"NULL";"c0086";"c0086-t3";"2026-04-27 11:36:06.705";"8,43";"NULL";"STAKE";"SUCCESSFUL"
"2026-02-20 16:21:40.652";"c-pk-00000007";"rec-7";"2026-06-30 23:59:59.000";"c";"ds-c0086";"NULL";"c0086";"c0086-t4";"2026-02-20 16:21:40.652";"14,50";"CREDIT_CARD";"DEPOSIT";"UNSUCCESSFUL"
"2026-04-12 16:54:20.461";"c-pk-00000008";"rec-8";"2026-06-30 23:59:59.000";"c";"ds-c0086";"NULL";"c0086";"c0086-t5";"2026-04-12 16:54:20.461";"10,64";"NULL";"WINNING";"SUCCESSFUL"
"2026-04-11 13:42:51.565";"c-pk-00000009";"rec-9";"2026-06-30 23:59:59.000";"c";"ds-c0086";"NULL";"c0086";"c0086-t6";"2026-04-11 13:42:51.565";"2,37";"NULL";"OTHER";"UNSUCCESSFUL"
"2026-04-13 09:30:55.591";"a-pk-00000003";"rec-3";"2026-06-30 23:59:59.000";"a";"ds-a0087";"NULL";"a0087";"a0087-t0";"2026-04-13 09:30:55.591";"16,92";"NULL";"WINNING";"SUCCESSFUL"
"2026-02-04 05:48:48.268";"a-pk-00000004";"rec-4";"2026-06-30 23:59:59.000";"a";"ds-a0087";"NULL";"a0087";"a0087-t1";"2026-02-04 05:48:48.268";"3,54";"BANK_TRANSFER";"DEPOSIT";"SUCCESSFUL"
"2026-03-03 12:50:01.086";"a-pk-00000005";"rec-5";"2026-06-30 23:59:59.000";"a";"ds-a0087";"NULL";"a0087";"a0087-t2";"2026-03-03 12:50:01.086";"11,96";"NULL";"OTHER";"SUCCESSFUL"
"2026-03-18 00:33:28.002";"a-pk-00000006";"rec-6";"2026-06-30 23:59:59.000";"a";"ds-a0087";"NULL";"a0087";"a0087-t3";"2026-03-18 00:33:28.002";"18,69";"NULL";"OTHER";"SUCCESSFUL"
"2026-04-16 03:23:10.040";"a-pk-00000007";"rec-7";"2026-06-30 23:59:59.000";"a";"ds-a0087";"NULL";"a0087";"a0087-t4";"2026-04-16 03:23:10.040";"10,11";"NULL";"STAKE";"SUCCESSFUL"
"2026-04-07 02:51:51.107";"b-pk-00000003";"rec-3";"2026-06-30 23:59:59.000";"b";"ds-b0088";"NULL";"b0088";"b0088-t0";"2026-04-07 02:51:51.107";"3,47";"NULL";"WITHDRAWAL";"SUCCESSFUL"
"2026-01-16 17:54:11.570";"b-pk-00000004";"rec-4";"2026-06-30 23:59:59.000";"b";"ds-b0088";"NULL";"b0088";"b0088-t1";"2026-01-16 17:54:11.570";"18,18";"CREDIT_CARD";"DEPOSIT";"UNSUCCESSFUL"
"2026-03-23 09:22:39.882";"b-pk-00000005";"rec-5";"2026-06-30 23:59:59.000";"b";"ds-b0088";"NULL";"b0088";"b0088-t2";"2026-03-23 09:22:39.882";"10,70";"NULL";"STAKE";"UNSUCCESSFUL"
"2026-03-14 10:45:53.303";"b-pk-00000006";"rec-6";"2026-06-30 23:59:59.000";"b";"ds-b0088";"NULL";"b0088";"b0088-t3";"2026-03-14 10:45:53.303";"2,52";"NULL";"STAKE";"SUCCESSFUL"
"2026-02-11 04:04:10.936";"b-pk-00000007";"rec-7";"2026-06-30 23:59:59.000";"b";"ds-b0088";"NULL";"b0088";"b0088-t4";"2026-02-11 04:04:10.936";"13,59";"OTHER";"DEPOSIT";"UNSUCCESSFUL"
"2026-03-27 19:17:24.603";"b-pk-00000008";"rec-8";"2026-06-30 23:59:59.000";"b";"ds-b0088";"NULL";"b0088";"b0088-t5";"2026-03-27 19:17:24.603";"18,52";"NULL";"STAKE";"SUCCESSFUL"
"2026-02-23 17:18:28.904";"b-pk-00000009";"rec-9";"2026-06-30 23:59:59.000";"b";"ds-b0088";"NULL";"b0088";"b0088-t6";"2026-02-23 17:18:28.904";"1,68";"ELECTRONIC_MONEY";"DEPOSIT";"SUCCESSFUL"
"2026-02-27 21:10:52.631";"b-pk-00000010";"rec-10";"2026-06-30 23:59:59.000";"b";"ds-b0088";"NULL";"b0088";"b0088-t7";"2026-02-27 21:10:52.631";"11,27";"OTHER";"DEPOSIT";"SUCCESSFUL"
"2026-02-10 01:12:52.746";"c-pk-00000003";"rec-3";"2026-06-30 23:59:59.000";"c";"ds-c0089";"NULL";"c0089";"c0089-t0";"2026-02-10 01:12:52.746";"7,89";"ELECTRONIC_MONEY";"DEPOSIT";"SUCCESSFUL"
"2026-01-26 05:47:18.899";"c-pk-00000004";"rec-4";"2026-06-30 23:59:59.000";"c";"ds-c0089";"NULL";"c0089";"c0089-t1";"2026-01-26 05:47:18.899";"19,83";"NULL";"WINNING";"SUCCESSFUL"
"2026-02-19 06:49:27.239";"c-pk-00000005";"rec-5";"2026-06-30 23:59:59.000";"c";"ds-c0089";"NULL";"c0089";"c0089-t2";"2026-02-19 06:49:27.239";"6,50";"NULL";"WINNING";"SUCCESSFUL"
"2026-01-06 22:05:52.564";"c-pk-00000006";"rec-6";"2026-06-30 23:59:59.000";"c";"ds-c0089";"NULL";"c0089";"c0089-t3";"2026-01-06 22:05:52.564";"18,12";"NULL";"STAKE";"SUCCESSFUL"
"2026-02-12 15:36:20.596";"c-pk-00000007";"rec-7";"2026-06-30 23:59:59.000";"c";"ds-c0089";"NULL";"c0089";"c0089-t4";"2026-02-12 15:36:20.596";"11,80";"NULL";"WINNING";"SUCCESSFUL"
"2026-04-20 08:05:08.819";"c-pk-00000008";"rec-8";"2026-06-30 23:59:59.000";"c";"ds-c0089";"NULL";"c0089";"c0089-t5";"2026-04-20 08:05:08.819";"18,31";"NULL";"STAKE";"SUCCESSFUL"
"2026-03-10 13:00:05.566";"c-pk-00000009";"rec-9";"2026-06-30 23:59:59.000";"c";"ds-c0089";"NULL";"c0089";"c0089-t6";"2026-03-10 13:00:05.566";"18,10";"NULL";"WITHDRAWAL";"SUCCESSFUL"
"2026-03-11 10:45:40.276";"a-pk-00000003";"rec-3";"2026-06-30 23:59:59.000";"a";"ds-a0090";"NULL";"a0090";"a0090-t0";"2026-03-11 10:45:40.276";"8,20";"BANK_TRANSFER";"DEPOSIT";"SUCCESSFUL"
"2026-04-17 07:24:32.771";"a-pk-00000004";"rec-4";"2026-06-30 23:59:59.000";"a";"ds-a0090";"NULL";"a0090";"a0090-t1";"2026-04-17 07:24:32.771";"5,85";"ELECTRONIC_MONEY";"DEPOSIT";"UNSUCCESSFUL"
"2026-03-26 00:12:18.898";"a-pk-00000005";"rec-5";"2026-06-30 23:59:59.000";"a";"ds-a0090";"NULL";"a0090";"a0090-t2";"2026-03-26 00:12:18.898";"16,19";"NULL";"STAKE";"SUCCESSFUL"
"2026-03-09 10:54:36.362";"a-pk-00000006";"rec-6";"2026-06-30 23:59:59.000";"a";"ds-a0090";"NULL";"a0090";"a0090-t3";"2026-03-09 10:54:36.362";"13,82";"NULL";"STAKE";"UNSUCCESSFUL"
"2026-02-01 02:05:38.978";"a-pk-00000007";"rec-7";"2026-06-30 23:59:59.000";"a";"ds-a0090";"NULL";"a0090";"a0090-t4";"2026-02-01 02:05:38.978";"8,86";"ELECTRONIC_MONEY";"DEPOSIT";"SUCCESSFUL"
"2026-02-08 16:24:51.601";"a-pk-00000008";"rec-8";"2026-06-30 23:59:59.000";"a";"ds-a0090";"NULL";"a0090";"a0090-t5";"2026-02-08 16:24:51.601";"9,96";"NULL";"STAKE";"SUCCESSFUL"
"2026-04-28 13:59:43.180";"b-pk-00000003";"rec-3";"2026-06-30 23:59:59.000";"b";"ds-b0091";"NULL";"b0091";"b0091-t0";"2026-04-28 13:59:43.180";"12,70";"NULL";"WINNING";"SUCCESSFUL"
"2026-04-26 09:43:55.275";"b-pk-00000004";"rec-4";"2026-06-30 23:59:59.000";"b";"ds-b0091";"NULL";"b0091";"b0091-t1";"2026-04-26 09:43:55.275";"16,43";"OTHER";"DEPOSIT";"SUCCESSFUL"
"2026-04-16 12:23:43.282";"b-pk-00000005";"rec-5";"2026-06-30 23:59:59.000";"b";"ds-b0091";"NULL";"b0091";"b0091-t2";"2026-04-16 12:23:43.282";"2,71";"NULL";"STAKE";"SUCCESSFUL"
"2026-04-19 08:31:30.591";"b-pk-00000006";"rec-6";"2026-06-30 23:59:59.000";"b";"ds-b0091";"NULL";"b0091";"b0091-t3";"2026-04-19 08:31:30.591";"7,65";"NULL";"STAKE";"SUCCESSFUL"
"2026-03-25 04:48:09.062";"b-pk-00000007";"rec-7";"2026-06-30 23:59:59.000";"b";"ds-b0091";"NULL";"b0091";"b0091-t4";"2026-03-25 04:48:09.062";"4,53";"ELECTRONIC_MONEY";"DEPOSIT";"UNSUCCESSFUL"
"2026-03-18 16:27:25.737";"c-pk-00000003";"rec-3";"2026-06-30 23:59:59.000";"c";"ds-c0092";"NULL";"c0092";"c0092-t0";"2026-03-18 16:27:25.737";"19,43";"NULL";"STAKE";"SUCCESSFUL"
"2026-02-28 23:09:26.316";"c-pk-00000004";"rec-4";"2026-06-30 23:59:59.000";"c";"ds-c0092";"NULL";"c0092";"c0092-t1";"2026-02-28 23:09:26.316";"6,78";"NULL";"WINNING";"UNSUCCESSFUL"
"2026-02-22 15:32:22.628";"c-pk-00000005";"rec-5";"2026-06-30 23:59:59.000";"c";"ds-c0092";"NULL";"c0092";"c0092-t2";"2026-02-22 15:32:22.628";"7,90";"NULL";"WINNING";"SUCCESSFUL"
"2026-04-26 01:50:52.631";"c-pk-00000006";"rec-6";"2026-06-30 23:59:59.000";"c";"ds-c0092";"NULL";"c0092";"c0092-t3";"2026-04-26 01:50:52.631";"13,75";"ELECTRONIC_MONEY";"DEPOSIT";"UNSUCCESSFUL"
"2026-04-10 22:42:42.374";"c-pk-00000007";"rec-7";"2026-06-30 23:59:59.000";"c";"ds-c0092";"NULL";"c0092";"c0092-t4";"2026-04-10 22:42:42.374";"13,13";"CREDIT_CARD";"DEPOSIT";"SUCCESSFUL"
"2026-04-27 07:45:17.428";"c-pk-00000008";"rec-8";"2026-06-30 23:59:59.000";"c";"ds-c0092";"NULL";"c0092";"c0092-t5";"2026-04-27 07:45:17.428";"9,27";"NULL";"STAKE";"SUCCESSFUL"
"2026-04-26 06:44:14.552";"c-pk-00000009";"rec-9";"2026-06-30 23:59:59.000";"c";"ds-c0092";"NULL";"c0092";"c0092-t6";"2026-04-26 06:44:14.552";"9,37";"CREDIT_CARD";"DEPOSIT";"SUCCESSFUL"
"2026-01-22 10:24:27.353";"c-pk-00000010";"rec-10";"2026-06-30 23:59:59.000";"c";"ds-c0092";"NULL";"c0092";"c0092-t7";"2026-01-22 10:24:27.353";"18,45";"CREDIT_CARD";"DEPOSIT";"SUCCESSFUL"
"2026-03-24 14:28:05.607";"c-pk-00000011";"rec-11";"2026-06-30 23:59:59.000";"c";"ds-c0092";"NULL";"c0092";"c0092-t8";"2026-03-24 14:28:05.607";"11,04";"NULL";"STAKE";"SUCCESSFUL"
"2026-03-08 08:22:02.620";"c-pk-00000012";"rec-12";"2026-06-30 23:59:59.000";"c";"ds-c0092";"NULL";"c0092";"c0092-t9";"2026-03-08 08:22:02.620";"16,57";"NULL";"OTHER";"SUCCESSFUL"
"2026-01-13 05:47:20.059";"c-pk-00000013";"rec-13";"2026-06-30 23:59:59.000";"c";"ds-c0092";"NULL";"c0092";"c0092-t10";"2026-01-13 05:47:20.059";"3,85";"NULL";"STAKE";"SUCCESSFUL"
"2026-04-17 07:16:44.928";"a-pk-00000003";"rec-3";"2026-06-30 23:59:59.000";"a";"ds-a0093";"NULL";"a0093";"a0093-t0";"2026-04-17 07:16:44.928";"16,21";"NULL";"OTHER";"SUCCESSFUL"
"2026-04-27 15:37:48.557";"a-pk-00000004";"rec-4";"2026-06-30 23:59:59.000";"a";"ds-a0093";"NULL";"a0093";"a0093-t1";"2026-04-27 15:37:48.557";"3,87";"NULL";"WINNING";"SUCCESSFUL"
"2026-02-04 03:27:59.543";"a-pk-00000005";"rec-5";"2026-06-30 23:59:59.000";"a";"ds-a0093";"NULL";"a0093";"a0093-t2";"2026-02-04 03:27:59.543";"3,80";"CREDIT_CARD";"DEPOSIT";"SUCCESSFUL"
"2026-01-17 03:41:00.983";"a-pk-00000006";"rec-6";"2026-06-30 23:59:59.000";"a";"ds-a0093";"NULL";"a0093";"a0093-t3";"2026-01-17 03:41:00.983";"1,81";"NULL";"STAKE";"UNSUCCESSFUL"
"2026-03-06 13:22:29.531";"a-pk-00000007";"rec-7";"2026-06-30 23:59:59.000";"a";"ds-a0093";"NULL";"a0093";"a0093-t4";"2026-03-06 13:22:29.531";"15,67";"OTHER";"DEPOSIT";"SUCCESSFUL"
"2026-03-17 15:28:18.794";"a-pk-00000008";"rec-8";"2026-06-30 23:59:59.000";"a";"ds-a0093";"NULL";"a0093";"a0093-t5";"2026-03-17 15:28:18.794";"18,94";"NULL";"WINNING";"SUCCESSFUL"
"2026-04-07 22:19:32.535";"a-pk-00000009";"rec-9";"2026-06-30 23:59:59.000";"a";"ds-a0093";"NULL";"a0093";"a0093-t6";"2026-04-07 22:19:32.535";"19,06";"NULL";"WITHDRAWAL";"SUCCESSFUL"
"2026-02-04 00:55:24.767";"b-pk-00000003";"rec-3";"2026-06-30 23:59:59.000";"b";"ds-b0094";"NULL";"b0094";"b0094-t0";"2026-02-04 00:55:24.767";"5,47";"NULL";"OTHER";"SUCCESSFUL"
"2026-01-10 17:45:46.960";"b-pk-00000004";"rec-4";"2026-06-30 23:59:59.000";"b";"ds-b0094";"NULL";"b0094";"b0094-t1";"2026-01-10 17:45:46.960";"5,28";"NULL";"STAKE";"UNSUCCESSFUL"
"2026-01-03 22:26:46.346";"b-pk-00000005";"rec-5";"2026-06-30 23:59:59.000";"b";"ds-b0094";"NULL";"b0094";"b0094-t2";"2026-01-03 22:26:46.346";"12,01";"BANK_TRANSFER";"DEPOSIT";"SUCCESSFUL"
"2026-03-06 02:39:15.511";"b-pk-00000006";"rec-6";"2026-06-30 23:59:59.000";"b";"ds-b0094";"NULL";"b0094";"b0094-t3";"2026-03-06 02:39:15.511";"11,90";"NULL";"STAKE";"SUCCESSFUL"
"2026-02-25 13:12:58.705";"b-pk-00000007";"rec-7";"2026-06-30 23:59:59.000";"b";"ds-b0094";"NULL";"b0094";"b0094-t4";"2026-02-25 13:12:58.705";"8,48";"NULL";"OTHER";"UNSUCCESSFUL"
"2026-03-24 18:13:01.204";"c-pk-00000003";"rec-3";"2026-06-30 23:59:59.000";"c";"ds-c0095";"NULL";"c0095";"c0095-t0";"2026-03-24 18:13:01.204";"19,92";"NULL";"STAKE";"SUCCESSFUL"
"2026-03-14 00:54:45.844";"c-pk-00000004";"rec-4";"2026-06-30 23:59:59.000";"c";"ds-c0095";"NULL";"c0095";"c0095-t1";"2026-03-14 00:54:45.844";"7,50";"NULL";"STAKE";"UNSUCCESSFUL"
"2026-01-04 23:23:10.211";"c-pk-00000005";"rec-5";"2026-06-30 23:59:59.000";"c";"ds-c0095";"NULL";"c0095";"c0095-t2";"2026-01-04 23:23:10.211";"16,83";"NULL";"STAKE";"SUCCESSFUL"
"2026-04-13 06:14:01.982";"c-pk-00000006";"rec-6";"2026-06-30 23:59:59.000";"c";"ds-c0095";"NULL";"c0095";"c0095-t3";"2026-04-13 06:14:01.982";"12,41";"NULL";"WITHDRAWAL";"SUCCESSFUL"
"2026-03-28 12:22:16.992";"c-pk-00000007";"rec-7";"2026-06-30 23:59:59.000";"c";"ds-c0095";"NULL";"c0095";"c0095-t4";"2026-03-28 12:22:16.992";"1,06";"NULL";"OTHER";"SUCCESSFUL"
"2026-01-26 11:17:51.813";"c-pk-00000008";"rec-8";"2026-06-30 23:59:59.000";"c";"ds-c0095";"NULL";"c0095";"c0095-t5";"2026-01-26 11:17:51.813";"16,99";"ELECTRONIC_MONEY";"DEPOSIT";"UNSUCCESSFUL"
"2026-02-01 03:09:55.998";"c-pk-00000009";"rec-9";"2026-06-30 23:59:59.000";"c";"ds-c0095";"NULL";"c0095";"c0095-t6";"2026-02-01 03:09:55.998";"12,93";"BANK_TRANSFER";"DEPOSIT";"SUCCESSFUL"
"2026-03-01 00:18:08.205";"c-pk-00000010";"rec-10";"2026-06-30 23:59:59.000";"c";"ds-c0095";"NULL";"c0095";"c0095-t7";"2026-03-01 00:18:08.205";"2,49";"ELECTRONIC_MONEY";"DEPOSIT";"SUCCESSFUL"
"2026-04-17 04:51:58.056";"c-pk-00000011";"rec-11";"2026-06-30 23:59:59.000";"c";"ds-c0095";"NULL";"c0095";"c0095-t8";"2026-04-17 04:51:58.056";"6,72";"NULL";"WINNING";"SUCCESSFUL"
"2026-01-19 07:58:03.931";"c-pk-00000012";"rec-12";"2026-06-30 23:59:59.000";"c";"ds-c0095";"NULL";"c0095";"c0095-t9";"2026-01-19 07:58:03.931";"19,25";"NULL";"WINNING";"SUCCESSFUL"
"2026-04-07 16:22:28.774";"c-pk-00000013";"rec-13";"2026-06-30 23:59:59.000";"c";"ds-c0095";"NULL";"c0095";"c0095-t10";"2026-04-07 16:22:28.774";"16,67";"NULL";"STAKE";"UNSUCCESSFUL"
"2026-02-09 22:21:40.696";"c-pk-00000014";"rec-14";"2026-06-30 23:59:59.000";"c";"ds-c0095";"NULL";"c0095";"c0095-t11";"2026-02-09 22:21:40.696";"7,22";"NULL";"WITHDRAWAL";"SUCCESSFUL"
"2026-04-14 09:30:17.152";"a-pk-00000003";"rec-3";"2026-06-30 23:59:59.000";"a";"ds-a0096";"NULL";"a0096";"a0096-t0";"2026-04-14 09:30:17.152";"14,83";"NULL";"STAKE";"UNSUCCESSFUL"
"2026-01-09 14:41:35.198";"a-pk-00000004";"rec-4";"2026-06-30 23:59:59.000";"a";"ds-a0096";"NULL";"a0096";"a0096-t1";"2026-01-09 14:41:35.198";"15,56";"NULL";"STAKE";"SUCCESSFUL"
"2026-04-14 07:28:38.803";"a-pk-00000005";"rec-5";"2026-06-30 23:59:59.000";"a";"ds-a0096";"NULL";"a0096";"a0096-t2";"2026-04-14 07:28:38.803";"13,37";"NULL";"WINNING";"SUCCESSFUL"
"2026-04-15 09:17:39.580";"a-pk-00000006";"rec-6";"2026-06-30 23:59:59.000";"a";"ds-a0096";"NULL";"a0096";"a0096-t3";"2026-04-15 09:17:39.580";"4,21";"NULL";"WINNING";"UNSUCCESSFUL"
"2026-01-10 08:24:52.624";"a-pk-00000007";"rec-7";"2026-06-30 23:59:59.000";"a";"ds-a0096";"NULL";"a0096";"a0096-t4";"2026-01-10 08:24:52.624";"5,13";"NULL";"STAKE";"SUCCESSFUL"
"2026-03-11 13:25:19.669";"a-pk-00000008";"rec-8";"2026-06-30 23:59:59.000";"a";"ds-a0096";"NULL";"a0096";"a0096-t5";"2026-03-11 13:25:19.669";"3,74";"BANK_TRANSFER";"DEPOSIT";"SUCCESSFUL"
"2026-04-26 18:48:00.867";"a-pk-00000009";"rec-9";"2026-06-30 23:59:59.000";"a";"ds-a0096";"NULL";"a0096";"a0096-t6";"2026-04-26 18:48:00.867";"11,55";"NULL";"OTHER";"UNSUCCESSFUL"
"2026-04-13 13:42:51.531";"a-pk-00000010";"rec-10";"2026-06-30 23:59:59.000";"a";"ds-a0096";"NULL";"a0096";"a0096-t7";"2026-04-13 13:42:51.531";"2,21";"CREDIT_CARD";"DEPOSIT";"SUCCESSFUL"
"2026-04-28 11:00:36.267";"b-pk-00000003";"rec-3";"2026-06-30 23:59:59.000";"b";"ds-b0097";"NULL";"b0097";"b0097-t0";"2026-04-28 11:00:36.267";"8,45";"NULL";"STAKE";"SUCCESSFUL"
"2026-03-14 04:41:46.186";"b-pk-00000004";"rec-4";"2026-06-30 23:59:59.000";"b";"ds-b0097";"NULL";"b0097";"b0097-t1";"2026-03-14 04:41:46.186";"9,55";"NULL";"STAKE";"SUCCESSFUL"
"2026-02-27 20:42:24.806";"b-pk-00000005";"rec-5";"2026-06-30 23:59:59.000";"b";"ds-b0097";"NULL";"b0097";"b0097-t2";"2026-02-27 20:42:24.806";"15,05";"NULL";"STAKE";"SUCCESSFUL"
"2026-04-17 00:47:07.027";"b-pk-00000006";"rec-6";"2026-06-30 23:59:59.000";"b";"ds-b0097";"NULL";"b0097";"b0097-t3";"2026-04-17 00:47:07.027";"19,81";"ELECTRONIC_MONEY";"DEPOSIT";"UNSUCCESSFUL"
"2026-01-19 08:54:36.003";"b-pk-00000007";"rec-7";"2026-06-30 23:59:59.000";"b";"ds-b0097";"NULL";"b0097";"b0097-t4";"2026-01-19 08:54:36.003";"16,48";"NULL";"WITHDRAWAL";"SUCCESSFUL"
"2026-01-02 06:08:31.706";"b-pk-00000008";"rec-8";"2026-06-30 23:59:59.000";"b";"ds-b0097";"NULL";"b0097";"b0097-t5";"2026-01-02 06:08:31.706";"8,72";"NULL";"WINNING";"SUCCESSFUL"
"2026-01-26 19:59:21.853";"c-pk-00000003";"rec-3";"2026-06-30 23:59:59.000";"c";"ds-c0098";"NULL";"c0098";"c0098-t0";"2026-01-26 19:59:21.853";"18,60";"NULL";"STAKE";"UNSUCCESSFUL"
"2026-01-14 01:50:50.255";"c-pk-00000004";"rec-4";"2026-06-30 23:59:59.000";"c";"ds-c0098";"NULL";"c0098";"c0098-t1";"2026-01-14 01:50:50.255";"18,60";"NULL";"WINNING";"SUCCESSFUL"
"2026-03-04 12:12:21.136";"c-pk-00000005";"rec-5";"2026-06-30 23:59:59.000";"c";"ds-c0098";"NULL";"c0098";"c0098-t2";"2026-03-04 12:12:21.136";"2,42";"CREDIT_CARD";"DEPOSIT";"SUCCESSFUL"
"2026-02-06 09:40:06.499";"c-pk-00000006";"rec-6";"2026-06-30 23:59:59.000";"c";"ds-c0098";"NULL";"c0098";"c0098-t3";"2026-02-06 09:40:06.499";"7,42";"CREDIT_CARD";"DEPOSIT";"UNSUCCESSFUL"
"2026-03-14 08:42:53.087";"c-pk-00000007";"rec-7";"2026-06-30 23:59:59.000";"c";"ds-c0098";"NULL";"c0098";"c0098-t4";"2026-03-14 08:42:53.087";"11,05";"NULL";"STAKE";"SUCCESSFUL"
"2026-02-07 21:12:27.401";"c-pk-00000008";"rec-8";"2026-06-30 23:59:59.000";"c";"ds-c0098";"NULL";"c0098";"c0098-t5";"2026-02-07 21:12:27.401";"7,83";"CREDIT_CARD";"DEPOSIT";"SUCCESSFUL"
"2026-01-11 13:44:48.900";"c-pk-00000009";"rec-9";"2026-06-30 23:59:59.000";"c";"ds-c0098";"NULL";"c0098";"c0098-t6";"2026-01-11 13:44:48.900";"7,07";"NULL";"STAKE";"SUCCESSFUL"
"2026-01-22 11:46:30.561";"c-pk-00000010";"rec-10";"2026-06-30 23:59:59.000";"c";"ds-c0098";"NULL";"c0098";"c0098-t7";"2026-01-22 11:46:30.561";"4,24";"NULL";"STAKE";"SUCCESSFUL"
"2026-02-24 09:37:11.174";"c-pk-00000011";"rec-11";"2026-06-30 23:59:59.000";"c";"ds-c0098";"NULL";"c0098";"c0098-t8";"2026-02-24 09:37:11.174";"2,63";"NULL";"WINNING";"SUCCESSFUL"
"2026-01-21 09:10:36.596";"c-pk-00000012";"rec-12";"2026-06-30 23:59:59.000";"c";"ds-c0098";"NULL";"c0098";"c0098-t9";"2026-01-21 09:10:36.596";"18,30";"NULL";"WINNING";"SUCCESSFUL"
"2026-04-27 16:50:51.477";"a-pk-00000003";"rec-3";"2026-06-30 23:59:59.000";"a";"ds-a0099";"NULL";"a0099";"a0099-t0";"2026-04-27 16:50:51.477";"17,50";"NULL";"STAKE";"SUCCESSFUL"
"2026-02-27 21:11:13.648";"a-pk-00000004";"rec-4";"2026-06-30 23:59:59.000";"a";"ds-a0099";"NULL";"a0099";"a0099-t1";"2026-02-27 21:11:13.648";"16,69";"NULL";"OTHER";"SUCCESSFUL"
"2026-01-15 02:56:50.894";"a-pk-00000005";"rec-5";"2026-06-30 23:59:59.000";"a";"ds-a0099";"NULL";"a0099";"a0099-t2";"2026-01-15 02:56:50.894";"11,00";"ELECTRONIC_MONEY";"DEPOSIT";"SUCCESSFUL"
"2026-03-22 14:47:43.872";"a-pk-00000006";"rec-6";"2026-06-30 23:59:59.000";"a";"ds-a0099";"NULL";"a0099";"a0099-t3";"2026-03-22 14:47:43.872";"15,23";"NULL";"OTHER";"SUCCESSFUL"
"2026-01-03 05:28:47.324";"a-pk-00000007";"rec-7";"2026-06-30 23:59:59.000";"a";"ds-a0099";"NULL";"a0099";"a0099-t4";"2026-01-03 05:28:47.324";"19,01";"NULL";"OTHER";"UNSUCCESSFUL"
"2026-04-27 06:04:05.313";"a-pk-00000008";"rec-8";"2026-06-30 23:59:59.000";"a";"ds-a0099";"NULL";"a0099";"a0099-t5";"2026-04-27 06:04:05.313";"12,52";"ELECTRONIC_MONEY";"DEPOSIT";"SUCCESSFUL"
