"created_at";"pk_id";"record_id";"extraction_date";"operator_id";"data_safe_id";"replaced_record_id";"player_profile_id";"transaction_id";"transaction_datetime";"transaction_amount";"transaction_deposit_instrument";"transaction_type";"transaction_status"
"2026-02-22 10:53:49.794";"a-pk-00000011";"rec-11";"2026-06-30 23:59:59.000";"a";"ds-a0000";"NULL";"a0000";"a0000-t0";"2026-02-22 10:53:49.794";"2,06";"CREDIT_CARD";"DEPOSIT";"SUCCESSFUL"
"2026-01-07 18:56:45.322";"a-pk-00000012";"rec-12";"2026-06-30 23:59:59.000";"a";"ds-a0000";"NULL";"a0000";"a0000-t1";"2026-01-07 18:56:45.322";"5,04";"NULL";"STAKE";"UNSUCCESSFUL"
"2026-04-05 08:08:15.762";"a-pk-00000013";"rec-13";"2026-06-30 23:59:59.000";"a";"ds-a0000";"NULL";"a0000";"a0000-t2";"2026-04-05 08:08:15.762";"11,67";"NULL";"STAKE";"SUCCESSFUL"
"2026-04-19 12:23:14.141";"a-pk-00000014";"rec-14";"2026-06-30 23:59:59.000";"a";"ds-a0000";"NULL";"a0000";"a0000-t3";"2026-04-19 12:23:14.141";"10,68";"NULL";"WINNING";"SUCCESSFUL"
"2026-01-05 20:10:50.696";"a-pk-00000015";"rec-15";"2026-06-30 23:59:59.000";"a";"ds-a0000";"NULL";"a0000";"a0000-t4";"2026-01-05 20:10:50.696";"9,02";"NULL";"WINNING";"SUCCESSFUL"
"2026-04-17 08:35:55.965";"a-pk-00000016";"rec-16";"2026-06-30 23:59:59.000";"a";"ds-a0000";"NULL";"a0000";"a0000-t5";"2026-04-17 08:35:55.965";"1,22";"NULL";"STAKE";"SUCCESSFUL"
"2026-03-25 20:21:07.300";"a-pk-00000017";"rec-17";"2026-06-30 23:59:59.000";"a";"ds-a0000";"NULL";"a0000";"a0000-t6";"2026-03-25 20:21:07.300";"9,26";"NULL";"WINNING";"UNSUCCESSFUL"
"2026-03-17 05:32:58.108";"a-pk-00000018";"rec-18";"2026-06-30 23:59:59.000";"a";"ds-a0000";"NULL";"a0000";"a0000-t7";"2026-03-17 05:32:58.108";"17,54";"BANK_TRANSFER";"DEPOSIT";"SUCCESSFUL"
"2026-02-18 16:58:00.613";"a-pk-00000019";"rec-19";"2026-06-30 23:59:59.000";"a";"ds-a0000";"NULL";"a0000";"a0000-t8";"2026-02-18 16:58:00.613";"7,16";"CREDIT_CARD";"DEPOSIT";"SUCCESSFUL"
"2026-03-08 01:15:56.580";"a-pk-00000020";"rec-20";"2026-06-30 23:59:59.000";"a";"ds-a0000";"NULL";"a0000";"a0000-t9";"2026-03-08 01:15:56.580";"18,99";"NULL";"OTHER";"SUCCESSFUL"
"2026-03-10 06:27:50.593";"b-pk-00000011";"rec-11";"2026-06-30 23:59:59.000";"b";"ds-b0001";"NULL";"b0001";"b0001-t0";"2026-03-10 06:27:50.593";"48,93";"NULL";"WITHDRAWAL";"SUCCESSFUL"
"2026-04-22 06:32:30.812";"b-pk-00000012";"rec-12";"2026-06-30 23:59:59.000";"b";"ds-b0001";"NULL";"b0001";"b0001-t1";"2026-04-22 06:32:30.812";"72,19";"NULL";"STAKE";"SUCCESSFUL"
"2026-03-17 21:40:39.343";"b-pk-00000013";"rec-13";"2026-06-30 23:59:59.000";"b";"ds-b0001";"NULL";"b0001";"b0001-t2";"2026-03-17 21:40:39.343";"8,38";"NULL";"WINNING";"SUCCESSFUL"
"2026-02-26 06:09:01.047";"b-pk-00000014";"rec-14";"2026-06-30 23:59:59.000";"b";"ds-b0001";"NULL";"b0001";"b0001-t3";"2026-02-26 06:09:01.047";"20,34";"NULL";"WINNING";"UNSUCCESSFUL"
"2026-01-15 13:56:40.589";"b-pk-00000015";"rec-15";"2026-06-30 23:59:59.000";"b";"ds-b0001";"NULL";"b0001";"b0001-t4";"2026-01-15 13:56:40.589";"16,36";"NULL";"STAKE";"UNSUCCESSFUL"
"2026-02-05 20:44:00.914";"b-pk-00000016";"rec-16";"2026-06-30 23:59:59.000";"b";"ds-b0001";"NULL";"b0001";"b0001-t5";"2026-02-05 20:44:00.914";"60,33";"NULL";"STAKE";"SUCCESSFUL"
"2026-02-06 22:33:29.051";"b-pk-00000017";"rec-17";"2026-06-30 23:59:59.000";"b";"ds-b0001";"NULL";"b0001";"b0001-t6";"2026-02-06 22:33:29.051";"45,04";"NULL";"WINNING";"SUCCESSFUL"
"2026-04-22 16:35:38.324";"b-pk-00000018";"rec-18";"2026-06-30 23:59:59.000";"b";"ds-b0001";"NULL";"b0001";"b0001-t7";"2026-04-22 16:35:38.324";"76,05";"NULL";"STAKE";"UNSUCCESSFUL"
"2026-04-27 17:28:57.162";"b-pk-00000019";"rec-19";"2026-06-30 23:59:59.000";"b";"ds-b0001";"NULL";"b0001";"b0001-t8";"2026-04-27 17:28:57.162";"59,75";"NULL";"STAKE";"UNSUCCESSFUL"
"2026-02-27 20:17:49.796";"b-pk-00000020";"rec-20";"2026-06-30 23:59:59.000";"b";"ds-b0001";"NULL";"b0001";"b0001-t9";"2026-02-27 20:17:49.796";"42,18";"NULL";"STAKE";"SUCCESSFUL"
"2026-01-23 09:15:17.343";"b-pk-00000021";"rec-21";"2026-06-30 23:59:59.000";"b";"ds-b0001";"NULL";"b0001";"b0001-t10";"2026-01-23 09:15:17.343";"26,26";"NULL";"STAKE";"SUCCESSFUL"
"2026-02-13 22:09:45.219";"b-pk-00000022";"rec-22";"2026-06-30 23:59:59.000";"b";"ds-b0001";"NULL";"b0001";"b0001-t11";"2026-02-13 22:09:45.219";"6,07";"OTHER";"DEPOSIT";"SUCCESSFUL"
"2026-04-02 06:53:26.398";"b-pk-00000023";"rec-23";"2026-06-30 23:59:59.000";"b";"ds-b0001";"NULL";"b0001";"b0001-t12";"2026-04-02 06:53:26.398";"72,48";"NULL";"STAKE";"SUCCESSFUL"
"2026-04-16 00:22:19.771";"b-pk-00000024";"rec-24";"2026-06-30 23:59:59.000";"b";"ds-b0001";"NULL";"b0001";"b0001-t13";"2026-04-16 00:22:19.771";"31,81";"NULL";"WITHDRAWAL";"UNSUCCESSFUL"
"2026-02-16 07:17:27.497";"b-pk-00000025";"rec-25";"2026-06-30 23:59:59.000";"b";"ds-b0001";"NULL";"b0001";"b0001-t14";"2026-02-16 07:17:27.497";"3,29";"NULL";"STAKE";"SUCCESSFUL"
"2026-04-24 05:53:29.941";"b-pk-00000026";"rec-26";"2026-06-30 23:59:59.000";"b";"ds-b0001";"NULL";"b0001";"b0001-t15";"2026-04-24 05:53:29.941";"11,08";"NULL";"WINNING";"SUCCESSFUL"
"2026-01-03 20:27:08.887";"b-pk-00000027";"rec-27";"2026-06-30 23:59:59.000";"b";"ds-b0001";"NULL";"b0001";"b0001-t16";"2026-01-03 20:27:08.887";"37,47";"NULL";"WITHDRAWAL";"SUCCESSFUL"
"2026-03-19 07:51:27.865";"c-pk-00000011";"rec-11";"2026-06-30 23:59:59.000";"c";"ds-c0002";"NULL";"c0002";"c0002-t0";"2026-03-19 07:51:27.865";"11,66";"NULL";"STAKE";"SUCCESSFUL"
"2026-03-01 05:17:44.780";"c-pk-00000012";"rec-12";"2026-06-30 23:59:59.000";"c";"ds-c0002";"NULL";"c0002";"c0002-t1";"2026-03-01 05:17:44.780";"6,87";"NULL";"STAKE";"SUCCESSFUL"
"2026-02-28 04:36:42.410";"c-pk-00000013";"rec-13";"2026-06-30 23:59:59.000";"c";"ds-c0002";"NULL";"c0002";"c0002-t2";"2026-02-28 04:36:42.410";"2,32";"NULL";"STAKE";"SUCCESSFUL"
"2026-02-13 13:29:21.161";"c-pk-00000014";"rec-14";"2026-06-30 23:59:59.000";"c";"ds-c0002";"NULL";"c0002";"c0002-t3";"2026-02-13 13:29:21.161";"8,03";"BANK_TRANSFER";"DEPOSIT";"SUCCESSFUL"
"2026-02-06 19:03:43.083";"c-pk-00000015";"rec-15";"2026-06-30 23:59:59.000";"c";"ds-c0002";"NULL";"c0002";"c0002-t4";"2026-02-06 19:03:43.083";"6,17";"NULL";"WITHDRAWAL";"UNSUCCESSFUL"
"2026-04-14 08:13:48.524";"c-pk-00000016";"rec-16";"2026-06-30 23:59:59.000";"c";"ds-c0002";"NULL";"c0002";"c0002-t5";"2026-04-14 08:13:48.524";"3,16";"NULL";"STAKE";"UNSUCCESSFUL"
"2026-01-17 17:32:50.519";"a-pk-00000003";"rec-3";"2026-06-30 23:59:59.000";"a";"ds-a0003";"NULL";"a0003";"a0003-t0";"2026-01-17 17:32:50.519";"11,53";"NULL";"OTHER";"UNSUCCESSFUL"
"2026-01-21 12:23:16.765";"a-pk-00000004";"rec-4";"2026-06-30 23:59:59.000";"a";"ds-a0003";"NULL";"a0003";"a0003-t1";"2026-01-21 12:23:16.765";"1,31";"NULL";"WITHDRAWAL";"SUCCESSFUL"
"2026-01-25 18:47:48.340";"a-pk-00000005";"rec-5";"2026-06-30 23:59:59.000";"a";"ds-a0003";"NULL";"a0003";"a0003-t2";"2026-01-25 18:47:48.340";"3,53";"NULL";"STAKE";"SUCCESSFUL"
"2026-02-27 21:29:44.490";"a-pk-00000006";"rec-6";"2026-06-30 23:59:59.000";"a";"ds-a0003";"NULL";"a0003";"a0003-t3";"2026-02-27 21:29:44.490";"13,00";"NULL";"STAKE";"SUCCESSFUL"
"2026-04-02 09:12:02.810";"a-pk-00000007";"rec-7";"2026-06-30 23:59:59.000";"a";"ds-a0003";"NULL";"a0003";"a0003-t4";"2026-04-02 09:12:02.810";"4,79";"CREDIT_CARD";"DEPOSIT";"SUCCESSFUL"
"2026-04-27 17:30:16.037";"a-pk-00000008";"rec-8";"2026-06-30 23:59:59.000";"a";"ds-a0003";"NULL";"a0003";"a0003-t5";"2026-04-27 17:30:16.037";"15,31";"NULL";"OTHER";"SUCCESSFUL"
"2026-04-02 18:35:12.371";"b-pk-00000003";"rec-3";"2026-06-30 23:59:59.000";"b";"ds-b0004";"NULL";"b0004";"b0004-t0";"2026-04-02 18:35:12.371";"11,51";"NULL";"STAKE";"SUCCESSFUL"
"2026-04-25 17:17:52.638";"b-pk-00000004";"rec-4";"2026-06-30 23:59:59.000";"b";"ds-b0004";"NULL";"b0004";"b0004-t1";"2026-04-25 17:17:52.638";"13,93";"NULL";"STAKE";"SUCCESSFUL"
"2026-01-13 11:50:21.571";"b-pk-00000005";"rec-5";"2026-06-30 23:59:59.000";"b";"ds-b0004";"NULL";"b0004";"b0004-t2";"2026-01-13 11:50:21.571";"18,84";"ELECTRONIC_MONEY";"DEPOSIT";"SUCCESSFUL"
"2026-04-17 01:02:02.140";"b-pk-00000006";"rec-6";"2026-06-30 23:59:59.000";"b";"ds-b0004";"NULL";"b0004";"b0004-t3";"2026-04-17 01:02:02.140";"14,56";"NULL";"STAKE";"UNSUCCESSFUL"
"2026-02-20 16:08:20.953";"b-pk-00000007";"rec-7";"2026-06-30 23:59:59.000";"b";"ds-b0004";"NULL";"b0004";"b0004-t4";"2026-02-20 16:08:20.953";"12,65";"NULL";"STAKE";"SUCCESSFUL"
"2026-03-19 10:32:53.521";"b-pk-00000008";"rec-8";"2026-06-30 23:59:59.000";"b";"ds-b0004";"NULL";"b0004";"b0004-t5";"2026-03-19 10:32:53.521";"11,11";"NULL";"STAKE";"SUCCESSFUL"
"2026-01-12 10:43:07.426";"b-pk-00000009";"rec-9";"2026-06-30 23:59:59.000";"b";"ds-b0004";"NULL";"b0004";"b0004-t6";"2026-01-12 10:43:07.426";"12,09";"NULL";"STAKE";"SUCCESSFUL"
"2026-03-21 18:36:14.738";"b-pk-00000010";"rec-10";"2026-06-30 23:59:59.000";"b";"ds-b0004";"NULL";"b0004";"b0004-t7";"2026-03-21 18:36:14.738";"1,98";"NULL";"STAKE";"UNSUCCESSFUL"
"2026-04-05 21:15:02.586";"b-pk-00000011";"rec-11";"2026-06-30 23:59:59.000";"b";"ds-b0004";"NULL";"b0004";"b0004-t8";"2026-04-05 21:15:02.586";"19,02";"CREDIT_CARD";"DEPOSIT";"SUCCESSFUL"
"2026-03-14 04:26:44.208";"b-pk-00000012";"rec-12";"2026-06-30 23:59:59.000";"b";"ds-b0004";"NULL";"b0004";"b0004-t9";"2026-03-14 04:26:44.208";"8,80";"OTHER";"DEPOSIT";"SUCCESSFUL"
"2026-02-18 10:42:30.538";"b-pk-00000013";"rec-13";"2026-06-30 23:59:59.000";"b";"ds-b0004";"NULL";"b0004";"b0004-t10";"2026-02-18 10:42:30.538";"8,16";"NULL";"WINNING";"SUCCESSFUL"
"2026-03-18 11:43:49.888";"b-pk-00000014";"rec-14";"2026-06-30 23:59:59.000";"b";"ds-b0004";"NULL";"b0004";"b0004-t11";"2026-03-18 11:43:49.888";"14,70";"NULL";"STAKE";"SUCCESSFUL"
"2026-03-02 19:40:42.956";"c-pk-00000003";"rec-3";"2026-06-30 23:59:59.000";"c";"ds-c0005";"NULL";"c0005";"c0005-t0";"2026-03-02 19:40:42.956";"12,71";"NULL";"STAKE";"UNSUCCESSFUL"
"2026-01-01 17:35:26.012";"c-pk-00000004";"rec-4";"2026-06-30 23:59:59.000";"c";"ds-c0005";"NULL";"c0005";"c0005-t1";"2026-01-01 17:35:26.012";"1,32";"NULL";"WINNING";"SUCCESSFUL"
"2026-03-01 16:52:44.690";"c-pk-00000005";"rec-5";"2026-06-30 23:59:59.000";"c";"ds-c0005";"NULL";"c0005";"c0005-t2";"2026-03-01 16:52:44.690";"9,18";"NULL";"STAKE";"SUCCESSFUL"
"2026-01-17 04:15:12.634";"c-pk-00000006";"rec-6";"2026-06-30 23:59:59.000";"c";"ds-c0005";"NULL";"c0005";"c0005-t3";"2026-01-17 04:15:12.634";"11,00";"BANK_TRANSFER";"DEPOSIT";"SUCCESSFUL"
"2026-01-12 12:29:36.249";"c-pk-00000007";"rec-7";"2026-06-30 23:59:59.000";"c";"ds-c0005";"NULL";"c0005";"c0005-t4";"2026-01-12 12:29:36.249";"19,81";"NULL";"WINNING";"SUCCESSFUL"
"2026-01-21 20:48:02.095";"c-pk-00000008";"rec-8";"2026-06-30 23:59:59.000";"c";"ds-c0005";"NULL";"c0005";"c0005-t5";"2026-01-21 20:48:02.095";"8,70";"NULL";"STAKE";"UNSUCCESSFUL"
"2026-01-21 00:44:10.084";"c-pk-00000009";"rec-9";"2026-06-30 23:59:59.000";"c";"ds-c0005";"NULL";"c0005";"c0005-t6";"2026-01-21 00:44:10.084";"10,50";"NULL";"STAKE";"UNSUCCESSFUL"
"2026-04-20 05:52:43.722";"a-pk-00000003";"rec-3";"2026-06-30 23:59:59.000";"a";"ds-a0006";"NULL";"a0006";"a0006-t0";"2026-04-20 05:52:43.722";"16,21";"NULL";"STAKE";"SUCCESSFUL"
"2026-03-04 07:19:07.187";"a-pk-00000004";"rec-4";"2026-06-30 23:59:59.000";"a";"ds-a0006";"NULL";"a0006";"a0006-t1";"2026-03-04 07:19:07.187";"8,09";"NULL";"WINNING";"SUCCESSFUL"
"2026-04-20 04:36:24.433";"a-pk-00000005";"rec-5";"2026-06-30 23:59:59.000";"a";"ds-a0006";"NULL";"a0006";"a0006-t2";"2026-04-20 04:36:24.433";"4,53";"NULL";"STAKE";"SUCCESSFUL"
"2026-04-10 04:11:20.862";"a-pk-00000006";"rec-6";"2026-06-30 23:59:59.000";"a";"ds-a0006";"NULL";"a0006";"a0006-t3";"2026-04-10 04:11:20.862";"9,57";"NULL";"STAKE";"SUCCESSFUL"
"2026-01-16 04:12:52.393";"a-pk-00000007";"rec-7";"2026-06-30 23:59:59.000";"a";"ds-a0006";"NULL";"a0006";"a0006-t4";"2026-01-16 04:12:52.393";"19,31";"NULL";"WITHDRAWAL";"UNSUCCESSFUL"
"2026-04-14 22:53:28.500";"a-pk-00000008";"rec-8";"2026-06-30 23:59:59.000";"a";"ds-a0006";"NULL";"a0006";"a0006-t5";"2026-04-14 22:53:28.500";"4,18";"NULL";"STAKE";"SUCCESSFUL"
"2026-02-10 01:17:14.550";"a-pk-00000009";"rec-9";"2026-06-30 23:59:59.000";"a";"ds-a0006";"NULL";"a0006";"a0006-t6";"2026-02-10 01:17:14.550";"6,48";"NULL";"WINNING";"UNSUCCESSFUL"
"2026-04-18 16:07:36.116";"a-pk-00000010";"rec-10";"2026-06-30 23:59:59.000";"a";"ds-a0006";"NULL";"a0006";"a0006-t7";"2026-04-18 16:07:36.116";"6,09";"NULL";"STAKE";"SUCCESSFUL"
"2026-03-25 06:28:19.474";"b-pk-00000003";"rec-3";"2026-06-30 23:59:59.000";"b";"ds-b0007";"NULL";"b0007";"b0007-t0";"2026-03-25 06:28:19.474";"21,94";"CREDIT_CARD";"DEPOSIT";"SUCCESSFUL"
"2026-03-27 22:44:38.041";"b-pk-00000004";"rec-4";"2026-06-30 23:59:59.000";"b";"ds-b0007";"NULL";"b0007";"b0007-t1";"2026-03-27 22:44:38.041";"17,99";"BANK_TRANSFER";"DEPOSIT";"SUCCESSFUL"
"2026-02-12 12:32:03.693";"b-pk-00000005";"rec-5";"2026-06-30 23:59:59.000";"b";"ds-b0007";"NULL";"b0007";"b0007-t2";"2026-02-12 12:32:03.693";"24,61";"ELECTRONIC_MONEY";"DEPOSIT";"SUCCESSFUL"
"2026-04-18 23:35:15.096";"b-pk-00000006";"rec-6";"2026-06-30 23:59:59.000";"b";"ds-b0007";"NULL";"b0007";"b0007-t3";"2026-04-18 23:35:15.096";"37,50";"NULL";"OTHER";"SUCCESSFUL"
"2026-01-27 07:08:12.843";"b-pk-00000007";"rec-7";"2026-06-30 23:59:59.000";"b";"ds-b0007";"NULL";"b0007";"b0007-t4";"2026-01-27 07:08:12.843";"32,65";"CREDIT_CARD";"DEPOSIT";"SUCCESSFUL"
"2026-01-01 02:12:57.661";"b-pk-00000008";"rec-8";"2026-06-30 23:59:59.000";"b";"ds-b0007";"NULL";"b0007";"b0007-t5";"2026-01-01 02:12:57.661";"36,03";"NULL";"OTHER";"SUCCESSFUL"
"2026-03-04 01:29:03.172";"b-pk-00000009";"rec-9";"2026-06-30 23:59:59.000";"b";"ds-b0007";"NULL";"b0007";"b0007-t6";"2026-03-04 01:29:03.172";"74,01";"OTHER";"DEPOSIT";"UNSUCCESSFUL"
"2026-04-22 13:11:22.219";"b-pk-00000010";"rec-10";"2026-06-30 23:59:59.000";"b";"ds-b0007";"NULL";"b0007";"b0007-t7";"2026-04-22 13:11:22.219";"72,76";"NULL";"STAKE";"SUCCESSFUL"
"2026-02-02 19:39:39.251";"b-pk-00000011";"rec-11";"2026-06-30 23:59:59.000";"b";"ds-b0007";"NULL";"b0007";"b0007-t8";"2026-02-02 19:39:39.251";"52,13";"NULL";"STAKE";"UNSUCCESSFUL"
"2026-04-02 02:17:24.140";"b-pk-00000012";"rec-12";"2026-06-30 23:59:59.000";"b";"ds-b0007";"NULL";"b0007";"b0007-t9";"2026-04-02 02:17:24.140";"34,12";"NULL";"STAKE";"SUCCESSFUL"
"2026-01-13 22:22:30.557";"b-pk-00000013";"rec-13";"2026-06-30 23:59:59.000";"b";"ds-b0007";"NULL";"b0007";"b0007-t10";"2026-01-13 22:22:30.557";"62,73";"NULL";"STAKE";"SUCCESSFUL"
"2026-03-13 08:11:01.326";"b-pk-00000014";"rec-14";"2026-06-30 23:59:59.000";"b";"ds-b0007";"NULL";"b0007";"b0007-t11";"2026-03-13 08:11:01.326";"48,17";"NULL";"OTHER";"SUCCESSFUL"
"2026-03-02 15:33:22.785";"b-pk-00000015";"rec-15";"2026-06-30 23:59:59.000";"b";"ds-b0007";"NULL";"b0007";"b0007-t12";"2026-03-02 15:33:22.785";"47,14";"NULL";"WITHDRAWAL";"SUCCESSFUL"
"2026-01-01 04:42:41.174";"c-pk-00000003";"rec-3";"2026-06-30 23:59:59.000";"c";"ds-c0008";"NULL";"c0008";"c0008-t0";"2026-01-01 04:42:41.174";"7,24";"OTHER";"DEPOSIT";"SUCCESSFUL"
"2026-01-12 10:11:07.410";"c-pk-00000004";"rec-4";"2026-06-30 23:59:59.000";"c";"ds-c0008";"NULL";"c0008";"c0008-t1";"2026-01-12 10:11:07.410";"8,60";"NULL";"WITHDRAWAL";"UNSUCCESSFUL"
"2026-04-23 15:51:26.664";"c-pk-00000005";"rec-5";"2026-06-30 23:59:59.000";"c";"ds-c0008";"NULL";"c0008";"c0008-t2";"2026-04-23 15:51:26.664";"17,84";"ELECTRONIC_MONEY";"DEPOSIT";"SUCCESSFUL"
"2026-01-28 05:06:26.933";"c-pk-00000006";"rec-6";"2026-06-30 23:59:59.000";"c";"ds-c0008";"NULL";"c0008";"c0008-t3";"2026-01-28 05:06:26.933";"12,22";"OTHER";"DEPOSIT";"SUCCESSFUL"
"2026-03-20 00:55:43.901";"c-pk-00000007";"rec-7";"2026-06-30 23:59:59.000";"c";"ds-c0008";"NULL";"c0008";"c0008-t4";"2026-03-20 00:55:43.901";"16,93";"NULL";"STAKE";"SUCCESSFUL"
"2026-02-09 05:18:43.256";"a-pk-00000003";"rec-3";"2026-06-30 23:59:59.000";"a";"ds-a0009";"NULL";"a0009";"a0009-t0";"2026-02-09 05:18:43.256";"3,78";"NULL";"WINNING";"SUCCESSFUL"
"2026-03-07 17:02:22.833";"a-pk-00000004";"rec-4";"2026-06-30 23:59:59.000";"a";"ds-a0009";"NULL";"a0009";"a0009-t1";"2026-03-07 17:02:22.833";"9,60";"NULL";"WINNING";"SUCCESSFUL"
"2026-04-08 16:50:50.817";"a-pk-00000005";"rec-5";"2026-06-30 23:59:59.000";"a";"ds-a0009";"NULL";"a0009";"a0009-t2";"2026-04-08 16:50:50.817";"14,23";"NULL";"WINNING";"SUCCESSFUL"
"2026-04-14 21:20:35.055";"a-pk-00000006";"rec-6";"2026-06-30 23:59:59.000";"a";"ds-a0009";"NULL";"a0009";"a0009-t3";"2026-04-14 21:20:35.055";"1,25";"NULL";"OTHER";"SUCCESSFUL"
"2026-04-27 07:58:40.721";"a-pk-00000007";"rec-7";"2026-06-30 23:59:59.000";"a";"ds-a0009";"NULL";"a0009";"a0009-t4";"2026-04-27 07:58:40.721";"14,48";"BANK_TRANSFER";"DEPOSIT";"SUCCESSFUL"
"2026-02-10 14:11:43.076";"a-pk-00000008";"rec-8";"2026-06-30 23:59:59.000";"a";"ds-a0009";"NULL";"a0009";"a0009-t5";"2026-02-10 14:11:43.076";"4,55";"NULL";"WINNING";"SUCCESSFUL"
"2026-01-13 01:27:17.569";"a-pk-00000009";"rec-9";"2026-06-30 23:59:59.000";"a";"ds-a0009";"NULL";"a0009";"a0009-t6";"2026-01-13 01:27:17.569";"6,02";"NULL";"WINNING";"SUCCESSFUL"
"2026-03-01 10:29:45.959";"a-pk-00000010";"rec-10";"2026-06-30 23:59:59.000";"a";"ds-a0009";"NULL";"a0009";"a0009-t7";"2026-03-01 10:29:45.959";"3,94";"NULL";"STAKE";"SUCCESSFUL"
"2026-01-25 20:39:53.677";"a-pk-00000011";"rec-11";"2026-06-30 23:59:59.000";"a";"ds-a0009";"NULL";"a0009";"a0009-t8";"2026-01-25 20:39:53.677";"6,72";"NULL";"OTHER";"SUCCESSFUL"
"2026-04-22 15:30:13.604";"b-pk-00000003";"rec-3";"2026-06-30 23:59:59.000";"b";"ds-b0010";"NULL";"b0010";"b0010-t0";"2026-04-22 15:30:13.604";"4,06";"NULL";"WINNING";"UNSUCCESSFUL"
"2026-01-05 18:37:10.137";"b-pk-00000004";"rec-4";"2026-06-30 23:59:59.000";"b";"ds-b0010";"NULL";"b0010";"b0010-t1";"2026-01-05 18:37:10.137";"12,96";"CREDIT_CARD";"DEPOSIT";"SUCCESSFUL"
"2026-03-06 16:25:38.992";"b-pk-00000005";"rec-5";"2026-06-30 23:59:59.000";"b";"ds-b0010";"NULL";"b0010";"b0010-t2";"2026-03-06 16:25:38.992";"11,71";"CREDIT_CARD";"DEPOSIT";"SUCCESSFUL"
"2026-02-15 19:30:55.493";"b-pk-00000006";"rec-6";"2026-06-30 23:59:59.000";"b";"ds-b0010";"NULL";"b0010";"b0010-t3";"2026-02-15 19:30:55.493";"4,24";"NULL";"OTHER";"UNSUCCESSFUL"
"2026-02-20 21:32:16.171";"b-pk-00000007";"rec-7";"2026-06-30 23:59:59.000";"b";"ds-b0010";"NULL";"b0010";"b0010-t4";"2026-02-20 21:32:16.171";"14,76";"NULL";"STAKE";"SUCCESSFUL"
"2026-01-08 12:24:08.111";"b-pk-00000008";"rec-8";"2026-06-30 23:59:59.000";"b";"ds-b0010";"NULL";"b0010";"b0010-t5";"2026-01-08 12:24:08.111";"1,31";"NULL";"OTHER";"UNSUCCESSFUL"
"2026-01-06 15:57:39.614";"b-pk-00000009";"rec-9";"2026-06-30 23:59:59.000";"b";"ds-b0010";"NULL";"b0010";"b0010-t6";"2026-01-06 15:57:39.614";"1,74";"NULL";"WITHDRAWAL";"SUCCESSFUL"
"2026-02-20 17:52:00.918";"b-pk-00000010";"rec-10";"2026-06-30 23:59:59.000";"b";"ds-b0010";"NULL";"b0010";"b0010-t7";"2026-02-20 17:52:00.918";"18,82";"OTHER";"DEPOSIT";"UNSUCCESSFUL"
"2026-01-23 16:27:14.960";"b-pk-00000011";"rec-11";"2026-06-30 23:59:59.000";"b";"ds-b0010";"NULL";"b0010";"b0010-t8";"2026-01-23 16:27:14.960";"16,24";"NULL";"STAKE";"UNSUCCESSFUL"
"2026-01-14 04:16:30.784";"b-pk-00000012";"rec-12";"2026-06-30 23:59:59.000";"b";"ds-b0010";"NULL";"b0010";"b0010-t9";"2026-01-14 04:16:30.784";"5,42";"NULL";"STAKE";"SUCCESSFUL"
"2026-04-09 06:00:45.761";"b-pk-00000013";"rec-13";"2026-06-30 23:59:59.000";"b";"ds-b0010";"NULL";"b0010";"b0010-t10";"2026-04-09 06:00:45.761";"16,00";"NULL";"STAKE";"SUCCESSFUL"
"2026-04-25 11:47:37.533";"c-pk-00000003";"rec-3";"2026-06-30 23:59:59.000";"c";"ds-c0011";"NULL";"c0011";"c0011-t0";"2026-04-25 11:47:37.533";"19,34";"OTHER";"DEPOSIT";"SUCCESSFUL"
"2026-01-05 23:15:42.257";"c-pk-00000004";"rec-4";"2026-06-30 23:59:59.000";"c";"ds-c0011";"NULL";"c0011";"c0011-t1";"2026-01-05 23:15:42.257";"18,87";"CREDIT_CARD";"DEPOSIT";"SUCCESSFUL"
"2026-01-04 02:59:56.484";"c-pk-00000005";"rec-5";"2026-06-30 23:59:59.000";"c";"ds-c0011";"NULL";"c0011";"c0011-t2";"2026-01-04 02:59:56.484";"11,42";"CREDIT_CARD";"DEPOSIT";"UNSUCCESSFUL"
"2026-01-04 08:39:09.086";"c-pk-00000006";"rec-6";"2026-06-30 23:59:59.000";"c";"ds-c0011";"NULL";"c0011";"c0011-t3";"2026-01-04 08:39:09.086";"13,44";"NULL";"STAKE";"UNSUCCESSFUL"
"2026-02-24 09:28:40.129";"c-pk-00000007";"rec-7";"2026-06-30 23:59:59.000";"c";"ds-c0011";"NULL";"c0011";"c0011-t4";"2026-02-24 09:28:40.129";"3,49";"NULL";"STAKE";"SUCCESSFUL"
"2026-03-28 10:55:30.478";"c-pk-00000008";"rec-8";"2026-06-30 23:59:59.000";"c";"ds-c0011";"NULL";"c0011";"c0011-t5";"2026-03-28 10:55:30.478";"19,52";"BANK_TRANSFER";"DEPOSIT";"UNSUCCESSFUL"
"2026-02-19 19:29:40.766";"c-pk-00000009";"rec-9";"2026-06-30 23:59:59.000";"c";"ds-c0011";"NULL";"c0011";"c0011-t6";"2026-02-19 19:29:40.766";"13,08";"OTHER";"DEPOSIT";"SUCCESSFUL"
"2026-04-18 07:51:05.452";"c-pk-00000010";"rec-10";"2026-06-30 23:59:59.000";"c";"ds-c0011";"NULL";"c0011";"c0011-t7";"2026-04-18 07:51:05.452";"6,85";"NULL";"WITHDRAWAL";"UNSUCCESSFUL"
"2026-03-01 00:33:52.776";"c-pk-00000011";"rec-11";"2026-06-30 23:59:59.000";"c";"ds-c0011";"NULL";"c0011";"c0011-t8";"2026-03-01 00:33:52.776";"17,11";"BANK_TRANSFER";"DEPOSIT";"SUCCESSFUL"
"2026-01-23 15:48:30.306";"c-pk-00000012";"rec-12";"2026-06-30 23:59:59.000";"c";"ds-c0011";"NULL";"c0011";"c0011-t9";"2026-01-23 15:48:30.306";"1,17";"NULL";"STAKE";"UNSUCCESSFUL"
"2026-01-21 08:56:24.911";"a-pk-00000003";"rec-3";"2026-06-30 23:59:59.000";"a";"ds-a0012";"NULL";"a0012";"a0012-t0";"2026-01-21 08:56:24.911";"20,00";"NULL";"STAKE";"SUCCESSFUL"
"2026-03-08 04:21:57.402";"a-pk-00000004";"rec-4";"2026-06-30 23:59:59.000";"a";"ds-a0012";"NULL";"a0012";"a0012-t1";"2026-03-08 04:21:57.402";"13,48";"NULL";"OTHER";"SUCCESSFUL"
"2026-02-14 07:36:09.436";"a-pk-00000005";"rec-5";"2026-06-30 23:59:59.000";"a";"ds-a0012";"NULL";"a0012";"a0012-t2";"2026-02-14 07:36:09.436";"19,44";"NULL";"WINNING";"SUCCESSFUL"
"2026-02-07 20:08:37.554";"a-pk-00000006";"rec-6";"2026-06-30 23:59:59.000";"a";"ds-a0012";"NULL";"a0012";"a0012-t3";"2026-02-07 20:08:37.554";"14,00";"NULL";"STAKE";"SUCCESSFUL"
"2026-03-23 22:57:33.931";"a-pk-00000007";"rec-7";"2026-06-30 23:59:59.000";"a";"ds-a0012";"NULL";"a0012";"a0012-t4";"2026-03-23 22:57:33.931";"3,57";"NULL";"WITHDRAWAL";"SUCCESSFUL"
"2026-02-11 02:35:34.971";"a-pk-00000008";"rec-8";"2026-06-30 23:59:59.000";"a";"ds-a0012";"NULL";"a0012";"a0012-t5";"2026-02-11 02:35:34.971";"14,67";"NULL";"WINNING";"SUCCESSFUL"
"2026-02-24 00:48:20.901";"a-pk-00000009";"rec-9";"2026-06-30 23:59:59.000";"a";"ds-a0012";"NULL";"a0012";"a0012-t6";"2026-02-24 00:48:20.901";"19,49";"NULL";"STAKE";"UNSUCCESSFUL"
"2026-03-05 06:06:08.189";"a-pk-00000010";"rec-10";"2026-06-30 23:59:59.000";"a";"ds-a0012";"NULL";"a0012";"a0012-t7";"2026-03-05 06:06:08.189";"1,50";"NULL";"STAKE";"SUCCESSFUL"
"2026-02-20 07:14:43.026";"a-pk-00000011";"rec-11";"2026-06-30 23:59:59.000";"a";"ds-a0012";"NULL";"a0012";"a0012-t8";"2026-02-20 07:14:43.026";"7,83";"NULL";"STAKE";"UNSUCCESSFUL"
"2026-04-23 20:23:11.872";"a-pk-00000012";"rec-12";"2026-06-30 23:59:59.000";"a";"ds-a0012";"NULL";"a0012";"a0012-t9";"2026-04-23 20:23:11.872";"8,36";"OTHER";"DEPOSIT";"SUCCESSFUL"
"2026-02-02 13:48:00.947";"a-pk-00000013";"rec-13";"2026-06-30 23:59:59.000";"a";"ds-a0012";"NULL";"a0012";"a0012-t10";"2026-02-02 13:48:00.947";"6,13";"OTHER";"DEPOSIT";"SUCCESSFUL"
"2026-02-11 15:46:55.536";"b-pk-00000003";"rec-3";"2026-06-30 23:59:59.000";"b";"ds-b0013";"NULL";"b0013";"b0013-t0";"2026-02-11 15:46:55.536";"6,90";"NULL";"STAKE";"SUCCESSFUL"
"2026-01-27 16:43:08.210";"b-pk-00000004";"rec-4";"2026-06-30 23:59:59.000";"b";"ds-b0013";"NULL";"b0013";"b0013-t1";"2026-01-27 16:43:08.210";"14,77";"OTHER";"DEPOSIT";"UNSUCCESSFUL"
"2026-01-01 09:59:02.703";"b-pk-00000005";"rec-5";"2026-06-30 23:59:59.000";"b";"ds-b0013";"NULL";"b0013";"b0013-t2";"2026-01-01 09:59:02.703";"17,11";"NULL";"WINNING";"SUCCESSFUL"
"2026-01-04 16:49:42.763";"b-pk-00000006";"rec-6";"2026-06-30 23:59:59.000";"b";"ds-b0013";"NULL";"b0013";"b0013-t3";"2026-01-04 16:49:42.763";"6,94";"NULL";"STAKE";"SUCCESSFUL"
"2026-02-11 06:12:18.283";"b-pk-00000007";"rec-7";"2026-06-30 23:59:59.000";"b";"ds-b0013";"NULL";"b0013";"b0013-t4";"2026-02-11 06:12:18.283";"11,11";"NULL";"WINNING";"UNSUCCESSFUL"
"2026-03-05 05:17:07.015";"b-pk-00000008";"rec-8";"2026-06-30 23:59:59.000";"b";"ds-b0013";"NULL";"b0013";"b0013-t5";"2026-03-05 05:17:07.015";"19,21";"NULL";"WINNING";"SUCCESSFUL"
"2026-03-18 10:17:09.965";"b-pk-00000009";"rec-9";"2026-06-30 23:59:59.000";"b";"ds-b0013";"NULL";"b0013";"b0013-t6";"2026-03-18 10:17:09.965";"14,38";"BANK_TRANSFER";"DEPOSIT";"SUCCESSFUL"
"2026-03-20 10:34:28.051";"b-pk-00000010";"rec-10";"2026-06-30 23:59:59.000";"b";"ds-b0013";"NULL";"b0013";"b0013-t7";"2026-03-20 10:34:28.051";"3,47";"OTHER";"DEPOSIT";"SUCCESSFUL"
"2026-01-03 13:25:11.721";"b-pk-00000011";"rec-11";"2026-06-30 23:59:59.000";"b";"ds-b0013";"NULL";"b0013";"b0013-t8";"2026-01-03 13:25:11.721";"12,33";"OTHER";"DEPOSIT";"SUCCESSFUL"
"2026-02-23 21:51:34.080";"b-pk-00000012";"rec-12";"2026-06-30 23:59:59.000";"b";"ds-b0013";"NULL";"b0013";"b0013-t9";"2026-02-23 21:51:34.080";"19,50";"NULL";"STAKE";"UNSUCCESSFUL"
"2026-01-27 22:29:06.466";"b-pk-00000013";"rec-13";"2026-06-30 23:59:59.000";"b";"ds-b0013";"NULL";"b0013";"b0013-t10";"2026-01-27 22:29:06.466";"6,90";"NULL";"STAKE";"UNSUCCESSFUL"
"2026-03-21 18:25:29.791";"c-pk-00000003";"rec-3";"2026-06-30 23:59:59.000";"c";"ds-c0014";"NULL";"c0014";"c0014-t0";"2026-03-21 18:25:29.791";"13,83";"NULL";"WINNING";"SUCCESSFUL"
"2026-02-17 10:43:44.184";"c-pk-00000004";"rec-4";"2026-06-30 23:59:59.000";"c";"ds-c0014";"NULL";"c0014";"c0014-t1";"2026-02-17 10:43:44.184";"6,95";"NULL";"WINNING";"SUCCESSFUL"
"2026-01-01 13:06:33.106";"c-pk-00000005";"rec-5";"2026-06-30 23:59:59.000";"c";"ds-c0014";"NULL";"c0014";"c0014-t2";"2026-01-01 13:06:33.106";"14,02";"NULL";"WINNING";"SUCCESSFUL"
"2026-03-09 06:02:01.634";"c-pk-00000006";"rec-6";"2026-06-30 23:59:59.000";"c";"ds-c0014";"NULL";"c0014";"c0014-t3";"2026-03-09 06:02:01.634";"2,75";"ELECTRONIC_MONEY";"DEPOSIT";"SUCCESSFUL"
"2026-01-03 19:08:24.672";"c-pk-00000007";"rec-7";"2026-06-30 23:59:59.000";"c";"ds-c0014";"NULL";"c0014";"c0014-t4";"2026-01-03 19:08:24.672";"15,51";"NULL";"WINNING";"SUCCESSFUL"
"2026-02-09 09:29:42.958";"c-pk-00000008";"rec-8";"2026-06-30 23:59:59.000";"c";"ds-c0014";"NULL";"c0014";"c0014-t5";"2026-02-09 09:29:42.958";"2,44";"NULL";"WITHDRAWAL";"UNSUCCESSFUL"
"2026-03-25 13:44:57.683";"c-pk-00000009";"rec-9";"2026-06-30 23:59:59.000";"c";"ds-c0014";"NULL";"c0014";"c0014-t6";"2026-03-25 13:44:57.683";"15,63";"NULL";"OTHER";"SUCCESSFUL"
"2026-01-09 01:24:24.340";"c-pk-00000010";"rec-10";"2026-06-30 23:59:59.000";"c";"ds-c0014";"NULL";"c0014";"c0014-t7";"2026-01-09 01:24:24.340";"19,92";"BANK_TRANSFER";"DEPOSIT";"SUCCESSFUL"
"2026-01-16 06:39:25.182";"c-pk-00000011";"rec-11";"2026-06-30 23:59:59.000";"c";"ds-c0014";"NULL";"c0014";"c0014-t8";"2026-01-16 06:39:25.182";"13,26";"CREDIT_CARD";"DEPOSIT";"SUCCESSFUL"
"2026-04-07 19:41:06.934";"c-pk-00000012";"rec-12";"2026-06-30 23:59:59.000";"c";"ds-c0014";"NULL";"c0014";"c0014-t9";"2026-04-07 19:41:06.934";"9,39";"NULL";"STAKE";"SUCCESSFUL"
"2026-01-03 18:46:16.795";"c-pk-00000013";"rec-13";"2026-06-30 23:59:59.000";"c";"ds-c0014";"NULL";"c0014";"c0014-t10";"2026-01-03 18:46:16.795";"9,47";"OTHER";"DEPOSIT";"SUCCESSFUL"
"2026-01-02 21:24:17.155";"c-pk-00000014";"rec-14";"2026-06-30 23:59:59.000";"c";"ds-c0014";"NULL";"c0014";"c0014-t11";"2026-01-02 21:24:17.155";"14,30";"NULL";"WINNING";"UNSUCCESSFUL"
"2026-04-23 20:00:55.642";"a-pk-00000003";"rec-3";"2026-06-30 23:59:59.000";"a";"ds-a0015";"NULL";"a0015";"a0015-t0";"2026-04-23 20:00:55.642";"6,59";"NULL";"STAKE";"SUCCESSFUL"
"2026-03-14 08:44:39.555";"a-pk-00000004";"rec-4";"2026-06-30 23:59:59.000";"a";"ds-a0015";"NULL";"a0015";"a0015-t1";"2026-03-14 08:44:39.555";"46,44";"NULL";"STAKE";"SUCCESSFUL"
"2026-01-20 10:47:59.056";"a-pk-00000005";"rec-5";"2026-06-30 23:59:59.000";"a";"ds-a0015";"NULL";"a0015";"a0015-t2";"2026-01-20 10:47:59.056";"41,66";"NULL";"WINNING";"SUCCESSFUL"
"2026-01-13 11:29:39.041";"a-pk-00000006";"rec-6";"2026-06-30 23:59:59.000";"a";"ds-a0015";"NULL";"a0015";"a0015-t3";"2026-01-13 11:29:39.041";"29,88";"NULL";"WITHDRAWAL";"SUCCESSFUL"
"2026-01-18 22:49:13.141";"a-pk-00000007";"rec-7";"2026-06-30 23:59:59.000";"a";"ds-a0015";"NULL";"a0015";"a0015-t4";"2026-01-18 22:49:13.141";"78,52";"NULL";"WINNING";"SUCCESSFUL"
"2026-04-24 18:55:44.214";"a-pk-00000008";"rec-8";"2026-06-30 23:59:59.000";"a";"ds-a0015";"NULL";"a0015";"a0015-t5";"2026-04-24 18:55:44.214";"60,50";"NULL";"STAKE";"SUCCESSFUL"
"2026-03-17 21:27:17.055";"a-pk-00000009";"rec-9";"2026-06-30 23:59:59.000";"a";"ds-a0015";"NULL";"a0015";"a0015-t6";"2026-03-17 21:27:17.055";"6,01";"NULL";"STAKE";"SUCCESSFUL"
"2026-01-16 22:34:43.845";"a-pk-00000010";"rec-10";"2026-06-30 23:59:59.000";"a";"ds-a0015";"NULL";"a0015";"a0015-t7";"2026-01-16 22:34:43.845";"43,10";"NULL";"STAKE";"SUCCESSFUL"
"2026-03-26 21:44:51.963";"a-pk-00000011";"rec-11";"2026-06-30 23:59:59.000";"a";"ds-a0015";"NULL";"a0015";"a0015-t8";"2026-03-26 21:44:51.963";"70,77";"NULL";"STAKE";"SUCCESSFUL"
"2026-04-03 02:25:57.183";"a-pk-00000012";"rec-12";"2026-06-30 23:59:59.000";"a";"ds-a0015";"NULL";"a0015";"a0015-t9";"2026-04-03 02:25:57.183";"23,78";"NULL";"WITHDRAWAL";"SUCCESSFUL"
"2026-03-04 22:09:31.154";"a-pk-00000013";"rec-13";"2026-06-30 23:59:59.000";"a";"ds-a0015";"NULL";"a0015";"a0015-t10";"2026-03-04 22:09:31.154";"70,12";"CREDIT_CARD";"DEPOSIT";"SUCCESSFUL"
"2026-02-16 11:26:28.755";"a-pk-00000014";"rec-14";"2026-06-30 23:59:59.000";"a";"ds-a0015";"NULL";"a0015";"a0015-t11";"2026-02-16 11:26:28.755";"51,93";"NULL";"STAKE";"SUCCESSFUL"
"2026-01-28 07:53:33.660";"a-pk-00000015";"rec-15";"2026-06-30 23:59:59.000";"a";"ds-a0015";"NULL";"a0015";"a0015-t12";"2026-01-28 07:53:33.660";"27,53";"BANK_TRANSFER";"DEPOSIT";"SUCCESSFUL"
"2026-04-15 09:36:08.919";"a-pk-00000016";"rec-16";"2026-06-30 23:59:59.000";"a";"ds-a0015";"NULL";"a0015";"a0015-t13";"2026-04-15 09:36:08.919";"63,36";"NULL";"STAKE";"SUCCESSFUL"
"2026-02-16 11:18:49.865";"a-pk-00000017";"rec-17";"2026-06-30 23:59:59.000";"a";"ds-a0015";"NULL";"a0015";"a0015-t14";"2026-02-16 11:18:49.865";"4,74";"NULL";"WINNING";"SUCCESSFUL"
"2026-02-20 05:45:34.292";"a-pk-00000018";"rec-18";"2026-06-30 23:59:59.000";"a";"ds-a0015";"NULL";"a0015";"a0015-t15";"2026-02-20 05:45:34.292";"15,40";"NULL";"STAKE";"SUCCESSFUL"
"2026-02-06 07:07:02.324";"a-pk-00000019";"rec-19";"2026-06-30 23:59:59.000";"a";"ds-a0015";"NULL";"a0015";"a0015-t16";"2026-02-06 07:07:02.324";"46,39";"NULL";"WITHDRAWAL";"UNSUCCESSFUL"
"2026-02-07 17:45:02.681";"a-pk-00000020";"rec-20";"2026-06-30 23:59:59.000";"a";"ds-a0015";"NULL";"a0015";"a0015-t17";"2026-02-07 17:45:02.681";"26,04";"BANK_TRANSFER";"DEPOSIT";"SUCCESSFUL"
"2026-02-18 09:07:58.025";"a-pk-00000021";"rec-21";"2026-06-30 23:59:59.000";"a";"ds-a0015";"NULL";"a0015";"a0015-t18";"2026-02-18 09:07:58.025";"32,96";"NULL";"STAKE";"UNSUCCESSFUL"
"2026-04-11 04:00:47.559";"a-pk-00000022";"rec-22";"2026-06-30 23:59:59.000";"a";"ds-a0015";"NULL";"a0015";"a0015-t19";"2026-04-11 04:00:47.559";"78,07";"NULL";"WINNING";"SUCCESSFUL"
"2026-03-16 09:48:36.682";"a-pk-00000023";"rec-23";"2026-06-30 23:59:59.000";"a";"ds-a0015";"NULL";"a0015";"a0015-t20";"2026-03-16 09:48:36.682";"12,62";"NULL";"WINNING";"UNSUCCESSFUL"
"2026-01-24 15:57:02.142";"a-pk-00000024";"rec-24";"2026-06-30 23:59:59.000";"a";"ds-a0015";"NULL";"a0015";"a0015-t21";"2026-01-24 15:57:02.142";"54,56";"NULL";"STAKE";"SUCCESSFUL"
"2026-04-20 07:28:22.094";"a-pk-00000025";"rec-25";"2026-06-30 23:59:59.000";"a";"ds-a0015";"NULL";"a0015";"a0015-t22";"2026-04-20 07:28:22.094";"26,78";"NULL";"STAKE";"SUCCESSFUL"
"2026-02-26 08:12:01.085";"a-pk-00000026";"rec-26";"2026-06-30 23:59:59.000";"a";"ds-a0015";"NULL";"a0015";"a0015-t23";"2026-02-26 08:12:01.085";"43,53";"NULL";"STAKE";"UNSUCCESSFUL"
"2026-01-17 12:12:31.325";"a-pk-00000027";"rec-27";"2026-06-30 23:59:59.000";"a";"ds-a0015";"NULL";"a0015";"a0015-t24";"2026-01-17 12:12:31.325";"48,65";"NULL";"WINNING";"SUCCESSFUL"
"2026-03-13 04:45:54.437";"a-pk-00000028";"rec-28";"2026-06-30 23:59:59.000";"a";"ds-a0015";"NULL";"a0015";"a0015-t25";"2026-03-13 04:45:54.437";"30,20";"NULL";"WITHDRAWAL";"SUCCESSFUL"
"2026-04-22 17:11:56.019";"b-pk-00000003";"rec-3";"2026-06-30 23:59:59.000";"b";"ds-b0016";"NULL";"b0016";"b0016-t0";"2026-04-22 17:11:56.019";"12,93";"NULL";"STAKE";"SUCCESSFUL"
"2026-02-22 23:29:17.959";"b-pk-00000004";"rec-4";"2026-06-30 23:59:59.000";"b";"ds-b0016";"NULL";"b0016";"b0016-t1";"2026-02-22 23:29:17.959";"13,12";"NULL";"STAKE";"UNSUCCESSFUL"
"2026-01-17 06:23:29.151";"b-pk-00000005";"rec-5";"2026-06-30 23:59:59.000";"b";"ds-b0016";"NULL";"b0016";"b0016-t2";"2026-01-17 06:23:29.151";"5,57";"NULL";"OTHER";"SUCCESSFUL"
"2026-04-11 02:40:13.866";"b-pk-00000006";"rec-6";"2026-06-30 23:59:59.000";"b";"ds-b0016";"NULL";"b0016";"b0016-t3";"2026-04-11 02:40:13.866";"8,84";"NULL";"WITHDRAWAL";"SUCCESSFUL"
"2026-03-22 19:15:25.244";"b-pk-00000007";"rec-7";"2026-06-30 23:59:59.000";"b";"ds-b0016";"NULL";"b0016";"b0016-t4";"2026-03-22 19:15:25.244";"3,16";"NULL";"WINNING";"SUCCESSFUL"
"2026-04-10 04:08:43.924";"c-pk-00000003";"rec-3";"2026-06-30 23:59:59.000";"c";"ds-c0017";"NULL";"c0017";"c0017-t0";"2026-04-10 04:08:43.924";"6,71";"ELECTRONIC_MONEY";"DEPOSIT";"UNSUCCESSFUL"
"2026-01-18 02:58:02.525";"c-pk-00000004";"rec-4";"2026-06-30 23:59:59.000";"c";"ds-c0017";"NULL";"c0017";"c0017-t1";"2026-01-18 02:58:02.525";"3,05";"NULL";"STAKE";"UNSUCCESSFUL"
"2026-04-22 23:36:52.259";"c-pk-00000005";"rec-5";"2026-06-30 23:59:59.000";"c";"ds-c0017";"NULL";"c0017";"c0017-t2";"2026-04-22 23:36:52.259";"7,75";"NULL";"STAKE";"SUCCESSFUL"
"2026-01-04 23:42:29.183";"c-pk-00000006";"rec-6";"2026-06-30 23:59:59.000";"c";"ds-c0017";"NULL";"c0017";"c0017-t3";"2026-01-04 23:42:29.183";"15,94";"NULL";"WINNING";"UNSUCCESSFUL"
"2026-04-23 09:20:37.741";"c-pk-00000007";"rec-7";"2026-06-30 23:59:59.000";"c";"ds-c0017";"NULL";"c0017";"c0017-t4";"2026-04-23 09:20:37.741";"9,64";"OTHER";"DEPOSIT";"SUCCESSFUL"
"2026-02-07 05:05:47.618";"c-pk-00000008";"rec-8";"2026-06-30 23:59:59.000";"c";"ds-c0017";"NULL";"c0017";"c0017-t5";"2026-02-07 05:05:47.618";"5,93";"NULL";"STAKE";"SUCCESSFUL"
"2026-01-01 12:07:00.175";"c-pk-00000009";"rec-9";"2026-06-30 23:59:59.000";"c";"ds-c0017";"NULL";"c0017";"c0017-t6";"2026-01-01 12:07:00.175";"13,46";"NULL";"STAKE";"UNSUCCESSFUL"
"2026-04-10 19:52:39.369";"c-pk-00000010";"rec-10";"2026-06-30 23:59:59.000";"c";"ds-c0017";"NULL";"c0017";"c0017-t7";"2026-04-10 19:52:39.369";"14,12";"NULL";"WINNING";"UNSUCCESSFUL"
"2026-01-05 04:00:12.114";"c-pk-00000011";"rec-11";"2026-06-30 23:59:59.000";"c";"ds-c0017";"NULL";"c0017";"c0017-t8";"2026-01-05 04:00:12.114";"16,50";"NULL";"WINNING";"SUCCESSFUL"
"2026-02-16 20:09:41.247";"c-pk-00000012";"rec-12";"2026-06-30 23:59:59.000";"c";"ds-c0017";"NULL";"c0017";"c0017-t9";"2026-02-16 20:09:41.247";"9,28";"NULL";"WITHDRAWAL";"SUCCESSFUL"
"2026-04-05 15:27:01.119";"c-pk-00000013";"rec-13";"2026-06-30 23:59:59.000";"c";"ds-c0017";"NULL";"c0017";"c0017-t10";"2026-04-05 15:27:01.119";"4,16";"ELECTRONIC_MONEY";"DEPOSIT";"UNSUCCESSFUL"
"2026-04-01 14:37:15.206";"c-pk-00000014";"rec-14";"2026-06-30 23:59:59.000";"c";"ds-c0017";"NULL";"c0017";"c0017-t11";"2026-04-01 14:37:15.206";"6,60";"NULL";"OTHER";"UNSUCCESSFUL"
"2026-03-06 00:45:03.305";"a-pk-00000003";"rec-3";"2026-06-30 23:59:59.000";"a";"ds-a0018";"NULL";"a0018";"a0018-t0";"2026-03-06 00:45:03.305";"8,41";"NULL";"STAKE";"SUCCESSFUL"
"2026-03-09 12:52:57.123";"a-pk-00000004";"rec-4";"2026-06-30 23:59:59.000";"a";"ds-a0018";"NULL";"a0018";"a0018-t1";"2026-03-09 12:52:57.123";"1,99";"ELECTRONIC_MONEY";"DEPOSIT";"SUCCESSFUL"
"2026-04-04 08:03:20.475";"a-pk-00000005";"rec-5";"2026-06-30 23:59:59.000";"a";"ds-a0018";"NULL";"a0018";"a0018-t2";"2026-04-04 08:03:20.475";"11,51";"NULL";"STAKE";"SUCCESSFUL"
"2026-04-21 07:58:56.019";"a-pk-00000006";"rec-6";"2026-06-30 23:59:59.000";"a";"ds-a0018";"NULL";"a0018";"a0018-t3";"2026-04-21 07:58:56.019";"6,11";"NULL";"STAKE";"SUCCESSFUL"
"2026-02-10 18:26:28.085";"a-pk-00000007";"rec-7";"2026-06-30 23:59:59.000";"a";"ds-a0018";"NULL";"a0018";"a0018-t4";"2026-02-10 18:26:28.085";"17,08";"ELECTRONIC_MONEY";"DEPOSIT";"SUCCESSFUL"
"2026-02-26 07:34:27.984";"a-pk-00000008";"rec-8";"2026-06-30 23:59:59.000";"a";"ds-a0018";"NULL";"a0018";"a0018-t5";"2026-02-26 07:34:27.984";"18,32";"NULL";"STAKE";"UNSUCCESSFUL"
"2026-01-21 08:55:08.871";"b-pk-00000003";"rec-3";"2026-06-30 23:59:59.000";"b";"ds-b0019";"NULL";"b0019";"b0019-t0";"2026-01-21 08:55:08.871";"10,66";"NULL";"STAKE";"UNSUCCESSFUL"
"2026-01-26 15:50:42.629";"b-pk-00000004";"rec-4";"2026-06-30 23:59:59.000";"b";"ds-b0019";"NULL";"b0019";"b0019-t1";"2026-01-26 15:50:42.629";"2,23";"OTHER";"DEPOSIT";"SUCCESSFUL"
"2026-04-06 10:45:23.538";"b-pk-00000005";"rec-5";"2026-06-30 23:59:59.000";"b";"ds-b0019";"NULL";"b0019";"b0019-t2";"2026-04-06 10:45:23.538";"14,20";"NULL";"STAKE";"UNSUCCESSFUL"
"2026-04-21 18:41:02.212";"b-pk-00000006";"rec-6";"2026-06-30 23:59:59.000";"b";"ds-b0019";"NULL";"b0019";"b0019-t3";"2026-04-21 18:41:02.212";"5,17";"NULL";"STAKE";"SUCCESSFUL"
"2026-02-13 06:19:27.910";"b-pk-00000007";"rec-7";"2026-06-30 23:59:59.000";"b";"ds-b0019";"NULL";"b0019";"b0019-t4";"2026-02-13 06:19:27.910";"8,16";"NULL";"STAKE";"SUCCESSFUL"
"2026-03-09 17:05:08.769";"b-pk-00000008";"rec-8";"2026-06-30 23:59:59.000";"b";"ds-b0019";"NULL";"b0019";"b0019-t5";"2026-03-09 17:05:08.769";"2,60";"NULL";"OTHER";"UNSUCCESSFUL"
"2026-02-19 01:29:32.636";"b-pk-00000009";"rec-9";"2026-06-30 23:59:59.000";"b";"ds-b0019";"NULL";"b0019";"b0019-t6";"2026-02-19 01:29:32.636";"7,39";"NULL";"STAKE";"UNSUCCESSFUL"
"2026-04-12 15:20:17.391";"b-pk-00000010";"rec-10";"2026-06-30 23:59:59.000";"b";"ds-b0019";"NULL";"b0019";"b0019-t7";"2026-04-12 15:20:17.391";"1,47";"NULL";"STAKE";"UNSUCCESSFUL"
"2026-01-08 00:39:48.918";"c-pk-00000003";"rec-3";"2026-06-30 23:59:59.000";"c";"ds-c0020";"NULL";"c0020";"c0020-t0";"2026-01-08 00:39:48.918";"3,36";"NULL";"STAKE";"SUCCESSFUL"
"2026-02-20 02:03:08.383";"c-pk-00000004";"rec-4";"2026-06-30 23:59:59.000";"c";"ds-c0020";"NULL";"c0020";"c0020-t1";"2026-02-20 02:03:08.383";"10,48";"NULL";"WINNING";"SUCCESSFUL"
"2026-02-21 01:15:59.742";"c-pk-00000005";"rec-5";"2026-06-30 23:59:59.000";"c";"ds-c0020";"NULL";"c0020";"c0020-t2";"2026-02-21 01:15:59.742";"12,36";"OTHER";"DEPOSIT";"SUCCESSFUL"
"2026-03-21 01:33:50.424";"c-pk-00000006";"rec-6";"2026-06-30 23:59:59.000";"c";"ds-c0020";"NULL";"c0020";"c0020-t3";"2026-03-21 01:33:50.424";"13,31";"BANK_TRANSFER";"DEPOSIT";"SUCCESSFUL"
"2026-03-11 07:13:34.055";"c-pk-00000007";"rec-7";"2026-06-30 23:59:59.000";"c";"ds-c0020";"NULL";"c0020";"c0020-t4";"2026-03-11 07:13:34.055";"18,23";"ELECTRONIC_MONEY";"DEPOSIT";"SUCCESSFUL"
"2026-04-17 10:11:28.644";"c-pk-00000008";"rec-8";"2026-06-30 23:59:59.000";"c";"ds-c0020";"NULL";"c0020";"c0020-t5";"2026-04-17 10:11:28.644";"1,11";"NULL";"STAKE";"UNSUCCESSFUL"
"2026-02-02 20:09:13.128";"c-pk-00000009";"rec-9";"2026-06-30 23:59:59.000";"c";"ds-c0020";"NULL";"c0020";"c0020-t6";"2026-02-02 20:09:13.128";"2,74";"ELECTRONIC_MONEY";"DEPOSIT";"SUCCESSFUL"
"2026-03-22 15:57:42.126";"a-pk-00000003";"rec-3";"2026-06-30 23:59:59.000";"a";"ds-a0021";"NULL";"a0021";"a0021-t0";"2026-03-22 15:57:42.126";"13,64";"NULL";"STAKE";"UNSUCCESSFUL"
"2026-03-28 07:59:36.784";"a-pk-00000004";"rec-4";"2026-06-30 23:59:59.000";"a";"ds-a0021";"NULL";"a0021";"a0021-t1";"2026-03-28 07:59:36.784";"18,55";"CREDIT_CARD";"DEPOSIT";"SUCCESSFUL"
"2026-04-21 20:50:35.989";"a-pk-00000005";"rec-5";"2026-06-30 23:59:59.000";"a";"ds-a0021";"NULL";"a0021";"a0021-t2";"2026-04-21 20:50:35.989";"17,27";"NULL";"STAKE";"SUCCESSFUL"
"2026-01-10 02:07:05.348";"a-pk-00000006";"rec-6";"2026-06-30 23:59:59.000";"a";"ds-a0021";"NULL";"a0021";"a0021-t3";"2026-01-10 02:07:05.348";"15,07";"ELECTRONIC_MONEY";"DEPOSIT";"SUCCESSFUL"
"2026-02-28 10:24:36.754";"a-pk-00000007";"rec-7";"2026-06-30 23:59:59.000";"a";"ds-a0021";"NULL";"a0021";"a0021-t4";"2026-02-28 10:24:36.754";"1,03";"NULL";"STAKE";"SUCCESSFUL"
"2026-02-28 12:27:20.789";"a-pk-00000008";"rec-8";"2026-06-30 23:59:59.000";"a";"ds-a0021";"NULL";"a0021";"a0021-t5";"2026-02-28 12:27:20.789";"7,94";"NULL";"STAKE";"SUCCESSFUL"
"2026-02-04 12:00:34.872";"a-pk-00000009";"rec-9";"2026-06-30 23:59:59.000";"a";"ds-a0021";"NULL";"a0021";"a0021-t6";"2026-02-04 12:00:34.872";"9,75";"NULL";"STAKE";"SUCCESSFUL"
"2026-03-27 07:31:43.466";"a-pk-00000010";"rec-10";"2026-06-30 23:59:59.000";"a";"ds-a0021";"NULL";"a0021";"a0021-t7";"2026-03-27 07:31:43.466";"3,80";"NULL";"WINNING";"SUCCESSFUL"
"2026-01-14 21:32:59.748";"b-pk-00000003";"rec-3";"2026-06-30 23:59:59.000";"b";"ds-b0022";"NULL";"b0022";"b0022-t0";"2026-01-14 21:32:59.748";"3,59";"NULL";"STAKE";"UNSUCCESSFUL"
"2026-01-13 00:39:12.932";"b-pk-00000004";"rec-4";"2026-06-30 23:59:59.000";"b";"ds-b0022";"NULL";"b0022";"b0022-t1";"2026-01-13 00:39:12.932";"16,80";"NULL";"STAKE";"SUCCESSFUL"
"2026-03-08 23:42:58.843";"b-pk-00000005";"rec-5";"2026-06-30 23:59:59.000";"b";"ds-b0022";"NULL";"b0022";"b0022-t2";"2026-03-08 23:42:58.843";"19,98";"NULL";"WINNING";"SUCCESSFUL"
"2026-02-22 16:57:14.179";"b-pk-00000006";"rec-6";"2026-06-30 23:59:59.000";"b";"ds-b0022";"NULL";"b0022";"b0022-t3";"2026-02-22 16:57:14.179";"2,43";"NULL";"STAKE";"SUCCESSFUL"
"2026-01-14 15:24:10.382";"b-pk-00000007";"rec-7";"2026-06-30 23:59:59.000";"b";"ds-b0022";"NULL";"b0022";"b0022-t4";"2026-01-14 15:24:10.382";"19,42";"NULL";"STAKE";"SUCCESSFUL"
"2026-02-27 17:54:49.878";"b-pk-00000008";"rec-8";"2026-06-30 23:59:59.000";"b";"ds-b0022";"NULL";"b0022";"b0022-t5";"2026-02-27 17:54:49.878";"3,24";"NULL";"OTHER";"SUCCESSFUL"
"2026-03-07 00:47:40.582";"b-pk-00000009";"rec-9";"2026-06-30 23:59:59.000";"b";"ds-b0022";"NULL";"b0022";"b0022-t6";"2026-03-07 00:47:40.582";"8,48";"NULL";"STAKE";"SUCCESSFUL"
"2026-01-15 19:54:31.058";"b-pk-00000010";"rec-10";"2026-06-30 23:59:59.000";"b";"ds-b0022";"NULL";"b0022";"b0022-t7";"2026-01-15 19:54:31.058";"7,76";"NULL";"OTHER";"UNSUCCESSFUL"
"2026-03-04 00:22:56.739";"b-pk-00000011";"rec-11";"2026-06-30 23:59:59.000";"b";"ds-b0022";"NULL";"b0022";"b0022-t8";"2026-03-04 00:22:56.739";"4,54";"NULL";"STAKE";"SUCCESSFUL"
"2026-04-16 06:05:33.526";"b-pk-00000012";"rec-12";"2026-06-30 23:59:59.000";"b";"ds-b0022";"NULL";"b0022";"b0022-t9";"2026-04-16 06:05:33.526";"18,07";"OTHER";"DEPOSIT";"SUCCESSFUL"
"2026-01-05 21:16:14.481";"b-pk-00000013";"rec-13";"2026-06-30 23:59:59.000";"b";"ds-b0022";"NULL";"b0022";"b0022-t10";"2026-01-05 21:16:14.481";"8,51";"NULL";"OTHER";"SUCCESSFUL"
"2026-02-18 08:06:28.672";"b-pk-00000014";"rec-14";"2026-06-30 23:59:59.000";"b";"ds-b0022";"NULL";"b0022";"b0022-t11";"2026-02-18 08:06:28.672";"16,95";"NULL";"STAKE";"SUCCESSFUL"
"2026-01-02 19:09:11.438";"c-pk-00000003";"rec-3";"2026-06-30 23:59:59.000";"c";"ds-c0023";"NULL";"c0023";"c0023-t0";"2026-01-02 19:09:11.438";"42,91";"ELECTRONIC_MONEY";"DEPOSIT";"UNSUCCESSFUL"
"2026-03-20 09:22:56.106";"c-pk-00000004";"rec-4";"2026-06-30 23:59:59.000";"c";"ds-c0023";"NULL";"c0023";"c0023-t1";"2026-03-20 09:22:56.106";"22,42";"OTHER";"DEPOSIT";"SUCCESSFUL"
"2026-01-26 00:55:59.152";"c-pk-00000005";"rec-5";"2026-06-30 23:59:59.000";"c";"ds-c0023";"NULL";"c0023";"c0023-t2";"2026-01-26 00:55:59.152";"62,44";"NULL";"OTHER";"SUCCESSFUL"
"2026-04-15 23:50:50.999";"c-pk-00000006";"rec-6";"2026-06-30 23:59:59.000";"c";"ds-c0023";"NULL";"c0023";"c0023-t3";"2026-04-15 23:50:50.999";"38,80";"NULL";"STAKE";"SUCCESSFUL"
"2026-04-24 08:09:05.330";"c-pk-00000007";"rec-7";"2026-06-30 23:59:59.000";"c";"ds-c0023";"NULL";"c0023";"c0023-t4";"2026-04-24 08:09:05.330";"79,59";"ELECTRONIC_MONEY";"DEPOSIT";"UNSUCCESSFUL"
"2026-04-14 15:44:26.616";"c-pk-00000008";"rec-8";"2026-06-30 23:59:59.000";"c";"ds-c0023";"NULL";"c0023";"c0023-t5";"2026-04-14 15:44:26.616";"63,69";"NULL";"STAKE";"SUCCESSFUL"
"2026-02-13 13:35:31.551";"c-pk-00000009";"rec-9";"2026-06-30 23:59:59.000";"c";"ds-c0023";"NULL";"c0023";"c0023-t6";"2026-02-13 13:35:31.551";"43,17";"ELECTRONIC_MONEY";"DEPOSIT";"UNSUCCESSFUL"
"2026-04-17 18:49:44.830";"c-pk-00000010";"rec-10";"2026-06-30 23:59:59.000";"c";"ds-c0023";"NULL";"c0023";"c0023-t7";"2026-04-17 18:49:44.830";"60,11";"CREDIT_CARD";"DEPOSIT";"SUCCESSFUL"
"2026-02-28 00:23:35.485";"c-pk-00000011";"rec-11";"2026-06-30 23:59:59.000";"c";"ds-c0023";"NULL";"c0023";"c0023-t8";"2026-02-28 00:23:35.485";"76,65";"NULL";"STAKE";"SUCCESSFUL"
"2026-03-12 04:18:29.147";"c-pk-00000012";"rec-12";"2026-06-30 23:59:59.000";"c";"ds-c0023";"NULL";"c0023";"c0023-t9";"2026-03-12 04:18:29.147";"66,98";"OTHER";"DEPOSIT";"SUCCESSFUL"
"2026-02-02 23:08:07.985";"c-pk-00000013";"rec-13";"2026-06-30 23:59:59.000";"c";"ds-c0023";"NULL";"c0023";"c0023-t10";"2026-02-02 23:08:07.985";"55,97";"ELECTRONIC_MONEY";"DEPOSIT";"UNSUCCESSFUL"
"2026-03-11 05:36:27.247";"a-pk-00000003";"rec-3";"2026-06-30 23:59:59.000";"a";"ds-a0024";"NULL";"a0024";"a0024-t0";"2026-03-11 05:36:27.247";"11,56";"NULL";"WITHDRAWAL";"UNSUCCESSFUL"
"2026-04-27 01:51:59.591";"a-pk-00000004";"rec-4";"2026-06-30 23:59:59.000";"a";"ds-a0024";"NULL";"a0024";"a0024-t1";"2026-04-27 01:51:59.591";"9,15";"OTHER";"DEPOSIT";"SUCCESSFUL"
"2026-03-17 05:27:14.101";"a-pk-00000005";"rec-5";"2026-06-30 23:59:59.000";"a";"ds-a0024";"NULL";"a0024";"a0024-t2";"2026-03-17 05:27:14.101";"14,49";"NULL";"STAKE";"SUCCESSFUL"
"2026-04-27 20:58:16.857";"a-pk-00000006";"rec-6";"2026-06-30 23:59:59.000";"a";"ds-a0024";"NULL";"a0024";"a0024-t3";"2026-04-27 20:58:16.857";"11,51";"NULL";"STAKE";"SUCCESSFUL"
"2026-01-01 13:00:40.788";"a-pk-00000007";"rec-7";"2026-06-30 23:59:59.000";"a";"ds-a0024";"NULL";"a0024";"a0024-t4";"2026-01-01 13:00:40.788";"12,27";"CREDIT_CARD";"DEPOSIT";"SUCCESSFUL"
"2026-01-24 23:08:29.649";"a-pk-00000008";"rec-8";"2026-06-30 23:59:59.000";"a";"ds-a0024";"NULL";"a0024";"a0024-t5";"2026-01-24 23:08:29.649";"13,00";"NULL";"STAKE";"SUCCESSFUL"
"2026-03-07 12:11:38.282";"b-pk-00000003";"rec-3";"2026-06-30 23:59:59.000";"b";"ds-b0025";"NULL";"b0025";"b0025-t0";"2026-03-07 12:11:38.282";"42,84";"NULL";"STAKE";"UNSUCCESSFUL"
"2026-01-22 01:41:15.981";"b-pk-00000004";"rec-4";"2026-06-30 23:59:59.000";"b";"ds-b0025";"NULL";"b0025";"b0025-t1";"2026-01-22 01:41:15.981";"9,78";"NULL";"STAKE";"SUCCESSFUL"
"2026-01-19 08:15:04.544";"b-pk-00000005";"rec-5";"2026-06-30 23:59:59.000";"b";"ds-b0025";"NULL";"b0025";"b0025-t2";"2026-01-19 08:15:04.544";"8,98";"ELECTRONIC_MONEY";"DEPOSIT";"UNSUCCESSFUL"
"2026-01-08 23:52:56.708";"b-pk-00000006";"rec-6";"2026-06-30 23:59:59.000";"b";"ds-b0025";"NULL";"b0025";"b0025-t3";"2026-01-08 23:52:56.708";"22,19";"NULL";"STAKE";"SUCCESSFUL"
"2026-02-12 20:18:45.610";"b-pk-00000007";"rec-7";"2026-06-30 23:59:59.000";"b";"ds-b0025";"NULL";"b0025";"b0025-t4";"2026-02-12 20:18:45.610";"23,75";"CREDIT_CARD";"DEPOSIT";"SUCCESSFUL"
"2026-04-24 09:54:58.704";"b-pk-00000008";"rec-8";"2026-06-30 23:59:59.000";"b";"ds-b0025";"NULL";"b0025";"b0025-t5";"2026-04-24 09:54:58.704";"19,85";"BANK_TRANSFER";"DEPOSIT";"SUCCESSFUL"
"2026-03-15 04:00:42.485";"b-pk-00000009";"rec-9";"2026-06-30 23:59:59.000";"b";"ds-b0025";"NULL";"b0025";"b0025-t6";"2026-03-15 04:00:42.485";"34,81";"CREDIT_CARD";"DEPOSIT";"SUCCESSFUL"
"2026-01-06 21:48:54.009";"b-pk-00000010";"rec-10";"2026-06-30 23:59:59.000";"b";"ds-b0025";"NULL";"b0025";"b0025-t7";"2026-01-06 21:48:54.009";"47,93";"NULL";"OTHER";"UNSUCCESSFUL"
"2026-04-28 07:30:07.046";"b-pk-00000011";"rec-11";"2026-06-30 23:59:59.000";"b";"ds-b0025";"NULL";"b0025";"b0025-t8";"2026-04-28 07:30:07.046";"65,70";"NULL";"STAKE";"SUCCESSFUL"
"2026-02-25 04:49:06.102";"b-pk-00000012";"rec-12";"2026-06-30 23:59:59.000";"b";"ds-b0025";"NULL";"b0025";"b0025-t9";"2026-02-25 04:49:06.102";"25,06";"NULL";"WITHDRAWAL";"SUCCESSFUL"
"2026-03-18 08:42:31.259";"b-pk-00000013";"rec-13";"2026-06-30 23:59:59.000";"b";"ds-b0025";"NULL";"b0025";"b0025-t10";"2026-03-18 08:42:31.259";"29,78";"NULL";"STAKE";"SUCCESSFUL"
"2026-03-23 10:57:33.793";"b-pk-00000014";"rec-14";"2026-06-30 23:59:59.000";"b";"ds-b0025";"NULL";"b0025";"b0025-t11";"2026-03-23 10:57:33.793";"53,45";"NULL";"WITHDRAWAL";"UNSUCCESSFUL"
"2026-01-05 13:54:14.675";"b-pk-00000015";"rec-15";"2026-06-30 23:59:59.000";"b";"ds-b0025";"NULL";"b0025";"b0025-t12";"2026-01-05 13:54:14.675";"79,53";"BANK_TRANSFER";"DEPOSIT";"UNSUCCESSFUL"
"2026-01-26 18:57:39.719";"c-pk-00000003";"rec-3";"2026-06-30 23:59:59.000";"c";"ds-c0026";"NULL";"c0026";"c0026-t0";"2026-01-26 18:57:39.719";"66,97";"CREDIT_CARD";"DEPOSIT";"SUCCESSFUL"
"2026-04-20 23:39:59.082";"c-pk-00000004";"rec-4";"2026-06-30 23:59:59.000";"c";"ds-c0026";"NULL";"c0026";"c0026-t1";"2026-04-20 23:39:59.082";"71,11";"NULL";"OTHER";"UNSUCCESSFUL"
"2026-03-24 01:06:02.508";"c-pk-00000005";"rec-5";"2026-06-30 23:59:59.000";"c";"ds-c0026";"NULL";"c0026";"c0026-t2";"2026-03-24 01:06:02.508";"41,10";"NULL";"OTHER";"SUCCESSFUL"
"2026-03-26 07:01:59.056";"c-pk-00000006";"rec-6";"2026-06-30 23:59:59.000";"c";"ds-c0026";"NULL";"c0026";"c0026-t3";"2026-03-26 07:01:59.056";"3,08";"NULL";"STAKE";"SUCCESSFUL"
"2026-04-22 21:47:01.565";"c-pk-00000007";"rec-7";"2026-06-30 23:59:59.000";"c";"ds-c0026";"NULL";"c0026";"c0026-t4";"2026-04-22 21:47:01.565";"39,09";"NULL";"STAKE";"UNSUCCESSFUL"
"2026-02-14 22:27:35.141";"c-pk-00000008";"rec-8";"2026-06-30 23:59:59.000";"c";"ds-c0026";"NULL";"c0026";"c0026-t5";"2026-02-14 22:27:35.141";"10,13";"NULL";"WINNING";"SUCCESSFUL"
"2026-03-12 06:21:27.940";"c-pk-00000009";"rec-9";"2026-06-30 23:59:59.000";"c";"ds-c0026";"NULL";"c0026";"c0026-t6";"2026-03-12 06:21:27.940";"5,58";"NULL";"WITHDRAWAL";"SUCCESSFUL"
"2026-01-08 13:47:48.909";"c-pk-00000010";"rec-10";"2026-06-30 23:59:59.000";"c";"ds-c0026";"NULL";"c0026";"c0026-t7";"2026-01-08 13:47:48.909";"64,81";"CREDIT_CARD";"DEPOSIT";"SUCCESSFUL"
"2026-02-27 01:04:03.129";"c-pk-00000011";"rec-11";"2026-06-30 23:59:59.000";"c";"ds-c0026";"NULL";"c0026";"c0026-t8";"2026-02-27 01:04:03.129";"35,65";"NULL";"WITHDRAWAL";"SUCCESSFUL"
"2026-03-20 20:56:15.299";"c-pk-00000012";"rec-12";"2026-06-30 23:59:59.000";"c";"ds-c0026";"NULL";"c0026";"c0026-t9";"2026-03-20 20:56:15.299";"11,25";"OTHER";"DEPOSIT";"UNSUCCESSFUL"
"2026-01-03 08:34:13.506";"c-pk-00000013";"rec-13";"2026-06-30 23:59:59.000";"c";"ds-c0026";"NULL";"c0026";"c0026-t10";"2026-01-03 08:34:13.506";"56,72";"NULL";"WINNING";"SUCCESSFUL"
"2026-02-15 22:19:23.798";"c-pk-00000014";"rec-14";"2026-06-30 23:59:59.000";"c";"ds-c0026";"NULL";"c0026";"c0026-t11";"2026-02-15 22:19:23.798";"44,56";"NULL";"WITHDRAWAL";"SUCCESSFUL"
"2026-03-11 22:34:32.106";"c-pk-00000015";"rec-15";"2026-06-30 23:59:59.000";"c";"ds-c0026";"NULL";"c0026";"c0026-t12";"2026-03-11 22:34:32.106";"5,27";"NULL";"STAKE";"UNSUCCESSFUL"
"2026-04-09 02:13:58.140";"c-pk-00000016";"rec-16";"2026-06-30 23:59:59.000";"c";"ds-c0026";"NULL";"c0026";"c0026-t13";"2026-04-09 02:13:58.140";"67,47";"NULL";"WINNING";"SUCCESSFUL"
"2026-02-04 11:46:52.806";"c-pk-00000017";"rec-17";"2026-06-30 23:59:59.000";"c";"ds-c0026";"NULL";"c0026";"c0026-t14";"2026-02-04 11:46:52.806";"12,21";"NULL";"STAKE";"SUCCESSFUL"
"2026-04-04 00:31:53.034";"c-pk-00000018";"rec-18";"2026-06-30 23:59:59.000";"c";"ds-c0026";"NULL";"c0026";"c0026-t15";"2026-04-04 00:31:53.034";"22,35";"NULL";"WINNING";"UNSUCCESSFUL"
"2026-01-02 08:54:39.393";"c-pk-00000019";"rec-19";"2026-06-30 23:59:59.000";"c";"ds-c0026";"NULL";"c0026";"c0026-t16";"2026-01-02 08:54:39.393";"40,13";"NULL";"STAKE";"UNSUCCESSFUL"
"2026-01-08 06:24:11.675";"c-pk-00000020";"rec-20";"2026-06-30 23:59:59.000";"c";"ds-c0026";"NULL";"c0026";"c0026-t17";"2026-01-08 06:24:11.675";"35,06";"NULL";"STAKE";"SUCCESSFUL"
"2026-01-18 11:59:01.931";"c-pk-00000021";"rec-21";"2026-06-30 23:59:59.000";"c";"ds-c0026";"NULL";"c0026";"c0026-t18";"2026-01-18 11:59:01.931";"49,09";"NULL";"WINNING";"SUCCESSFUL"
"2026-03-18 15:18:06.224";"a-pk-00000003";"rec-3";"2026-06-30 23:59:59.000";"a";"ds-a0027";"NULL";"a0027";"a0027-t0";"2026-03-18 15:18:06.224";"3,13";"NULL";"STAKE";"SUCCESSFUL"
"2026-04-11 07:42:27.118";"a-pk-00000004";"rec-4";"2026-06-30 23:59:59.000";"a";"ds-a0027";"NULL";"a0027";"a0027-t1";"2026-04-11 07:42:27.118";"4,35";"NULL";"STAKE";"SUCCESSFUL"
"2026-03-23 12:45:08.792";"a-pk-00000005";"rec-5";"2026-06-30 23:59:59.000";"a";"ds-a0027";"NULL";"a0027";"a0027-t2";"2026-03-23 12:45:08.792";"17,76";"NULL";"WINNING";"UNSUCCESSFUL"
"2026-02-01 09:17:32.220";"a-pk-00000006";"rec-6";"2026-06-30 23:59:59.000";"a";"ds-a0027";"NULL";"a0027";"a0027-t3";"2026-02-01 09:17:32.220";"17,91";"NULL";"STAKE";"UNSUCCESSFUL"
"2026-03-09 21:20:26.400";"a-pk-00000007";"rec-7";"2026-06-30 23:59:59.000";"a";"ds-a0027";"NULL";"a0027";"a0027-t4";"2026-03-09 21:20:26.400";"16,37";"OTHER";"DEPOSIT";"UNSUCCESSFUL"
"2026-01-09 15:46:14.347";"a-pk-00000008";"rec-8";"2026-06-30 23:59:59.000";"a";"ds-a0027";"NULL";"a0027";"a0027-t5";"2026-01-09 15:46:14.347";"13,09";"CREDIT_CARD";"DEPOSIT";"SUCCESSFUL"
"2026-02-19 05:34:13.798";"a-pk-00000009";"rec-9";"2026-06-30 23:59:59.000";"a";"ds-a0027";"NULL";"a0027";"a0027-t6";"2026-02-19 05:34:13.798";"12,88";"NULL";"STAKE";"SUCCESSFUL"
"2026-01-24 00:51:24.092";"a-pk-00000010";"rec-10";"2026-06-30 23:59:59.000";"a";"ds-a0027";"NULL";"a0027";"a0027-t7";"2026-01-24 00:51:24.092";"15,83";"BANK_TRANSFER";"DEPOSIT";"SUCCESSFUL"
"2026-02-05 05:30:55.000";"b-pk-00000003";"rec-3";"2026-06-30 23:59:59.000";"b";"ds-b0028";"NULL";"b0028";"b0028-t0";"2026-02-05 05:30:55.000";"7,14";"CREDIT_CARD";"DEPOSIT";"SUCCESSFUL"
"2026-04-14 21:30:20.309";"b-pk-00000004";"rec-4";"2026-06-30 23:59:59.000";"b";"ds-b0028";"NULL";"b0028";"b0028-t1";"2026-04-14 21:30:20.309";"10,51";"NULL";"STAKE";"SUCCESSFUL"
"2026-04-13 12:45:30.363";"b-pk-00000005";"rec-5";"2026-06-30 23:59:59.000";"b";"ds-b0028";"NULL";"b0028";"b0028-t2";"2026-04-13 12:45:30.363";"6,92";"BANK_TRANSFER";"DEPOSIT";"SUCCESSFUL"
"2026-02-06 20:53:17.728";"b-pk-00000006";"rec-6";"2026-06-30 23:59:59.000";"b";"ds-b0028";"NULL";"b0028";"b0028-t3";"2026-02-06 20:53:17.728";"3,71";"NULL";"WITHDRAWAL";"UNSUCCESSFUL"
"2026-04-23 08:43:07.571";"b-pk-00000007";"rec-7";"2026-06-30 23:59:59.000";"b";"ds-b0028";"NULL";"b0028";"b0028-t4";"2026-04-23 08:43:07.571";"18,10";"NULL";"STAKE";"SUCCESSFUL"
"2026-03-28 14:49:42.354";"b-pk-00000008";"rec-8";"2026-06-30 23:59:59.000";"b";"ds-b0028";"NULL";"b0028";"b0028-t5";"2026-03-28 14:49:42.354";"14,84";"ELECTRONIC_MONEY";"DEPOSIT";"SUCCESSFUL"
"2026-02-24 00:12:28.369";"b-pk-00000009";"rec-9";"2026-06-30 23:59:59.000";"b";"ds-b0028";"NULL";"b0028";"b0028-t6";"2026-02-24 00:12:28.369";"10,99";"NULL";"STAKE";"SUCCESSFUL"
"2026-03-25 04:25:49.334";"c-pk-00000003";"rec-3";"2026-06-30 23:59:59.000";"c";"ds-c0029";"NULL";"c0029";"c0029-t0";"2026-03-25 04:25:49.334";"18,06";"NULL";"STAKE";"UNSUCCESSFUL"
"2026-01-12 15:42:47.993";"c-pk-00000004";"rec-4";"2026-06-30 23:59:59.000";"c";"ds-c0029";"NULL";"c0029";"c0029-t1";"2026-01-12 15:42:47.993";"12,14";"NULL";"STAKE";"SUCCESSFUL"
"2026-02-25 07:23:23.348";"c-pk-00000005";"rec-5";"2026-06-30 23:59:59.000";"c";"ds-c0029";"NULL";"c0029";"c0029-t2";"2026-02-25 07:23:23.348";"10,53";"NULL";"WITHDRAWAL";"SUCCESSFUL"
"2026-04-03 20:14:08.511";"c-pk-00000006";"rec-6";"2026-06-30 23:59:59.000";"c";"ds-c0029";"NULL";"c0029";"c0029-t3";"2026-04-03 20:14:08.511";"4,57";"NULL";"STAKE";"SUCCESSFUL"
"2026-01-11 12:41:11.435";"c-pk-00000007";"rec-7";"2026-06-30 23:59:59.000";"c";"ds-c0029";"NULL";"c0029";"c0029-t4";"2026-01-11 12:41:11.435";"3,86";"NULL";"STAKE";"SUCCESSFUL"
"2026-04-02 08:26:11.167";"c-pk-00000008";"rec-8";"2026-06-30 23:59:59.000";"c";"ds-c0029";"NULL";"c0029";"c0029-t5";"2026-04-02 08:26:11.167";"8,57";"NULL";"STAKE";"SUCCESSFUL"
"2026-04-21 05:43:58.100";"a-pk-00000003";"rec-3";"2026-06-30 23:59:59.000";"a";"ds-a0030";"NULL";"a0030";"a0030-t0";"2026-04-21 05:43:58.100";"8,28";"NULL";"WITHDRAWAL";"UNSUCCESSFUL"
"2026-04-07 20:01:39.229";"a-pk-00000004";"rec-4";"2026-06-30 23:59:59.000";"a";"ds-a0030";"NULL";"a0030";"a0030-t1";"2026-04-07 20:01:39.229";"3,63";"NULL";"OTHER";"SUCCESSFUL"
"2026-04-01 10:39:15.170";"a-pk-00000005";"rec-5";"2026-06-30 23:59:59.000";"a";"ds-a0030";"NULL";"a0030";"a0030-t2";"2026-04-01 10:39:15.170";"11,82";"NULL";"STAKE";"UNSUCCESSFUL"
"2026-03-01 23:38:56.808";"a-pk-00000006";"rec-6";"2026-06-30 23:59:59.000";"a";"ds-a0030";"NULL";"a0030";"a0030-t3";"2026-03-01 23:38:56.808";"13,43";"NULL";"WINNING";"SUCCESSFUL"
"2026-02-15 11:46:55.245";"a-pk-00000007";"rec-7";"2026-06-30 23:59:59.000";"a";"ds-a0030";"NULL";"a0030";"a0030-t4";"2026-02-15 11:46:55.245";"4,33";"NULL";"WITHDRAWAL";"SUCCESSFUL"
"2026-03-03 00:13:36.472";"a-pk-00000008";"rec-8";"2026-06-30 23:59:59.000";"a";"ds-a0030";"NULL";"a0030";"a0030-t5";"2026-03-03 00:13:36.472";"9,72";"NULL";"STAKE";"UNSUCCESSFUL"
"2026-02-15 16:41:07.822";"a-pk-00000009";"rec-9";"2026-06-30 23:59:59.000";"a";"ds-a0030";"NULL";"a0030";"a0030-t6";"2026-02-15 16:41:07.822";"12,48";"NULL";"OTHER";"SUCCESSFUL"
"2026-02-08 14:46:04.007";"a-pk-00000010";"rec-10";"2026-06-30 23:59:59.000";"a";"ds-a0030";"NULL";"a0030";"a0030-t7";"2026-02-08 14:46:04.007";"15,22";"NULL";"WITHDRAWAL";"UNSUCCESSFUL"
"2026-04-28 12:04:50.427";"a-pk-00000011";"rec-11";"2026-06-30 23:59:59.000";"a";"ds-a0030";"NULL";"a0030";"a0030-t8";"2026-04-28 12:04:50.427";"19,19";"NULL";"WITHDRAWAL";"SUCCESSFUL"
"2026-01-15 15:52:46.061";"a-pk-00000012";"rec-12";"2026-06-30 23:59:59.000";"a";"ds-a0030";"NULL";"a0030";"a0030-t9";"2026-01-15 15:52:46.061";"6,57";"NULL";"WINNING";"UNSUCCESSFUL"
"2026-01-12 12:45:59.523";"a-pk-00000013";"rec-13";"2026-06-30 23:59:59.000";"a";"ds-a0030";"NULL";"a0030";"a0030-t10";"2026-01-12 12:45:59.523";"12,96";"NULL";"WITHDRAWAL";"UNSUCCESSFUL"
"2026-04-08 08:38:37.384";"b-pk-00000003";"rec-3";"2026-06-30 23:59:59.000";"b";"ds-b0031";"NULL";"b0031";"b0031-t0";"2026-04-08 08:38:37.384";"2,13";"NULL";"WINNING";"SUCCESSFUL"
"2026-03-18 11:28:59.291";"b-pk-00000004";"rec-4";"2026-06-30 23:59:59.000";"b";"ds-b0031";"NULL";"b0031";"b0031-t1";"2026-03-18 11:28:59.291";"3,11";"NULL";"WINNING";"SUCCESSFUL"
"2026-01-11 23:26:52.155";"b-pk-00000005";"rec-5";"2026-06-30 23:59:59.000";"b";"ds-b0031";"NULL";"b0031";"b0031-t2";"2026-01-11 23:26:52.155";"17,61";"NULL";"WITHDRAWAL";"SUCCESSFUL"
"2026-01-15 07:20:36.559";"b-pk-00000006";"rec-6";"2026-06-30 23:59:59.000";"b";"ds-b0031";"NULL";"b0031";"b0031-t3";"2026-01-15 07:20:36.559";"15,49";"NULL";"STAKE";"SUCCESSFUL"
"2026-03-23 00:08:49.788";"b-pk-00000007";"rec-7";"2026-06-30 23:59:59.000";"b";"ds-b0031";"NULL";"b0031";"b0031-t4";"2026-03-23 00:08:49.788";"2,29";"NULL";"STAKE";"SUCCESSFUL"
"2026-03-25 14:47:56.219";"b-pk-00000008";"rec-8";"2026-06-30 23:59:59.000";"b";"ds-b0031";"NULL";"b0031";"b0031-t5";"2026-03-25 14:47:56.219";"4,50";"NULL";"OTHER";"UNSUCCESSFUL"
"2026-03-11 06:43:45.265";"b-pk-00000009";"rec-9";"2026-06-30 23:59:59.000";"b";"ds-b0031";"NULL";"b0031";"b0031-t6";"2026-03-11 06:43:45.265";"5,85";"CREDIT_CARD";"DEPOSIT";"SUCCESSFUL"
"2026-04-14 12:51:31.817";"b-pk-00000010";"rec-10";"2026-06-30 23:59:59.000";"b";"ds-b0031";"NULL";"b0031";"b0031-t7";"2026-04-14 12:51:31.817";"1,91";"CREDIT_CARD";"DEPOSIT";"SUCCESSFUL"
"2026-01-08 14:53:07.123";"c-pk-00000003";"rec-3";"2026-06-30 23:59:59.000";"c";"ds-c0032";"NULL";"c0032";"c0032-t0";"2026-01-08 14:53:07.123";"11,46";"NULL";"STAKE";"SUCCESSFUL"
"2026-03-10 14:27:35.962";"c-pk-00000004";"rec-4";"2026-06-30 23:59:59.000";"c";"ds-c0032";"NULL";"c0032";"c0032-t1";"2026-03-10 14:27:35.962";"2,58";"ELECTRONIC_MONEY";"DEPOSIT";"UNSUCCESSFUL"
"2026-02-05 21:14:49.017";"c-pk-00000005";"rec-5";"2026-06-30 23:59:59.000";"c";"ds-c0032";"NULL";"c0032";"c0032-t2";"2026-02-05 21:14:49.017";"4,77";"NULL";"WITHDRAWAL";"SUCCESSFUL"
"2026-02-19 16:33:03.819";"c-pk-00000006";"rec-6";"2026-06-30 23:59:59.000";"c";"ds-c0032";"NULL";"c0032";"c0032-t3";"2026-02-19 16:33:03.819";"11,13";"NULL";"STAKE";"SUCCESSFUL"
"2026-02-12 05:06:43.169";"c-pk-00000007";"rec-7";"2026-06-30 23:59:59.000";"c";"ds-c0032";"NULL";"c0032";"c0032-t4";"2026-02-12 05:06:43.169";"13,06";"NULL";"WINNING";"SUCCESSFUL"
"2026-02-18 19:27:54.207";"c-pk-00000008";"rec-8";"2026-06-30 23:59:59.000";"c";"ds-c0032";"NULL";"c0032";"c0032-t5";"2026-02-18 19:27:54.207";"6,29";"NULL";"WITHDRAWAL";"UNSUCCESSFUL"
"2026-04-16 14:20:08.738";"c-pk-00000009";"rec-9";"2026-06-30 23:59:59.000";"c";"ds-c0032";"NULL";"c0032";"c0032-t6";"2026-04-16 14:20:08.738";"18,82";"NULL";"STAKE";"SUCCESSFUL"
"2026-03-07 23:39:38.982";"c-pk-00000010";"rec-10";"2026-06-30 23:59:59.000";"c";"ds-c0032";"NULL";"c0032";"c0032-t7";"2026-03-07 23:39:38.982";"2,27";"OTHER";"DEPOSIT";"SUCCESSFUL"
"2026-04-13 22:30:08.867";"a-pk-00000003";"rec-3";"2026-06-30 23:59:59.000";"a";"ds-a0033";"NULL";"a0033";"a0033-t0";"2026-04-13 22:30:08.867";"7,52";"NULL";"WINNING";"SUCCESSFUL"
"2026-02-23 13:56:16.511";"a-pk-00000004";"rec-4";"2026-06-30 23:59:59.000";"a";"ds-a0033";"NULL";"a0033";"a0033-t1";"2026-02-23 13:56:16.511";"2,72";"NULL";"STAKE";"SUCCESSFUL"
"2026-02-12 20:40:05.347";"a-pk-00000005";"rec-5";"2026-06-30 23:59:59.000";"a";"ds-a0033";"NULL";"a0033";"a0033-t2";"2026-02-12 20:40:05.347";"9,58";"NULL";"STAKE";"SUCCESSFUL"
"2026-01-20 01:35:03.699";"a-pk-00000006";"rec-6";"2026-06-30 23:59:59.000";"a";"ds-a0033";"NULL";"a0033";"a0033-t3";"2026-01-20 01:35:03.699";"8,09";"NULL";"STAKE";"SUCCESSFUL"
"2026-01-01 10:24:19.028";"a-pk-00000007";"rec-7";"2026-06-30 23:59:59.000";"a";"ds-a0033";"NULL";"a0033";"a0033-t4";"2026-01-01 10:24:19.028";"16,20";"BANK_TRANSFER";"DEPOSIT";"SUCCESSFUL"
"2026-02-21 19:31:11.548";"a-pk-00000008";"rec-8";"2026-06-30 23:59:59.000";"a";"ds-a0033";"NULL";"a0033";"a0033-t5";"2026-02-21 19:31:11.548";"5,15";"NULL";"OTHER";"SUCCESSFUL"
"2026-02-20 11:36:11.912";"a-pk-00000009";"rec-9";"2026-06-30 23:59:59.000";"a";"ds-a0033";"NULL";"a0033";"a0033-t6";"2026-02-20 11:36:11.912";"9,37";"ELECTRONIC_MONEY";"DEPOSIT";"SUCCESSFUL"
"2026-04-01 19:02:59.550";"a-pk-00000010";"rec-10";"2026-06-30 23:59:59.000";"a";"ds-a0033";"NULL";"a0033";"a0033-t7";"2026-04-01 19:02:59.550";"17,88";"NULL";"WINNING";"SUCCESSFUL"
"2026-03-10 03:22:43.184";"a-pk-00000011";"rec-11";"2026-06-30 23:59:59.000";"a";"ds-a0033";"NULL";"a0033";"a0033-t8";"2026-03-10 03:22:43.184";"12,21";"NULL";"WINNING";"SUCCESSFUL"
"2026-04-07 19:09:39.942";"a-pk-00000012";"rec-12";"2026-06-30 23:59:59.000";"a";"ds-a0033";"NULL";"a0033";"a0033-t9";"2026-04-07 19:09:39.942";"7,41";"NULL";"WITHDRAWAL";"UNSUCCESSFUL"
"2026-03-18 05:09:35.987";"b-pk-00000003";"rec-3";"2026-06-30 23:59:59.000";"b";"ds-b0034";"NULL";"b0034";"b0034-t0";"2026-03-18 05:09:35.987";"7,03";"NULL";"STAKE";"SUCCESSFUL"
"2026-04-17 17:01:39.737";"b-pk-00000004";"rec-4";"2026-06-30 23:59:59.000";"b";"ds-b0034";"NULL";"b0034";"b0034-t1";"2026-04-17 17:01:39.737";"4,23";"NULL";"WINNING";"SUCCESSFUL"
"2026-02-04 21:14:00.390";"b-pk-00000005";"rec-5";"2026-06-30 23:59:59.000";"b";"ds-b0034";"NULL";"b0034";"b0034-t2";"2026-02-04 21:14:00.390";"1,06";"NULL";"STAKE";"SUCCESSFUL"
"2026-01-28 07:48:40.036";"b-pk-00000006";"rec-6";"2026-06-30 23:59:59.000";"b";"ds-b0034";"NULL";"b0034";"b0034-t3";"2026-01-28 07:48:40.036";"11,71";"NULL";"WINNING";"SUCCESSFUL"
"2026-04-19 20:24:18.702";"b-pk-00000007";"rec-7";"2026-06-30 23:59:59.000";"b";"ds-b0034";"NULL";"b0034";"b0034-t4";"2026-04-19 20:24:18.702";"12,70";"OTHER";"DEPOSIT";"SUCCESSFUL"
"2026-03-12 20:29:30.941";"b-pk-00000008";"rec-8";"2026-06-30 23:59:59.000";"b";"ds-b0034";"NULL";"b0034";"b0034-t5";"2026-03-12 20:29:30.941";"18,07";"NULL";"WINNING";"UNSUCCESSFUL"
"2026-03-08 04:18:40.748";"b-pk-00000009";"rec-9";"2026-06-30 23:59:59.000";"b";"ds-b0034";"NULL";"b0034";"b0034-t6";"2026-03-08 04:18:40.748";"4,31";"NULL";"STAKE";"UNSUCCESSFUL"
"2026-02-12 23:01:27.824";"b-pk-00000010";"rec-10";"2026-06-30 23:59:59.000";"b";"ds-b0034";"NULL";"b0034";"b0034-t7";"2026-02-12 23:01:27.824";"6,70";"NULL";"OTHER";"SUCCESSFUL"
"2026-04-10 23:43:37.885";"c-pk-00000003";"rec-3";"2026-06-30 23:59:59.000";"c";"ds-c0035";"NULL";"c0035";"c0035-t0";"2026-04-10 23:43:37.885";"17,36";"NULL";"WINNING";"UNSUCCESSFUL"
"2026-01-03 05:12:16.147";"c-pk-00000004";"rec-4";"2026-06-30 23:59:59.000";"c";"ds-c0035";"NULL";"c0035";"c0035-t1";"2026-01-03 05:12:16.147";"17,69";"ELECTRONIC_MONEY";"DEPOSIT";"SUCCESSFUL"
"2026-01-07 05:54:20.774";"c-pk-00000005";"rec-5";"2026-06-30 23:59:59.000";"c";"ds-c0035";"NULL";"c0035";"c0035-t2";"2026-01-07 05:54:20.774";"19,85";"NULL";"WINNING";"SUCCESSFUL"
"2026-03-20 13:32:40.292";"c-pk-00000006";"rec-6";"2026-06-30 23:59:59.000";"c";"ds-c0035";"NULL";"c0035";"c0035-t3";"2026-03-20 13:32:40.292";"5,15";"NULL";"STAKE";"SUCCESSFUL"
"2026-02-17 00:41:56.991";"c-pk-00000007";"rec-7";"2026-06-30 23:59:59.000";"c";"ds-c0035";"NULL";"c0035";"c0035-t4";"2026-02-17 00:41:56.991";"13,99";"NULL";"WITHDRAWAL";"SUCCESSFUL"
"2026-01-02 02:31:22.924";"c-pk-00000008";"rec-8";"2026-06-30 23:59:59.000";"c";"ds-c0035";"NULL";"c0035";"c0035-t5";"2026-01-02 02:31:22.924";"14,93";"NULL";"WINNING";"UNSUCCESSFUL"
"2026-04-01 23:43:05.326";"c-pk-00000009";"rec-9";"2026-06-30 23:59:59.000";"c";"ds-c0035";"NULL";"c0035";"c0035-t6";"2026-04-01 23:43:05.326";"12,17";"BANK_TRANSFER";"DEPOSIT";"SUCCESSFUL"
"2026-03-15 11:47:51.491";"c-pk-00000010";"rec-10";"2026-06-30 23:59:59.000";"c";"ds-c0035";"NULL";"c0035";"c0035-t7";"2026-03-15 11:47:51.491";"8,04";"NULL";"STAKE";"SUCCESSFUL"
"2026-03-18 23:12:14.601";"c-pk-00000011";"rec-11";"2026-06-30 23:59:59.000";"c";"ds-c0035";"NULL";"c0035";"c0035-t8";"2026-03-18 23:12:14.601";"4,24";"NULL";"WINNING";"SUCCESSFUL"
"2026-04-11 12:29:55.920";"c-pk-00000012";"rec-12";"2026-06-30 23:59:59.000";"c";"ds-c0035";"NULL";"c0035";"c0035-t9";"2026-04-11 12:29:55.920";"9,82";"NULL";"STAKE";"SUCCESSFUL"
"2026-03-16 00:42:45.713";"a-pk-00000003";"rec-3";"2026-06-30 23:59:59.000";"a";"ds-a0036";"NULL";"a0036";"a0036-t0";"2026-03-16 00:42:45.713";"33,78";"NULL";"STAKE";"SUCCESSFUL"
"2026-01-07 07:37:31.007";"a-pk-00000004";"rec-4";"2026-06-30 23:59:59.000";"a";"ds-a0036";"NULL";"a0036";"a0036-t1";"2026-01-07 07:37:31.007";"28,60";"CREDIT_CARD";"DEPOSIT";"SUCCESSFUL"
"2026-02-13 06:09:34.007";"a-pk-00000005";"rec-5";"2026-06-30 23:59:59.000";"a";"ds-a0036";"NULL";"a0036";"a0036-t2";"2026-02-13 06:09:34.007";"73,30";"NULL";"STAKE";"SUCCESSFUL"
"2026-03-17 12:10:53.206";"a-pk-00000006";"rec-6";"2026-06-30 23:59:59.000";"a";"ds-a0036";"NULL";"a0036";"a0036-t3";"2026-03-17 12:10:53.206";"60,58";"BANK_TRANSFER";"DEPOSIT";"SUCCESSFUL"
"2026-03-13 03:41:18.462";"a-pk-00000007";"rec-7";"2026-06-30 23:59:59.000";"a";"ds-a0036";"NULL";"a0036";"a0036-t4";"2026-03-13 03:41:18.462";"3,28";"OTHER";"DEPOSIT";"SUCCESSFUL"
"2026-01-13 03:47:59.895";"a-pk-00000008";"rec-8";"2026-06-30 23:59:59.000";"a";"ds-a0036";"NULL";"a0036";"a0036-t5";"2026-01-13 03:47:59.895";"17,24";"BANK_TRANSFER";"DEPOSIT";"SUCCESSFUL"
"2026-03-12 14:03:41.641";"a-pk-00000009";"rec-9";"2026-06-30 23:59:59.000";"a";"ds-a0036";"NULL";"a0036";"a0036-t6";"2026-03-12 14:03:41.641";"19,15";"NULL";"WITHDRAWAL";"SUCCESSFUL"
"2026-01-10 00:13:53.185";"a-pk-00000010";"rec-10";"2026-06-30 23:59:59.000";"a";"ds-a0036";"NULL";"a0036";"a0036-t7";"2026-01-10 00:13:53.185";"68,97";"ELECTRONIC_MONEY";"DEPOSIT";"UNSUCCESSFUL"
"2026-04-24 10:29:25.616";"a-pk-00000011";"rec-11";"2026-06-30 23:59:59.000";"a";"ds-a0036";"NULL";"a0036";"a0036-t8";"2026-04-24 10:29:25.616";"60,55";"NULL";"OTHER";"UNSUCCESSFUL"
"2026-03-26 21:54:15.079";"a-pk-00000012";"rec-12";"2026-06-30 23:59:59.000";"a";"ds-a0036";"NULL";"a0036";"a0036-t9";"2026-03-26 21:54:15.079";"49,69";"NULL";"STAKE";"SUCCESSFUL"
"2026-01-28 00:17:59.000";"a-pk-00000013";"rec-13";"2026-06-30 23:59:59.000";"a";"ds-a0036";"NULL";"a0036";"a0036-t10";"2026-01-28 00:17:59.000";"24,97";"NULL";"WITHDRAWAL";"UNSUCCESSFUL"
"2026-02-04 01:23:13.661";"a-pk-00000014";"rec-14";"2026-06-30 23:59:59.000";"a";"ds-a0036";"NULL";"a0036";"a0036-t11";"2026-02-04 01:23:13.661";"16,07";"NULL";"WINNING";"UNSUCCESSFUL"
"2026-03-03 08:26:41.022";"a-pk-00000015";"rec-15";"2026-06-30 23:59:59.000";"a";"ds-a0036";"NULL";"a0036";"a0036-t12";"2026-03-03 08:26:41.022";"24,50";"NULL";"WINNING";"SUCCESSFUL"
"2026-03-11 00:31:32.630";"b-pk-00000003";"rec-3";"2026-06-30 23:59:59.000";"b";"ds-b0037";"NULL";"b0037";"b0037-t0";"2026-03-11 00:31:32.630";"31,64";"NULL";"STAKE";"UNSUCCESSFUL"
"2026-03-05 22:04:38.857";"b-pk-00000004";"rec-4";"2026-06-30 23:59:59.000";"b";"ds-b0037";"NULL";"b0037";"b0037-t1";"2026-03-05 22:04:38.857";"56,22";"NULL";"STAKE";"UNSUCCESSFUL"
"2026-04-07 06:20:22.414";"b-pk-00000005";"rec-5";"2026-06-30 23:59:59.000";"b";"ds-b0037";"NULL";"b0037";"b0037-t2";"2026-04-07 06:20:22.414";"22,66";"BANK_TRANSFER";"DEPOSIT";"SUCCESSFUL"
"2026-04-01 21:59:36.249";"b-pk-00000006";"rec-6";"2026-06-30 23:59:59.000";"b";"ds-b0037";"NULL";"b0037";"b0037-t3";"2026-04-01 21:59:36.249";"51,99";"NULL";"STAKE";"SUCCESSFUL"
"2026-01-13 18:22:23.390";"b-pk-00000007";"rec-7";"2026-06-30 23:59:59.000";"b";"ds-b0037";"NULL";"b0037";"b0037-t4";"2026-01-13 18:22:23.390";"2,62";"NULL";"STAKE";"UNSUCCESSFUL"
"2026-04-03 13:16:22.234";"b-pk-00000008";"rec-8";"2026-06-30 23:59:59.000";"b";"ds-b0037";"NULL";"b0037";"b0037-t5";"2026-04-03 13:16:22.234";"22,26";"NULL";"WINNING";"SUCCESSFUL"
"2026-02-08 18:41:33.613";"b-pk-00000009";"rec-9";"2026-06-30 23:59:59.000";"b";"ds-b0037";"NULL";"b0037";"b0037-t6";"2026-02-08 18:41:33.613";"42,94";"NULL";"STAKE";"SUCCESSFUL"
"2026-04-12 01:48:14.092";"b-pk-00000010";"rec-10";"2026-06-30 23:59:59.000";"b";"ds-b0037";"NULL";"b0037";"b0037-t7";"2026-04-12 01:48:14.092";"56,86";"NULL";"WITHDRAWAL";"SUCCESSFUL"
"2026-01-09 02:33:59.261";"b-pk-00000011";"rec-11";"2026-06-30 23:59:59.000";"b";"ds-b0037";"NULL";"b0037";"b0037-t8";"2026-01-09 02:33:59.261";"36,79";"BANK_TRANSFER";"DEPOSIT";"SUCCESSFUL"
"2026-03-28 05:14:26.319";"b-pk-00000012";"rec-12";"2026-06-30 23:59:59.000";"b";"ds-b0037";"NULL";"b0037";"b0037-t9";"2026-03-28 05:14:26.319";"14,16";"NULL";"WITHDRAWAL";"SUCCESSFUL"
"2026-01-20 01:36:41.801";"b-pk-00000013";"rec-13";"2026-06-30 23:59:59.000";"b";"ds-b0037";"NULL";"b0037";"b0037-t10";"2026-01-20 01:36:41.801";"62,96";"ELECTRONIC_MONEY";"DEPOSIT";"SUCCESSFUL"
"2026-04-06 07:01:51.984";"b-pk-00000014";"rec-14";"2026-06-30 23:59:59.000";"b";"ds-b0037";"NULL";"b0037";"b0037-t11";"2026-04-06 07:01:51.984";"16,44";"NULL";"STAKE";"SUCCESSFUL"
"2026-01-09 05:34:07.797";"b-pk-00000015";"rec-15";"2026-06-30 23:59:59.000";"b";"ds-b0037";"NULL";"b0037";"b0037-t12";"2026-01-09 05:34:07.797";"37,54";"BANK_TRANSFER";"DEPOSIT";"SUCCESSFUL"
"2026-02-08 00:20:54.175";"b-pk-00000016";"rec-16";"2026-06-30 23:59:59.000";"b";"ds-b0037";"NULL";"b0037";"b0037-t13";"2026-02-08 00:20:54.175";"61,54";"CREDIT_CARD";"DEPOSIT";"SUCCESSFUL"
"2026-02-02 15:09:54.135";"b-pk-00000017";"rec-17";"2026-06-30 23:59:59.000";"b";"ds-b0037";"NULL";"b0037";"b0037-t14";"2026-02-02 15:09:54.135";"20,11";"NULL";"STAKE";"SUCCESSFUL"
"2026-01-03 04:55:07.873";"c-pk-00000003";"rec-3";"2026-06-30 23:59:59.000";"c";"ds-c0038";"NULL";"c0038";"c0038-t0";"2026-01-03 04:55:07.873";"18,80";"NULL";"STAKE";"SUCCESSFUL"
"2026-03-06 03:48:28.345";"c-pk-00000004";"rec-4";"2026-06-30 23:59:59.000";"c";"ds-c0038";"NULL";"c0038";"c0038-t1";"2026-03-06 03:48:28.345";"3,31";"OTHER";"DEPOSIT";"SUCCESSFUL"
"2026-03-26 02:22:50.094";"c-pk-00000005";"rec-5";"2026-06-30 23:59:59.000";"c";"ds-c0038";"NULL";"c0038";"c0038-t2";"2026-03-26 02:22:50.094";"7,71";"NULL";"STAKE";"UNSUCCESSFUL"
"2026-03-24 00:58:58.635";"c-pk-00000006";"rec-6";"2026-06-30 23:59:59.000";"c";"ds-c0038";"NULL";"c0038";"c0038-t3";"2026-03-24 00:58:58.635";"16,28";"NULL";"WINNING";"SUCCESSFUL"
"2026-02-05 10:10:33.834";"c-pk-00000007";"rec-7";"2026-06-30 23:59:59.000";"c";"ds-c0038";"NULL";"c0038";"c0038-t4";"2026-02-05 10:10:33.834";"14,10";"NULL";"OTHER";"SUCCESSFUL"
"2026-03-01 10:54:24.811";"c-pk-00000008";"rec-8";"2026-06-30 23:59:59.000";"c";"ds-c0038";"NULL";"c0038";"c0038-t5";"2026-03-01 10:54:24.811";"15,38";"NULL";"STAKE";"SUCCESSFUL"
"2026-04-07 05:12:39.652";"c-pk-00000009";"rec-9";"2026-06-30 23:59:59.000";"c";"ds-c0038";"NULL";"c0038";"c0038-t6";"2026-04-07 05:12:39.652";"10,19";"NULL";"WINNING";"SUCCESSFUL"
"2026-02-27 21:59:58.799";"c-pk-00000010";"rec-10";"2026-06-30 23:59:59.000";"c";"ds-c0038";"NULL";"c0038";"c0038-t7";"2026-02-27 21:59:58.799";"10,39";"NULL";"OTHER";"UNSUCCESSFUL"
"2026-03-07 01:02:28.192";"c-pk-00000011";"rec-11";"2026-06-30 23:59:59.000";"c";"ds-c0038";"NULL";"c0038";"c0038-t8";"2026-03-07 01:02:28.192";"1,07";"NULL";"STAKE";"SUCCESSFUL"
"2026-03-21 10:26:47.857";"c-pk-00000012";"rec-12";"2026-06-30 23:59:59.000";"c";"ds-c0038";"NULL";"c0038";"c0038-t9";"2026-03-21 10:26:47.857";"1,14";"BANK_TRANSFER";"DEPOSIT";"UNSUCCESSFUL"
"2026-04-19 10:00:30.198";"a-pk-00000003";"rec-3";"2026-06-30 23:59:59.000";"a";"ds-a0039";"NULL";"a0039";"a0039-t0";"2026-04-19 10:00:30.198";"4,56";"NULL";"WINNING";"SUCCESSFUL"
"2026-04-09 22:51:17.600";"a-pk-00000004";"rec-4";"2026-06-30 23:59:59.000";"a";"ds-a0039";"NULL";"a0039";"a0039-t1";"2026-04-09 22:51:17.600";"4,79";"NULL";"WINNING";"UNSUCCESSFUL"
"2026-03-04 12:30:39.200";"a-pk-00000005";"rec-5";"2026-06-30 23:59:59.000";"a";"ds-a0039";"NULL";"a0039";"a0039-t2";"2026-03-04 12:30:39.200";"17,91";"NULL";"WINNING";"SUCCESSFUL"
"2026-03-12 15:48:15.545";"a-pk-00000006";"rec-6";"2026-06-30 23:59:59.000";"a";"ds-a0039";"NULL";"a0039";"a0039-t3";"2026-03-12 15:48:15.545";"7,34";"ELECTRONIC_MONEY";"DEPOSIT";"UNSUCCESSFUL"
"2026-01-23 02:06:36.917";"a-pk-00000007";"rec-7";"2026-06-30 23:59:59.000";"a";"ds-a0039";"NULL";"a0039";"a0039-t4";"2026-01-23 02:06:36.917";"3,60";"NULL";"OTHER";"UNSUCCESSFUL"
"2026-02-15 13:34:47.074";"a-pk-00000008";"rec-8";"2026-06-30 23:59:59.000";"a";"ds-a0039";"NULL";"a0039";"a0039-t5";"2026-02-15 13:34:47.074";"2,95";"NULL";"WITHDRAWAL";"UNSUCCESSFUL"
"2026-02-24 06:13:23.099";"a-pk-00000009";"rec-9";"2026-06-30 23:59:59.000";"a";"ds-a0039";"NULL";"a0039";"a0039-t6";"2026-02-24 06:13:23.099";"1,70";"NULL";"WINNING";"SUCCESSFUL"
"2026-04-04 08:41:37.911";"a-pk-00000010";"rec-10";"2026-06-30 23:59:59.000";"a";"ds-a0039";"NULL";"a0039";"a0039-t7";"2026-04-04 08:41:37.911";"9,55";"NULL";"OTHER";"SUCCESSFUL"
"2026-02-20 03:05:51.256";"a-pk-00000011";"rec-11";"2026-06-30 23:59:59.000";"a";"ds-a0039";"NULL";"a0039";"a0039-t8";"2026-02-20 03:05:51.256";"16,03";"ELECTRONIC_MONEY";"DEPOSIT";"SUCCESSFUL"
"2026-04-25 22:08:23.739";"b-pk-00000003";"rec-3";"2026-06-30 23:59:59.000";"b";"ds-b0040";"NULL";"b0040";"b0040-t0";"2026-04-25 22:08:23.739";"14,78";"OTHER";"DEPOSIT";"SUCCESSFUL"
"2026-03-03 14:55:02.841";"b-pk-00000004";"rec-4";"2026-06-30 23:59:59.000";"b";"ds-b0040";"NULL";"b0040";"b0040-t1";"2026-03-03 14:55:02.841";"8,41";"OTHER";"DEPOSIT";"SUCCESSFUL"
"2026-03-25 09:55:55.043";"b-pk-00000005";"rec-5";"2026-06-30 23:59:59.000";"b";"ds-b0040";"NULL";"b0040";"b0040-t2";"2026-03-25 09:55:55.043";"4,55";"NULL";"STAKE";"SUCCESSFUL"
"2026-03-11 17:43:11.300";"b-pk-00000006";"rec-6";"2026-06-30 23:59:59.000";"b";"ds-b0040";"NULL";"b0040";"b0040-t3";"2026-03-11 17:43:11.300";"4,64";"NULL";"WINNING";"SUCCESSFUL"
"2026-04-13 09:26:50.286";"b-pk-00000007";"rec-7";"2026-06-30 23:59:59.000";"b";"ds-b0040";"NULL";"b0040";"b0040-t4";"2026-04-13 09:26:50.286";"17,40";"NULL";"WINNING";"SUCCESSFUL"
"2026-01-12 07:35:44.512";"b-pk-00000008";"rec-8";"2026-06-30 23:59:59.000";"b";"ds-b0040";"NULL";"b0040";"b0040-t5";"2026-01-12 07:35:44.512";"10,86";"NULL";"WINNING";"SUCCESSFUL"
"2026-02-15 19:53:44.063";"b-pk-00000009";"rec-9";"2026-06-30 23:59:59.000";"b";"ds-b0040";"NULL";"b0040";"b0040-t6";"2026-02-15 19:53:44.063";"13,80";"NULL";"STAKE";"SUCCESSFUL"
"2026-01-28 09:15:13.938";"b-pk-00000010";"rec-10";"2026-06-30 23:59:59.000";"b";"ds-b0040";"NULL";"b0040";"b0040-t7";"2026-01-28 09:15:13.938";"5,11";"BANK_TRANSFER";"DEPOSIT";"SUCCESSFUL"
"2026-03-19 10:56:45.125";"b-pk-00000011";"rec-11";"2026-06-30 23:59:59.000";"b";"ds-b0040";"NULL";"b0040";"b0040-t8";"2026-03-19 10:56:45.125";"8,50";"NULL";"WITHDRAWAL";"SUCCESSFUL"
"2026-01-03 03:45:38.465";"b-pk-00000012";"rec-12";"2026-06-30 23:59:59.000";"b";"ds-b0040";"NULL";"b0040";"b0040-t9";"2026-01-03 03:45:38.465";"11,00";"NULL";"WINNING";"SUCCESSFUL"
"2026-02-08 18:05:40.695";"b-pk-00000013";"rec-13";"2026-06-30 23:59:59.000";"b";"ds-b0040";"NULL";"b0040";"b0040-t10";"2026-02-08 18:05:40.695";"4,76";"NULL";"STAKE";"SUCCESSFUL"
"2026-03-08 01:56:26.875";"b-pk-00000014";"rec-14";"2026-06-30 23:59:59.000";"b";"ds-b0040";"NULL";"b0040";"b0040-t11";"2026-03-08 01:56:26.875";"1,66";"CREDIT_CARD";"DEPOSIT";"SUCCESSFUL"
"2026-04-21 13:40:09.051";"c-pk-00000003";"rec-3";"2026-06-30 23:59:59.000";"c";"ds-c0041";"NULL";"c0041";"c0041-t0";"2026-04-21 13:40:09.051";"58,67";"NULL";"STAKE";"SUCCESSFUL"
"2026-03-01 15:28:28.613";"c-pk-00000004";"rec-4";"2026-06-30 23:59:59.000";"c";"ds-c0041";"NULL";"c0041";"c0041-t1";"2026-03-01 15:28:28.613";"23,24";"NULL";"WINNING";"SUCCESSFUL"
"2026-04-05 23:25:48.883";"c-pk-00000005";"rec-5";"2026-06-30 23:59:59.000";"c";"ds-c0041";"NULL";"c0041";"c0041-t2";"2026-04-05 23:25:48.883";"33,52";"ELECTRONIC_MONEY";"DEPOSIT";"SUCCESSFUL"
"2026-01-24 15:46:40.845";"c-pk-00000006";"rec-6";"2026-06-30 23:59:59.000";"c";"ds-c0041";"NULL";"c0041";"c0041-t3";"2026-01-24 15:46:40.845";"38,46";"NULL";"STAKE";"UNSUCCESSFUL"
"2026-02-19 22:59:38.068";"c-pk-00000007";"rec-7";"2026-06-30 23:59:59.000";"c";"ds-c0041";"NULL";"c0041";"c0041-t4";"2026-02-19 22:59:38.068";"61,76";"NULL";"OTHER";"SUCCESSFUL"
"2026-03-03 06:12:12.464";"c-pk-00000008";"rec-8";"2026-06-30 23:59:59.000";"c";"ds-c0041";"NULL";"c0041";"c0041-t5";"2026-03-03 06:12:12.464";"19,34";"ELECTRONIC_MONEY";"DEPOSIT";"SUCCESSFUL"
"2026-02-07 11:58:25.111";"c-pk-00000009";"rec-9";"2026-06-30 23:59:59.000";"c";"ds-c0041";"NULL";"c0041";"c0041-t6";"2026-02-07 11:58:25.111";"37,91";"NULL";"STAKE";"SUCCESSFUL"
"2026-02-28 05:43:06.080";"c-pk-00000010";"rec-10";"2026-06-30 23:59:59.000";"c";"ds-c0041";"NULL";"c0041";"c0041-t7";"2026-02-28 05:43:06.080";"48,63";"NULL";"STAKE";"SUCCESSFUL"
"2026-02-25 13:15:52.525";"c-pk-00000011";"rec-11";"2026-06-30 23:59:59.000";"c";"ds-c0041";"NULL";"c0041";"c0041-t8";"2026-02-25 13:15:52.525";"78,38";"NULL";"STAKE";"SUCCESSFUL"
"2026-04-18 18:22:24.124";"c-pk-00000012";"rec-12";"2026-06-30 23:59:59.000";"c";"ds-c0041";"NULL";"c0041";"c0041-t9";"2026-04-18 18:22:24.124";"16,04";"OTHER";"DEPOSIT";"SUCCESSFUL"
"2026-03-10 08:37:03.743";"c-pk-00000013";"rec-13";"2026-06-30 23:59:59.000";"c";"ds-c0041";"NULL";"c0041";"c0041-t10";"2026-03-10 08:37:03.743";"76,94";"NULL";"WITHDRAWAL";"SUCCESSFUL"
"2026-04-10 16:02:52.096";"c-pk-00000014";"rec-14";"2026-06-30 23:59:59.000";"c";"ds-c0041";"NULL";"c0041";"c0041-t11";"2026-04-10 16:02:52.096";"35,06";"BANK_TRANSFER";"DEPOSIT";"SUCCESSFUL"
"2026-02-22 08:53:06.407";"c-pk-00000015";"rec-15";"2026-06-30 23:59:59.000";"c";"ds-c0041";"NULL";"c0041";"c0041-t12";"2026-02-22 08:53:06.407";"38,16";"CREDIT_CARD";"DEPOSIT";"SUCCESSFUL"
"2026-04-22 16:10:58.191";"c-pk-00000016";"rec-16";"2026-06-30 23:59:59.000";"c";"ds-c0041";"NULL";"c0041";"c0041-t13";"2026-04-22 16:10:58.191";"6,94";"NULL";"WITHDRAWAL";"SUCCESSFUL"
"2026-04-27 18:34:52.186";"c-pk-00000017";"rec-17";"2026-06-30 23:59:59.000";"c";"ds-c0041";"NULL";"c0041";"c0041-t14";"2026-04-27 18:34:52.186";"9,08";"NULL";"WINNING";"SUCCESSFUL"
"2026-04-06 18:34:21.752";"c-pk-00000018";"rec-18";"2026-06-30 23:59:59.000";"c";"ds-c0041";"NULL";"c0041";"c0041-t15";"2026-04-06 18:34:21.752";"66,55";"OTHER";"DEPOSIT";"SUCCESSFUL"
"2026-02-28 17:15:56.117";"c-pk-00000019";"rec-19";"2026-06-30 23:59:59.000";"c";"ds-c0041";"NULL";"c0041";"c0041-t16";"2026-02-28 17:15:56.117";"68,00";"NULL";"WINNING";"SUCCESSFUL"
"2026-03-14 00:21:14.586";"c-pk-00000020";"rec-20";"2026-06-30 23:59:59.000";"c";"ds-c0041";"NULL";"c0041";"c0041-t17";"2026-03-14 00:21:14.586";"60,27";"NULL";"STAKE";"SUCCESSFUL"
"2026-04-13 21:59:07.464";"c-pk-00000021";"rec-21";"2026-06-30 23:59:59.000";"c";"ds-c0041";"NULL";"c0041";"c0041-t18";"2026-04-13 21:59:07.464";"38,79";"NULL";"STAKE";"SUCCESSFUL"
"2026-04-08 12:33:49.826";"c-pk-00000022";"rec-22";"2026-06-30 23:59:59.000";"c";"ds-c0041";"NULL";"c0041";"c0041-t19";"2026-04-08 12:33:49.826";"12,58";"NULL";"STAKE";"SUCCESSFUL"
"2026-01-13 17:09:05.674";"c-pk-00000023";"rec-23";"2026-06-30 23:59:59.000";"c";"ds-c0041";"NULL";"c0041";"c0041-t20";"2026-01-13 17:09:05.674";"67,41";"NULL";"STAKE";"SUCCESSFUL"
"2026-03-11 21:10:05.402";"c-pk-00000024";"rec-24";"2026-06-30 23:59:59.000";"c";"ds-c0041";"NULL";"c0041";"c0041-t21";"2026-03-11 21:10:05.402";"54,62";"BANK_TRANSFER";"DEPOSIT";"SUCCESSFUL"
"2026-04-04 21:16:25.583";"c-pk-00000025";"rec-25";"2026-06-30 23:59:59.000";"c";"ds-c0041";"NULL";"c0041";"c0041-t22";"2026-04-04 21:16:25.583";"12,88";"NULL";"WINNING";"SUCCESSFUL"
"2026-02-03 18:08:20.581";"c-pk-00000026";"rec-26";"2026-06-30 23:59:59.000";"c";"ds-c0041";"NULL";"c0041";"c0041-t23";"2026-02-03 18:08:20.581";"32,44";"NULL";"STAKE";"UNSUCCESSFUL"
"2026-03-18 20:17:30.138";"a-pk-00000003";"rec-3";"2026-06-30 23:59:59.000";"a";"ds-a0042";"NULL";"a0042";"a0042-t0";"2026-03-18 20:17:30.138";"8,20";"NULL";"WINNING";"SUCCESSFUL"
"2026-01-17 21:47:29.391";"a-pk-00000004";"rec-4";"2026-06-30 23:59:59.000";"a";"ds-a0042";"NULL";"a0042";"a0042-t1";"2026-01-17 21:47:29.391";"18,09";"NULL";"STAKE";"SUCCESSFUL"
"2026-04-02 17:55:11.735";"a-pk-00000005";"rec-5";"2026-06-30 23:59:59.000";"a";"ds-a0042";"NULL";"a0042";"a0042-t2";"2026-04-02 17:55:11.735";"9,35";"NULL";"WINNING";"SUCCESSFUL"
"2026-02-03 14:43:13.203";"a-pk-00000006";"rec-6";"2026-06-30 23:59:59.000";"a";"ds-a0042";"NULL";"a0042";"a0042-t3";"2026-02-03 14:43:13.203";"9,42";"NULL";"WINNING";"SUCCESSFUL"
"2026-02-27 00:20:11.176";"a-pk-00000007";"rec-7";"2026-06-30 23:59:59.000";"a";"ds-a0042";"NULL";"a0042";"a0042-t4";"2026-02-27 00:20:11.176";"3,95";"NULL";"OTHER";"SUCCESSFUL"
"2026-02-04 23:27:51.334";"a-pk-00000008";"rec-8";"2026-06-30 23:59:59.000";"a";"ds-a0042";"NULL";"a0042";"a0042-t5";"2026-02-04 23:27:51.334";"13,49";"NULL";"WINNING";"SUCCESSFUL"
"2026-03-16 03:08:53.829";"b-pk-00000003";"rec-3";"2026-06-30 23:59:59.000";"b";"ds-b0043";"NULL";"b0043";"b0043-t0";"2026-03-16 03:08:53.829";"5,77";"NULL";"OTHER";"UNSUCCESSFUL"
"2026-01-18 01:49:07.816";"b-pk-00000004";"rec-4";"2026-06-30 23:59:59.000";"b";"ds-b0043";"NULL";"b0043";"b0043-t1";"2026-01-18 01:49:07.816";"15,89";"CREDIT_CARD";"DEPOSIT";"SUCCESSFUL"
"2026-04-18 07:06:28.408";"b-pk-00000005";"rec-5";"2026-06-30 23:59:59.000";"b";"ds-b0043";"NULL";"b0043";"b0043-t2";"2026-04-18 07:06:28.408";"6,25";"CREDIT_CARD";"DEPOSIT";"UNSUCCESSFUL"
"2026-01-18 00:33:06.831";"b-pk-00000006";"rec-6";"2026-06-30 23:59:59.000";"b";"ds-b0043";"NULL";"b0043";"b0043-t3";"2026-01-18 00:33:06.831";"14,81";"BANK_TRANSFER";"DEPOSIT";"UNSUCCESSFUL"
"2026-01-28 23:06:21.721";"b-pk-00000007";"rec-7";"2026-06-30 23:59:59.000";"b";"ds-b0043";"NULL";"b0043";"b0043-t4";"2026-01-28 23:06:21.721";"2,16";"CREDIT_CARD";"DEPOSIT";"SUCCESSFUL"
"2026-02-12 21:48:38.655";"c-pk-00000003";"rec-3";"2026-06-30 23:59:59.000";"c";"ds-c0044";"NULL";"c0044";"c0044-t0";"2026-02-12 21:48:38.655";"16,48";"ELECTRONIC_MONEY";"DEPOSIT";"UNSUCCESSFUL"
"2026-02-16 23:26:57.000";"c-pk-00000004";"rec-4";"2026-06-30 23:59:59.000";"c";"ds-c0044";"NULL";"c0044";"c0044-t1";"2026-02-16 23:26:57.000";"7,49";"ELECTRONIC_MONEY";"DEPOSIT";"SUCCESSFUL"
"2026-03-18 16:06:25.340";"c-pk-00000005";"rec-5";"2026-06-30 23:59:59.000";"c";"ds-c0044";"NULL";"c0044";"c0044-t2";"2026-03-18 16:06:25.340";"15,82";"NULL";"OTHER";"SUCCESSFUL"
"2026-03-09 09:31:09.268";"c-pk-00000006";"rec-6";"2026-06-30 23:59:59.000";"c";"ds-c0044";"NULL";"c0044";"c0044-t3";"2026-03-09 09:31:09.268";"3,37";"NULL";"OTHER";"SUCCESSFUL"
"2026-01-28 06:44:18.280";"c-pk-00000007";"rec-7";"2026-06-30 23:59:59.000";"c";"ds-c0044";"NULL";"c0044";"c0044-t4";"2026-01-28 06:44:18.280";"1,54";"NULL";"STAKE";"UNSUCCESSFUL"
"2026-01-16 23:30:57.933";"c-pk-00000008";"rec-8";"2026-06-30 23:59:59.000";"c";"ds-c0044";"NULL";"c0044";"c0044-t5";"2026-01-16 23:30:57.933";"18,70";"NULL";"STAKE";"SUCCESSFUL"
"2026-02-23 08:38:34.586";"c-pk-00000009";"rec-9";"2026-06-30 23:59:59.000";"c";"ds-c0044";"NULL";"c0044";"c0044-t6";"2026-02-23 08:38:34.586";"15,31";"NULL";"WINNING";"SUCCESSFUL"
"2026-02-10 04:07:42.570";"a-pk-00000003";"rec-3";"2026-06-30 23:59:59.000";"a";"ds-a0045";"NULL";"a0045";"a0045-t0";"2026-02-10 04:07:42.570";"14,20";"NULL";"OTHER";"SUCCESSFUL"
"2026-03-12 08:03:02.692";"a-pk-00000004";"rec-4";"2026-06-30 23:59:59.000";"a";"ds-a0045";"NULL";"a0045";"a0045-t1";"2026-03-12 08:03:02.692";"18,95";"NULL";"STAKE";"SUCCESSFUL"
"2026-03-10 20:29:21.757";"a-pk-00000005";"rec-5";"2026-06-30 23:59:59.000";"a";"ds-a0045";"NULL";"a0045";"a0045-t2";"2026-03-10 20:29:21.757";"3,77";"NULL";"STAKE";"SUCCESSFUL"
"2026-01-04 04:12:09.957";"a-pk-00000006";"rec-6";"2026-06-30 23:59:59.000";"a";"ds-a0045";"NULL";"a0045";"a0045-t3";"2026-01-04 04:12:09.957";"14,55";"NULL";"WITHDRAWAL";"UNSUCCESSFUL"
"2026-04-22 19:46:52.086";"a-pk-00000007";"rec-7";"2026-06-30 23:59:59.000";"a";"ds-a0045";"NULL";"a0045";"a0045-t4";"2026-04-22 19:46:52.086";"9,56";"NULL";"STAKE";"UNSUCCESSFUL"
"2026-02-22 09:41:41.694";"a-pk-00000008";"rec-8";"2026-06-30 23:59:59.000";"a";"ds-a0045";"NULL";"a0045";"a0045-t5";"2026-02-22 09:41:41.694";"15,10";"NULL";"WINNING";"UNSUCCESSFUL"
"2026-02-28 17:34:24.701";"a-pk-00000009";"rec-9";"2026-06-30 23:59:59.000";"a";"ds-a0045";"NULL";"a0045";"a0045-t6";"2026-02-28 17:34:24.701";"4,22";"CREDIT_CARD";"DEPOSIT";"UNSUCCESSFUL"
"2026-01-21 17:03:51.867";"a-pk-00000010";"rec-10";"2026-06-30 23:59:59.000";"a";"ds-a0045";"NULL";"a0045";"a0045-t7";"2026-01-21 17:03:51.867";"2,28";"NULL";"STAKE";"UNSUCCESSFUL"
"2026-01-09 10:45:40.199";"a-pk-00000011";"rec-11";"2026-06-30 23:59:59.000";"a";"ds-a0045";"NULL";"a0045";"a0045-t8";"2026-01-09 10:45:40.199";"1,63";"NULL";"OTHER";"SUCCESSFUL"
"2026-02-09 19:57:14.338";"a-pk-00000012";"rec-12";"2026-06-30 23:59:59.000";"a";"ds-a0045";"NULL";"a0045";"a0045-t9";"2026-02-09 19:57:14.338";"17,11";"NULL";"STAKE";"SUCCESSFUL"
"2026-01-17 02:45:55.405";"a-pk-00000013";"rec-13";"2026-06-30 23:59:59.000";"a";"ds-a0045";"NULL";"a0045";"a0045-t10";"2026-01-17 02:45:55.405";"9,37";"BANK_TRANSFER";"DEPOSIT";"SUCCESSFUL"
"2026-04-20 05:50:04.098";"b-pk-00000003";"rec-3";"2026-06-30 23:59:59.000";"b";"ds-b0046";"NULL";"b0046";"b0046-t0";"2026-04-20 05:50:04.098";"11,29";"NULL";"STAKE";"SUCCESSFUL"
"2026-04-05 13:17:11.166";"b-pk-00000004";"rec-4";"2026-06-30 23:59:59.000";"b";"ds-b0046";"NULL";"b0046";"b0046-t1";"2026-04-05 13:17:11.166";"3,68";"NULL";"STAKE";"UNSUCCESSFUL"
"2026-01-15 01:51:45.902";"b-pk-00000005";"rec-5";"2026-06-30 23:59:59.000";"b";"ds-b0046";"NULL";"b0046";"b0046-t2";"2026-01-15 01:51:45.902";"19,92";"NULL";"STAKE";"SUCCESSFUL"
"2026-03-09 04:06:52.566";"b-pk-00000006";"rec-6";"2026-06-30 23:59:59.000";"b";"ds-b0046";"NULL";"b0046";"b0046-t3";"2026-03-09 04:06:52.566";"7,59";"NULL";"WINNING";"SUCCESSFUL"
"2026-01-11 13:49:32.129";"b-pk-00000007";"rec-7";"2026-06-30 23:59:59.000";"b";"ds-b0046";"NULL";"b0046";"b0046-t4";"2026-01-11 13:49:32.129";"1,05";"NULL";"STAKE";"SUCCESSFUL"
"2026-03-16 00:45:36.018";"b-pk-00000008";"rec-8";"2026-06-30 23:59:59.000";"b";"ds-b0046";"NULL";"b0046";"b0046-t5";"2026-03-16 00:45:36.018";"18,82";"CREDIT_CARD";"DEPOSIT";"SUCCESSFUL"
"2026-02-23 10:26:17.973";"b-pk-00000009";"rec-9";"2026-06-30 23:59:59.000";"b";"ds-b0046";"NULL";"b0046";"b0046-t6";"2026-02-23 10:26:17.973";"2,00";"NULL";"STAKE";"SUCCESSFUL"
"2026-02-09 15:11:32.166";"b-pk-00000010";"rec-10";"2026-06-30 23:59:59.000";"b";"ds-b0046";"NULL";"b0046";"b0046-t7";"2026-02-09 15:11:32.166";"18,47";"BANK_TRANSFER";"DEPOSIT";"SUCCESSFUL"
"2026-01-16 16:41:58.836";"b-pk-00000011";"rec-11";"2026-06-30 23:59:59.000";"b";"ds-b0046";"NULL";"b0046";"b0046-t8";"2026-01-16 16:41:58.836";"10,82";"ELECTRONIC_MONEY";"DEPOSIT";"SUCCESSFUL"
"2026-02-03 04:26:04.398";"b-pk-00000012";"rec-12";"2026-06-30 23:59:59.000";"b";"ds-b0046";"NULL";"b0046";"b0046-t9";"2026-02-03 04:26:04.398";"18,89";"NULL";"WINNING";"SUCCESSFUL"
"2026-02-04 20:50:38.742";"c-pk-00000003";"rec-3";"2026-06-30 23:59:59.000";"c";"ds-c0047";"NULL";"c0047";"c0047-t0";"2026-02-04 20:50:38.742";"13,54";"NULL";"WINNING";"SUCCESSFUL"
"2026-01-17 18:58:31.740";"c-pk-00000004";"rec-4";"2026-06-30 23:59:59.000";"c";"ds-c0047";"NULL";"c0047";"c0047-t1";"2026-01-17 18:58:31.740";"1,08";"NULL";"STAKE";"SUCCESSFUL"
"2026-04-04 03:32:27.216";"c-pk-00000005";"rec-5";"2026-06-30 23:59:59.000";"c";"ds-c0047";"NULL";"c0047";"c0047-t2";"2026-04-04 03:32:27.216";"11,18";"NULL";"STAKE";"SUCCESSFUL"
"2026-01-24 18:56:20.582";"c-pk-00000006";"rec-6";"2026-06-30 23:59:59.000";"c";"ds-c0047";"NULL";"c0047";"c0047-t3";"2026-01-24 18:56:20.582";"15,24";"NULL";"STAKE";"UNSUCCESSFUL"
"2026-01-13 17:33:02.725";"c-pk-00000007";"rec-7";"2026-06-30 23:59:59.000";"c";"ds-c0047";"NULL";"c0047";"c0047-t4";"2026-01-13 17:33:02.725";"1,96";"BANK_TRANSFER";"DEPOSIT";"SUCCESSFUL"
"2026-02-03 17:24:38.965";"c-pk-00000008";"rec-8";"2026-06-30 23:59:59.000";"c";"ds-c0047";"NULL";"c0047";"c0047-t5";"2026-02-03 17:24:38.965";"3,94";"NULL";"STAKE";"UNSUCCESSFUL"
"2026-03-11 09:55:03.673";"c-pk-00000009";"rec-9";"2026-06-30 23:59:59.000";"c";"ds-c0047";"NULL";"c0047";"c0047-t6";"2026-03-11 09:55:03.673";"2,82";"NULL";"WITHDRAWAL";"SUCCESSFUL"
"2026-04-06 00:03:11.564";"c-pk-00000010";"rec-10";"2026-06-30 23:59:59.000";"c";"ds-c0047";"NULL";"c0047";"c0047-t7";"2026-04-06 00:03:11.564";"5,06";"BANK_TRANSFER";"DEPOSIT";"SUCCESSFUL"
"2026-04-03 17:17:20.160";"a-pk-00000003";"rec-3";"2026-06-30 23:59:59.000";"a";"ds-a0048";"NULL";"a0048";"a0048-t0";"2026-04-03 17:17:20.160";"17,52";"NULL";"STAKE";"SUCCESSFUL"
"2026-02-14 16:51:29.265";"a-pk-00000004";"rec-4";"2026-06-30 23:59:59.000";"a";"ds-a0048";"NULL";"a0048";"a0048-t1";"2026-02-14 16:51:29.265";"22,10";"NULL";"WINNING";"UNSUCCESSFUL"
"2026-04-07 20:10:55.663";"a-pk-00000005";"rec-5";"2026-06-30 23:59:59.000";"a";"ds-a0048";"NULL";"a0048";"a0048-t2";"2026-04-07 20:10:55.663";"74,77";"CREDIT_CARD";"DEPOSIT";"UNSUCCESSFUL"
"2026-02-08 14:29:28.135";"a-pk-00000006";"rec-6";"2026-06-30 23:59:59.000";"a";"ds-a0048";"NULL";"a0048";"a0048-t3";"2026-02-08 14:29:28.135";"46,61";"NULL";"WINNING";"UNSUCCESSFUL"
"2026-04-07 06:29:00.114";"a-pk-00000007";"rec-7";"2026-06-30 23:59:59.000";"a";"ds-a0048";"NULL";"a0048";"a0048-t4";"2026-04-07 06:29:00.114";"23,01";"NULL";"WINNING";"SUCCESSFUL"
"2026-01-25 20:44:22.834";"a-pk-00000008";"rec-8";"2026-06-30 23:59:59.000";"a";"ds-a0048";"NULL";"a0048";"a0048-t5";"2026-01-25 20:44:22.834";"13,05";"NULL";"WINNING";"UNSUCCESSFUL"
"2026-01-01 11:20:41.531";"a-pk-00000009";"rec-9";"2026-06-30 23:59:59.000";"a";"ds-a0048";"NULL";"a0048";"a0048-t6";"2026-01-01 11:20:41.531";"53,00";"NULL";"OTHER";"SUCCESSFUL"
"2026-02-16 21:11:46.131";"a-pk-00000010";"rec-10";"2026-06-30 23:59:59.000";"a";"ds-a0048";"NULL";"a0048";"a0048-t7";"2026-02-16 21:11:46.131";"6,19";"ELECTRONIC_MONEY";"DEPOSIT";"SUCCESSFUL"
"2026-02-04 13:01:38.308";"a-pk-00000011";"rec-11";"2026-06-30 23:59:59.000";"a";"ds-a0048";"NULL";"a0048";"a0048-t8";"2026-02-04 13:01:38.308";"18,91";"NULL";"STAKE";"SUCCESSFUL"
"2026-02-25 12:33:51.642";"a-pk-00000012";"rec-12";"2026-06-30 23:59:59.000";"a";"ds-a0048";"NULL";"a0048";"a0048-t9";"2026-02-25 12:33:51.642";"55,84";"NULL";"WINNING";"UNSUCCESSFUL"
"2026-01-07 03:12:24.637";"a-pk-00000013";"rec-13";"2026-06-30 23:59:59.000";"a";"ds-a0048";"NULL";"a0048";"a0048-t10";"2026-01-07 03:12:24.637";"28,32";"NULL";"OTHER";"SUCCESSFUL"
"2026-04-06 23:01:38.660";"a-pk-00000014";"rec-14";"2026-06-30 23:59:59.000";"a";"ds-a0048";"NULL";"a0048";"a0048-t11";"2026-04-06 23:01:38.660";"15,73";"NULL";"STAKE";"UNSUCCESSFUL"
"2026-03-05 23:23:39.360";"a-pk-00000015";"rec-15";"2026-06-30 23:59:59.000";"a";"ds-a0048";"NULL";"a0048";"a0048-t12";"2026-03-05 23:23:39.360";"66,35";"NULL";"WINNING";"SUCCESSFUL"
"2026-02-06 04:40:44.789";"a-pk-00000016";"rec-16";"2026-06-30 23:59:59.000";"a";"ds-a0048";"NULL";"a0048";"a0048-t13";"2026-02-06 04:40:44.789";"65,36";"NULL";"OTHER";"SUCCESSFUL"
"2026-02-17 19:38:11.001";"a-pk-00000017";"rec-17";"2026-06-30 23:59:59.000";"a";"ds-a0048";"NULL";"a0048";"a0048-t14";"2026-02-17 19:38:11.001";"23,70";"NULL";"WINNING";"UNSUCCESSFUL"
"2026-04-13 23:16:15.225";"b-pk-00000003";"rec-3";"2026-06-30 23:59:59.000";"b";"ds-b0049";"NULL";"b0049";"b0049-t0";"2026-04-13 23:16:15.225";"11,59";"ELECTRONIC_MONEY";"DEPOSIT";"SUCCESSFUL"
"2026-03-05 04:07:24.180";"b-pk-00000004";"rec-4";"2026-06-30 23:59:59.000";"b";"ds-b0049";"NULL";"b0049";"b0049-t1";"2026-03-05 04:07:24.180";"8,16";"BANK_TRANSFER";"DEPOSIT";"SUCCESSFUL"
"2026-04-28 06:58:12.757";"b-pk-00000005";"rec-5";"2026-06-30 23:59:59.000";"b";"ds-b0049";"NULL";"b0049";"b0049-t2";"2026-04-28 06:58:12.757";"14,98";"NULL";"STAKE";"SUCCESSFUL"
"2026-03-10 09:28:56.926";"b-pk-00000006";"rec-6";"2026-06-30 23:59:59.000";"b";"ds-b0049";"NULL";"b0049";"b0049-t3";"2026-03-10 09:28:56.926";"16,84";"BANK_TRANSFER";"DEPOSIT";"UNSUCCESSFUL"
"2026-03-01 08:29:01.823";"b-pk-00000007";"rec-7";"2026-06-30 23:59:59.000";"b";"ds-b0049";"NULL";"b0049";"b0049-t4";"2026-03-01 08:29:01.823";"4,16";"NULL";"STAKE";"SUCCESSFUL"
"2026-04-25 16:43:22.073";"b-pk-00000008";"rec-8";"2026-06-30 23:59:59.000";"b";"ds-b0049";"NULL";"b0049";"b0049-t5";"2026-04-25 16:43:22.073";"12,63";"NULL";"STAKE";"SUCCESSFUL"
"2026-04-16 08:39:44.925";"b-pk-00000009";"rec-9";"2026-06-30 23:59:59.000";"b";"ds-b0049";"NULL";"b0049";"b0049-t6";"2026-04-16 08:39:44.925";"4,45";"OTHER";"DEPOSIT";"SUCCESSFUL"
"2026-03-14 07:17:11.463";"b-pk-00000010";"rec-10";"2026-06-30 23:59:59.000";"b";"ds-b0049";"NULL";"b0049";"b0049-t7";"2026-03-14 07:17:11.463";"18,50";"OTHER";"DEPOSIT";"SUCCESSFUL"
"2026-02-12 18:09:01.428";"b-pk-00000011";"rec-11";"2026-06-30 23:59:59.000";"b";"ds-b0049";"NULL";"b0049";"b0049-t8";"2026-02-12 18:09:01.428";"2,53";"NULL";"WINNING";"UNSUCCESSFUL"
"2026-01-05 19:08:01.669";"b-pk-00000012";"rec-12";"2026-06-30 23:59:59.000";"b";"ds-b0049";"NULL";"b0049";"b0049-t9";"2026-01-05 19:08:01.669";"8,01";"NULL";"STAKE";"SUCCESSFUL"
"2026-03-19 03:08:20.458";"c-pk-00000003";"rec-3";"2026-06-30 23:59:59.000";"c";"ds-c0050";"NULL";"c0050";"c0050-t0";"2026-03-19 03:08:20.458";"4,88";"ELECTRONIC_MONEY";"DEPOSIT";"SUCCESSFUL"
"2026-03-22 13:40:40.009";"c-pk-00000004";"rec-4";"2026-06-30 23:59:59.000";"c";"ds-c0050";"NULL";"c0050";"c0050-t1";"2026-03-22 13:40:40.009";"15,52";"NULL";"STAKE";"SUCCESSFUL"
"2026-01-15 08:40:30.146";"c-pk-00000005";"rec-5";"2026-06-30 23:59:59.000";"c";"ds-c0050";"NULL";"c0050";"c0050-t2";"2026-01-15 08:40:30.146";"15,53";"NULL";"WITHDRAWAL";"UNSUCCESSFUL"
"2026-03-03 14:36:39.405";"c-pk-00000006";"rec-6";"2026-06-30 23:59:59.000";"c";"ds-c0050";"NULL";"c0050";"c0050-t3";"2026-03-03 14:36:39.405";"10,20";"NULL";"STAKE";"SUCCESSFUL"
"2026-04-10 21:43:31.261";"c-pk-00000007";"rec-7";"2026-06-30 23:59:59.000";"c";"ds-c0050";"NULL";"c0050";"c0050-t4";"2026-04-10 21:43:31.261";"11,62";"NULL";"STAKE";"SUCCESSFUL"
"2026-01-17 06:51:38.821";"c-pk-00000008";"rec-8";"2026-06-30 23:59:59.000";"c";"ds-c0050";"NULL";"c0050";"c0050-t5";"2026-01-17 06:51:38.821";"10,58";"NULL";"STAKE";"SUCCESSFUL"
"2026-04-08 09:53:29.531";"c-pk-00000009";"rec-9";"2026-06-30 23:59:59.000";"c";"ds-c0050";"NULL";"c0050";"c0050-t6";"2026-04-08 09:53:29.531";"18,93";"BANK_TRANSFER";"DEPOSIT";"SUCCESSFUL"
"2026-01-13 09:49:37.546";"c-pk-00000010";"rec-10";"2026-06-30 23:59:59.000";"c";"ds-c0050";"NULL";"c0050";"c0050-t7";"2026-01-13 09:49:37.546";"1,53";"NULL";"STAKE";"SUCCESSFUL"
"2026-02-22 20:32:51.403";"c-pk-00000011";"rec-11";"2026-06-30 23:59:59.000";"c";"ds-c0050";"NULL";"c0050";"c0050-t8";"2026-02-22 20:32:51.403";"17,64";"NULL";"STAKE";"SUCCESSFUL"
"2026-01-27 01:10:25.142";"c-pk-00000012";"rec-12";"2026-06-30 23:59:59.000";"c";"ds-c0050";"NULL";"c0050";"c0050-t9";"2026-01-27 01:10:25.142";"19,26";"NULL";"OTHER";"SUCCESSFUL"
"2026-03-18 19:57:03.018";"c-pk-00000013";"rec-13";"2026-06-30 23:59:59.000";"c";"ds-c0050";"NULL";"c0050";"c0050-t10";"2026-03-18 19:57:03.018";"16,96";"NULL";"STAKE";"SUCCESSFUL"
"2026-03-12 16:06:49.226";"c-pk-00000014";"rec-14";"2026-06-30 23:59:59.000";"c";"ds-c0050";"NULL";"c0050";"c0050-t11";"2026-03-12 16:06:49.226";"1,01";"ELECTRONIC_MONEY";"DEPOSIT";"SUCCESSFUL"
"2026-01-23 16:20:52.547";"a-pk-00000003";"rec-3";"2026-06-30 23:59:59.000";"a";"ds-a0051";"NULL";"a0051";"a0051-t0";"2026-01-23 16:20:52.547";"16,15";"NULL";"STAKE";"SUCCESSFUL"
"2026-03-02 04:19:13.731";"a-pk-00000004";"rec-4";"2026-06-30 23:59:59.000";"a";"ds-a0051";"NULL";"a0051";"a0051-t1";"2026-03-02 04:19:13.731";"9,76";"OTHER";"DEPOSIT";"SUCCESSFUL"
"2026-04-07 12:48:25.143";"a-pk-00000005";"rec-5";"2026-06-30 23:59:59.000";"a";"ds-a0051";"NULL";"a0051";"a0051-t2";"2026-04-07 12:48:25.143";"18,39";"NULL";"WITHDRAWAL";"SUCCESSFUL"
"2026-03-17 23:38:25.581";"a-pk-00000006";"rec-6";"2026-06-30 23:59:59.000";"a";"ds-a0051";"NULL";"a0051";"a0051-t3";"2026-03-17 23:38:25.581";"5,66";"BANK_TRANSFER";"DEPOSIT";"SUCCESSFUL"
"2026-01-23 00:40:21.557";"a-pk-00000007";"rec-7";"2026-06-30 23:59:59.000";"a";"ds-a0051";"NULL";"a0051";"a0051-t4";"2026-01-23 00:40:21.557";"7,11";"NULL";"WINNING";"UNSUCCESSFUL"
"2026-04-02 04:06:06.588";"b-pk-00000003";"rec-3";"2026-06-30 23:59:59.000";"b";"ds-b0052";"NULL";"b0052";"b0052-t0";"2026-04-02 04:06:06.588";"13,68";"NULL";"STAKE";"SUCCESSFUL"
"2026-01-06 13:34:56.414";"b-pk-00000004";"rec-4";"2026-06-30 23:59:59.000";"b";"ds-b0052";"NULL";"b0052";"b0052-t1";"2026-01-06 13:34:56.414";"19,87";"NULL";"OTHER";"SUCCESSFUL"
"2026-04-09 15:35:27.810";"b-pk-00000005";"rec-5";"2026-06-30 23:59:59.000";"b";"ds-b0052";"NULL";"b0052";"b0052-t2";"2026-04-09 15:35:27.810";"17,70";"NULL";"WINNING";"UNSUCCESSFUL"
"2026-04-13 01:58:00.512";"b-pk-00000006";"rec-6";"2026-06-30 23:59:59.000";"b";"ds-b0052";"NULL";"b0052";"b0052-t3";"2026-04-13 01:58:00.512";"10,98";"BANK_TRANSFER";"DEPOSIT";"UNSUCCESSFUL"
"2026-02-15 21:35:05.578";"b-pk-00000007";"rec-7";"2026-06-30 23:59:59.000";"b";"ds-b0052";"NULL";"b0052";"b0052-t4";"2026-02-15 21:35:05.578";"3,08";"CREDIT_CARD";"DEPOSIT";"UNSUCCESSFUL"
"2026-02-03 13:19:02.051";"b-pk-00000008";"rec-8";"2026-06-30 23:59:59.000";"b";"ds-b0052";"NULL";"b0052";"b0052-t5";"2026-02-03 13:19:02.051";"8,67";"NULL";"STAKE";"SUCCESSFUL"
"2026-02-27 06:50:20.235";"b-pk-00000009";"rec-9";"2026-06-30 23:59:59.000";"b";"ds-b0052";"NULL";"b0052";"b0052-t6";"2026-02-27 06:50:20.235";"6,29";"NULL";"STAKE";"SUCCESSFUL"
"2026-03-15 01:32:10.120";"b-pk-00000010";"rec-10";"2026-06-30 23:59:59.000";"b";"ds-b0052";"NULL";"b0052";"b0052-t7";"2026-03-15 01:32:10.120";"5,26";"NULL";"STAKE";"UNSUCCESSFUL"
"2026-04-06 04:45:54.009";"b-pk-00000011";"rec-11";"2026-06-30 23:59:59.000";"b";"ds-b0052";"NULL";"b0052";"b0052-t8";"2026-04-06 04:45:54.009";"4,20";"NULL";"STAKE";"SUCCESSFUL"
"2026-04-22 23:09:55.014";"b-pk-00000012";"rec-12";"2026-06-30 23:59:59.000";"b";"ds-b0052";"NULL";"b0052";"b0052-t9";"2026-04-22 23:09:55.014";"7,83";"BANK_TRANSFER";"DEPOSIT";"SUCCESSFUL"
"2026-02-01 01:01:01.561";"b-pk-00000013";"rec-13";"2026-06-30 23:59:59.000";"b";"ds-b0052";"NULL";"b0052";"b0052-t10";"2026-02-01 01:01:01.561";"10,86";"NULL";"WITHDRAWAL";"SUCCESSFUL"
"2026-04-15 07:37:07.626";"b-pk-00000014";"rec-14";"2026-06-30 23:59:59.000";"b";"ds-b0052";"NULL";"b0052";"b0052-t11";"2026-04-15 07:37:07.626";"1,09";"NULL";"WINNING";"SUCCESSFUL"
"2026-02-04 22:46:41.893";"c-pk-00000003";"rec-3";"2026-06-30 23:59:59.000";"c";"ds-c0053";"NULL";"c0053";"c0053-t0";"2026-02-04 22:46:41.893";"10,60";"CREDIT_CARD";"DEPOSIT";"SUCCESSFUL"
"2026-01-23 06:06:38.457";"c-pk-00000004";"rec-4";"2026-06-30 23:59:59.000";"c";"ds-c0053";"NULL";"c0053";"c0053-t1";"2026-01-23 06:06:38.457";"11,46";"CREDIT_CARD";"DEPOSIT";"SUCCESSFUL"
"2026-03-02 00:13:19.941";"c-pk-00000005";"rec-5";"2026-06-30 23:59:59.000";"c";"ds-c0053";"NULL";"c0053";"c0053-t2";"2026-03-02 00:13:19.941";"18,80";"CREDIT_CARD";"DEPOSIT";"SUCCESSFUL"
"2026-04-24 03:37:52.477";"c-pk-00000006";"rec-6";"2026-06-30 23:59:59.000";"c";"ds-c0053";"NULL";"c0053";"c0053-t3";"2026-04-24 03:37:52.477";"15,48";"OTHER";"DEPOSIT";"SUCCESSFUL"
"2026-01-21 12:56:59.159";"c-pk-00000007";"rec-7";"2026-06-30 23:59:59.000";"c";"ds-c0053";"NULL";"c0053";"c0053-t4";"2026-01-21 12:56:59.159";"15,45";"NULL";"WINNING";"SUCCESSFUL"
"2026-04-24 02:57:20.610";"a-pk-00000003";"rec-3";"2026-06-30 23:59:59.000";"a";"ds-a0054";"NULL";"a0054";"a0054-t0";"2026-04-24 02:57:20.610";"17,22";"OTHER";"DEPOSIT";"SUCCESSFUL"
"2026-03-07 21:41:47.329";"a-pk-00000004";"rec-4";"2026-06-30 23:59:59.000";"a";"ds-a0054";"NULL";"a0054";"a0054-t1";"2026-03-07 21:41:47.329";"8,82";"NULL";"WINNING";"SUCCESSFUL"
"2026-04-16 22:21:22.260";"a-pk-00000005";"rec-5";"2026-06-30 23:59:59.000";"a";"ds-a0054";"NULL";"a0054";"a0054-t2";"2026-04-16 22:21:22.260";"4,02";"NULL";"WINNING";"SUCCESSFUL"
"2026-01-08 16:16:09.865";"a-pk-00000006";"rec-6";"2026-06-30 23:59:59.000";"a";"ds-a0054";"NULL";"a0054";"a0054-t3";"2026-01-08 16:16:09.865";"4,44";"NULL";"STAKE";"SUCCESSFUL"
"2026-02-15 23:13:11.061";"a-pk-00000007";"rec-7";"2026-06-30 23:59:59.000";"a";"ds-a0054";"NULL";"a0054";"a0054-t4";"2026-02-15 23:13:11.061";"14,42";"NULL";"WITHDRAWAL";"SUCCESSFUL"
"2026-02-16 03:06:48.076";"a-pk-00000008";"rec-8";"2026-06-30 23:59:59.000";"a";"ds-a0054";"NULL";"a0054";"a0054-t5";"2026-02-16 03:06:48.076";"16,88";"NULL";"OTHER";"SUCCESSFUL"
"2026-04-14 19:07:31.109";"a-pk-00000009";"rec-9";"2026-06-30 23:59:59.000";"a";"ds-a0054";"NULL";"a0054";"a0054-t6";"2026-04-14 19:07:31.109";"9,04";"NULL";"WINNING";"SUCCESSFUL"
"2026-02-20 17:23:07.295";"a-pk-00000010";"rec-10";"2026-06-30 23:59:59.000";"a";"ds-a0054";"NULL";"a0054";"a0054-t7";"2026-02-20 17:23:07.295";"6,10";"NULL";"WINNING";"UNSUCCESSFUL"
"2026-02-02 11:11:06.855";"a-pk-00000011";"rec-11";"2026-06-30 23:59:59.000";"a";"ds-a0054";"NULL";"a0054";"a0054-t8";"2026-02-02 11:11:06.855";"9,07";"NULL";"STAKE";"SUCCESSFUL"
"2026-02-06 00:57:11.764";"a-pk-00000012";"rec-12";"2026-06-30 23:59:59.000";"a";"ds-a0054";"NULL";"a0054";"a0054-t9";"2026-02-06 00:57:11.764";"8,85";"CREDIT_CARD";"DEPOSIT";"SUCCESSFUL"
"2026-03-06 21:25:17.507";"a-pk-00000013";"rec-13";"2026-06-30 23:59:59.000";"a";"ds-a0054";"NULL";"a0054";"a0054-t10";"2026-03-06 21:25:17.507";"16,75";"NULL";"OTHER";"SUCCESSFUL"
"2026-03-27 01:37:23.440";"b-pk-00000003";"rec-3";"2026-06-30 23:59:59.000";"b";"ds-b0055";"NULL";"b0055";"b0055-t0";"2026-03-27 01:37:23.440";"4,69";"CREDIT_CARD";"DEPOSIT";"UNSUCCESSFUL"
"2026-01-01 22:14:39.076";"b-pk-00000004";"rec-4";"2026-06-30 23:59:59.000";"b";"ds-b0055";"NULL";"b0055";"b0055-t1";"2026-01-01 22:14:39.076";"1,95";"NULL";"WITHDRAWAL";"SUCCESSFUL"
"2026-02-12 06:34:39.181";"b-pk-00000005";"rec-5";"2026-06-30 23:59:59.000";"b";"ds-b0055";"NULL";"b0055";"b0055-t2";"2026-02-12 06:34:39.181";"3,55";"NULL";"STAKE";"SUCCESSFUL"
"2026-01-03 18:14:24.872";"b-pk-00000006";"rec-6";"2026-06-30 23:59:59.000";"b";"ds-b0055";"NULL";"b0055";"b0055-t3";"2026-01-03 18:14:24.872";"1,11";"NULL";"WITHDRAWAL";"SUCCESSFUL"
"2026-01-17 04:29:31.674";"b-pk-00000007";"rec-7";"2026-06-30 23:59:59.000";"b";"ds-b0055";"NULL";"b0055";"b0055-t4";"2026-01-17 04:29:31.674";"1,71";"NULL";"STAKE";"UNSUCCESSFUL"
"2026-01-22 23:26:53.860";"b-pk-00000008";"rec-8";"2026-06-30 23:59:59.000";"b";"ds-b0055";"NULL";"b0055";"b0055-t5";"2026-01-22 23:26:53.860";"2,04";"NULL";"STAKE";"UNSUCCESSFUL"
"2026-04-10 06:45:33.730";"b-pk-00000009";"rec-9";"2026-06-30 23:59:59.000";"b";"ds-b0055";"NULL";"b0055";"b0055-t6";"2026-04-10 06:45:33.730";"18,85";"NULL";"WITHDRAWAL";"SUCCESSFUL"
"2026-03-08 14:11:12.277";"b-pk-00000010";"rec-10";"2026-06-30 23:59:59.000";"b";"ds-b0055";"NULL";"b0055";"b0055-t7";"2026-03-08 14:11:12.277";"9,05";"OTHER";"DEPOSIT";"UNSUCCESSFUL"
"2026-02-22 03:13:55.907";"b-pk-00000011";"rec-11";"2026-06-30 23:59:59.000";"b";"ds-b0055";"NULL";"b0055";"b0055-t8";"2026-02-22 03:13:55.907";"4,77";"NULL";"WINNING";"UNSUCCESSFUL"
"2026-03-10 22:05:27.306";"b-pk-00000012";"rec-12";"2026-06-30 23:59:59.000";"b";"ds-b0055";"NULL";"b0055";"b0055-t9";"2026-03-10 22:05:27.306";"3,61";"ELECTRONIC_MONEY";"DEPOSIT";"SUCCESSFUL"
"2026-03-27 09:07:58.766";"b-pk-00000013";"rec-13";"2026-06-30 23:59:59.000";"b";"ds-b0055";"NULL";"b0055";"b0055-t10";"2026-03-27 09:07:58.766";"4,74";"NULL";"STAKE";"SUCCESSFUL"
"2026-01-04 12:41:54.258";"c-pk-00000003";"rec-3";"2026-06-30 23:59:59.000";"c";"ds-c0056";"NULL";"c0056";"c0056-t0";"2026-01-04 12:41:54.258";"17,77";"NULL";"WINNING";"SUCCESSFUL"
"2026-01-11 00:12:28.793";"c-pk-00000004";"rec-4";"2026-06-30 23:59:59.000";"c";"ds-c0056";"NULL";"c0056";"c0056-t1";"2026-01-11 00:12:28.793";"1,88";"NULL";"WITHDRAWAL";"UNSUCCESSFUL"
"2026-02-14 20:19:02.456";"c-pk-00000005";"rec-5";"2026-06-30 23:59:59.000";"c";"ds-c0056";"NULL";"c0056";"c0056-t2";"2026-02-14 20:19:02.456";"17,72";"ELECTRONIC_MONEY";"DEPOSIT";"SUCCESSFUL"
"2026-01-17 20:57:55.984";"c-pk-00000006";"rec-6";"2026-06-30 23:59:59.000";"c";"ds-c0056";"NULL";"c0056";"c0056-t3";"2026-01-17 20:57:55.984";"17,32";"NULL";"STAKE";"UNSUCCESSFUL"
"2026-02-17 05:38:26.563";"c-pk-00000007";"rec-7";"2026-06-30 23:59:59.000";"c";"ds-c0056";"NULL";"c0056";"c0056-t4";"2026-02-17 05:38:26.563";"4,30";"BANK_TRANSFER";"DEPOSIT";"SUCCESSFUL"
"2026-03-25 00:42:54.019";"c-pk-00000008";"rec-8";"2026-06-30 23:59:59.000";"c";"ds-c0056";"NULL";"c0056";"c0056-t5";"2026-03-25 00:42:54.019";"9,70";"NULL";"WITHDRAWAL";"SUCCESSFUL"
"2026-02-21 20:29:40.282";"c-pk-00000009";"rec-9";"2026-06-30 23:59:59.000";"c";"ds-c0056";"NULL";"c0056";"c0056-t6";"2026-02-21 20:29:40.282";"2,69";"NULL";"OTHER";"UNSUCCESSFUL"
"2026-04-19 21:07:46.614";"c-pk-00000010";"rec-10";"2026-06-30 23:59:59.000";"c";"ds-c0056";"NULL";"c0056";"c0056-t7";"2026-04-19 21:07:46.614";"17,81";"NULL";"STAKE";"UNSUCCESSFUL"
"2026-02-26 15:25:25.135";"c-pk-00000011";"rec-11";"2026-06-30 23:59:59.000";"c";"ds-c0056";"NULL";"c0056";"c0056-t8";"2026-02-26 15:25:25.135";"1,30";"NULL";"WITHDRAWAL";"SUCCESSFUL"
"2026-04-21 01:58:44.570";"a-pk-00000003";"rec-3";"2026-06-30 23:59:59.000";"a";"ds-a0057";"NULL";"a0057";"a0057-t0";"2026-04-21 01:58:44.570";"17,21";"BANK_TRANSFER";"DEPOSIT";"SUCCESSFUL"
"2026-02-22 05:55:34.607";"a-pk-00000004";"rec-4";"2026-06-30 23:59:59.000";"a";"ds-a0057";"NULL";"a0057";"a0057-t1";"2026-02-22 05:55:34.607";"7,60";"NULL";"STAKE";"SUCCESSFUL"
"2026-02-09 01:38:52.075";"a-pk-00000005";"rec-5";"2026-06-30 23:59:59.000";"a";"ds-a0057";"NULL";"a0057";"a0057-t2";"2026-02-09 01:38:52.075";"11,61";"NULL";"STAKE";"SUCCESSFUL"
"2026-03-12 17:47:05.746";"a-pk-00000006";"rec-6";"2026-06-30 23:59:59.000";"a";"ds-a0057";"NULL";"a0057";"a0057-t3";"2026-03-12 17:47:05.746";"15,00";"NULL";"STAKE";"SUCCESSFUL"
"2026-04-09 08:45:51.634";"a-pk-00000007";"rec-7";"2026-06-30 23:59:59.000";"a";"ds-a0057";"NULL";"a0057";"a0057-t4";"2026-04-09 08:45:51.634";"8,46";"NULL";"STAKE";"SUCCESSFUL"
"2026-01-13 01:41:31.840";"a-pk-00000008";"rec-8";"2026-06-30 23:59:59.000";"a";"ds-a0057";"NULL";"a0057";"a0057-t5";"2026-01-13 01:41:31.840";"9,98";"CREDIT_CARD";"DEPOSIT";"SUCCESSFUL"
"2026-02-27 00:45:19.326";"a-pk-00000009";"rec-9";"2026-06-30 23:59:59.000";"a";"ds-a0057";"NULL";"a0057";"a0057-t6";"2026-02-27 00:45:19.326";"17,96";"CREDIT_CARD";"DEPOSIT";"SUCCESSFUL"
"2026-02-20 22:34:09.182";"a-pk-00000010";"rec-10";"2026-06-30 23:59:59.000";"a";"ds-a0057";"NULL";"a0057";"a0057-t7";"2026-02-20 22:34:09.182";"2,55";"NULL";"OTHER";"SUCCESSFUL"
"2026-04-13 05:49:47.748";"a-pk-00000011";"rec-11";"2026-06-30 23:59:59.000";"a";"ds-a0057";"NULL";"a0057";"a0057-t8";"2026-04-13 05:49:47.748";"1,76";"NULL";"WINNING";"SUCCESSFUL"
"2026-04-26 23:05:34.271";"b-pk-00000003";"rec-3";"2026-06-30 23:59:59.000";"b";"ds-b0058";"NULL";"b0058";"b0058-t0";"2026-04-26 23:05:34.271";"20,30";"NULL";"STAKE";"SUCCESSFUL"
"2026-01-19 05:10:01.617";"b-pk-00000004";"rec-4";"2026-06-30 23:59:59.000";"b";"ds-b0058";"NULL";"b0058";"b0058-t1";"2026-01-19 05:10:01.617";"29,43";"NULL";"WINNING";"UNSUCCESSFUL"
"2026-02-28 04:44:45.618";"b-pk-00000005";"rec-5";"2026-06-30 23:59:59.000";"b";"ds-b0058";"NULL";"b0058";"b0058-t2";"2026-02-28 04:44:45.618";"56,19";"ELECTRONIC_MONEY";"DEPOSIT";"SUCCESSFUL"
"2026-04-10 08:02:11.889";"b-pk-00000006";"rec-6";"2026-06-30 23:59:59.000";"b";"ds-b0058";"NULL";"b0058";"b0058-t3";"2026-04-10 08:02:11.889";"45,29";"ELECTRONIC_MONEY";"DEPOSIT";"SUCCESSFUL"
"2026-02-27 12:59:51.917";"b-pk-00000007";"rec-7";"2026-06-30 23:59:59.000";"b";"ds-b0058";"NULL";"b0058";"b0058-t4";"2026-02-27 12:59:51.917";"77,17";"OTHER";"DEPOSIT";"SUCCESSFUL"
"2026-04-16 07:39:59.726";"b-pk-00000008";"rec-8";"2026-06-30 23:59:59.000";"b";"ds-b0058";"NULL";"b0058";"b0058-t5";"2026-04-16 07:39:59.726";"13,60";"BANK_TRANSFER";"DEPOSIT";"SUCCESSFUL"
"2026-02-22 05:01:36.096";"b-pk-00000009";"rec-9";"2026-06-30 23:59:59.000";"b";"ds-b0058";"NULL";"b0058";"b0058-t6";"2026-02-22 05:01:36.096";"20,86";"CREDIT_CARD";"DEPOSIT";"SUCCESSFUL"
"2026-02-08 05:33:17.300";"b-pk-00000010";"rec-10";"2026-06-30 23:59:59.000";"b";"ds-b0058";"NULL";"b0058";"b0058-t7";"2026-02-08 05:33:17.300";"11,93";"NULL";"STAKE";"SUCCESSFUL"
"2026-01-20 18:33:09.910";"b-pk-00000011";"rec-11";"2026-06-30 23:59:59.000";"b";"ds-b0058";"NULL";"b0058";"b0058-t8";"2026-01-20 18:33:09.910";"49,04";"NULL";"STAKE";"UNSUCCESSFUL"
"2026-03-28 02:21:53.275";"b-pk-00000012";"rec-12";"2026-06-30 23:59:59.000";"b";"ds-b0058";"NULL";"b0058";"b0058-t9";"2026-03-28 02:21:53.275";"55,51";"NULL";"STAKE";"SUCCESSFUL"
"2026-01-15 10:27:36.706";"b-pk-00000013";"rec-13";"2026-06-30 23:59:59.000";"b";"ds-b0058";"NULL";"b0058";"b0058-t10";"2026-01-15 10:27:36.706";"49,14";"NULL";"WITHDRAWAL";"SUCCESSFUL"
"2026-02-04 00:00:45.852";"b-pk-00000014";"rec-14";"2026-06-30 23:59:59.000";"b";"ds-b0058";"NULL";"b0058";"b0058-t11";"2026-02-04 00:00:45.852";"32,07";"BANK_TRANSFER";"DEPOSIT";"SUCCESSFUL"
"2026-02-06 13:40:46.797";"b-pk-00000015";"rec-15";"2026-06-30 23:59:59.000";"b";"ds-b0058";"NULL";"b0058";"b0058-t12";"2026-02-06 13:40:46.797";"12,89";"ELECTRONIC_MONEY";"DEPOSIT";"UNSUCCESSFUL"
"2026-04-24 23:44:05.382";"c-pk-00000003";"rec-3";"2026-06-30 23:59:59.000";"c";"ds-c0059";"NULL";"c0059";"c0059-t0";"2026-04-24 23:44:05.382";"55,24";"NULL";"STAKE";"SUCCESSFUL"
"2026-02-05 11:05:07.266";"c-pk-00000004";"rec-4";"2026-06-30 23:59:59.000";"c";"ds-c0059";"NULL";"c0059";"c0059-t1";"2026-02-05 11:05:07.266";"56,04";"NULL";"STAKE";"UNSUCCESSFUL"
"2026-04-19 10:13:04.137";"c-pk-00000005";"rec-5";"2026-06-30 23:59:59.000";"c";"ds-c0059";"NULL";"c0059";"c0059-t2";"2026-04-19 10:13:04.137";"70,11";"NULL";"STAKE";"SUCCESSFUL"
"2026-03-10 07:28:31.666";"c-pk-00000006";"rec-6";"2026-06-30 23:59:59.000";"c";"ds-c0059";"NULL";"c0059";"c0059-t3";"2026-03-10 07:28:31.666";"35,40";"NULL";"STAKE";"SUCCESSFUL"
"2026-01-23 16:51:23.514";"c-pk-00000007";"rec-7";"2026-06-30 23:59:59.000";"c";"ds-c0059";"NULL";"c0059";"c0059-t4";"2026-01-23 16:51:23.514";"5,08";"NULL";"STAKE";"SUCCESSFUL"
"2026-04-08 02:19:13.596";"c-pk-00000008";"rec-8";"2026-06-30 23:59:59.000";"c";"ds-c0059";"NULL";"c0059";"c0059-t5";"2026-04-08 02:19:13.596";"7,66";"NULL";"WINNING";"SUCCESSFUL"
"2026-03-08 13:30:34.422";"c-pk-00000009";"rec-9";"2026-06-30 23:59:59.000";"c";"ds-c0059";"NULL";"c0059";"c0059-t6";"2026-03-08 13:30:34.422";"14,50";"NULL";"OTHER";"SUCCESSFUL"
"2026-01-16 17:04:35.467";"c-pk-00000010";"rec-10";"2026-06-30 23:59:59.000";"c";"ds-c0059";"NULL";"c0059";"c0059-t7";"2026-01-16 17:04:35.467";"8,69";"NULL";"OTHER";"UNSUCCESSFUL"
"2026-03-14 09:08:21.779";"c-pk-00000011";"rec-11";"2026-06-30 23:59:59.000";"c";"ds-c0059";"NULL";"c0059";"c0059-t8";"2026-03-14 09:08:21.779";"36,88";"NULL";"STAKE";"SUCCESSFUL"
"2026-01-05 13:52:37.672";"c-pk-00000012";"rec-12";"2026-06-30 23:59:59.000";"c";"ds-c0059";"NULL";"c0059";"c0059-t9";"2026-01-05 13:52:37.672";"16,64";"NULL";"STAKE";"SUCCESSFUL"
"2026-03-06 22:47:12.012";"c-pk-00000013";"rec-13";"2026-06-30 23:59:59.000";"c";"ds-c0059";"NULL";"c0059";"c0059-t10";"2026-03-06 22:47:12.012";"32,94";"NULL";"STAKE";"SUCCESSFUL"
"2026-01-06 16:27:55.343";"c-pk-00000014";"rec-14";"2026-06-30 23:59:59.000";"c";"ds-c0059";"NULL";"c0059";"c0059-t11";"2026-01-06 16:27:55.343";"78,17";"BANK_TRANSFER";"DEPOSIT";"SUCCESSFUL"
"2026-02-06 09:47:06.098";"c-pk-00000015";"rec-15";"2026-06-30 23:59:59.000";"c";"ds-c0059";"NULL";"c0059";"c0059-t12";"2026-02-06 09:47:06.098";"23,85";"NULL";"WINNING";"SUCCESSFUL"
"2026-04-16 01:06:20.077";"c-pk-00000016";"rec-16";"2026-06-30 23:59:59.000";"c";"ds-c0059";"NULL";"c0059";"c0059-t13";"2026-04-16 01:06:20.077";"21,23";"ELECTRONIC_MONEY";"DEPOSIT";"SUCCESSFUL"
"2026-04-14 07:13:54.757";"c-pk-00000017";"rec-17";"2026-06-30 23:59:59.000";"c";"ds-c0059";"NULL";"c0059";"c0059-t14";"2026-04-14 07:13:54.757";"42,03";"ELECTRONIC_MONEY";"DEPOSIT";"SUCCESSFUL"
"2026-03-02 01:20:14.889";"c-pk-00000018";"rec-18";"2026-06-30 23:59:59.000";"c";"ds-c0059";"NULL";"c0059";"c0059-t15";"2026-03-02 01:20:14.889";"78,21";"NULL";"WITHDRAWAL";"SUCCESSFUL"
"2026-02-02 11:24:08.670";"c-pk-00000019";"rec-19";"2026-06-30 23:59:59.000";"c";"ds-c0059";"NULL";"c0059";"c0059-t16";"2026-02-02 11:24:08.670";"3,17";"CREDIT_CARD";"DEPOSIT";"SUCCESSFUL"
"2026-01-21 08:18:30.569";"a-pk-00000003";"rec-3";"2026-06-30 23:59:59.000";"a";"ds-a0060";"NULL";"a0060";"a0060-t0";"2026-01-21 08:18:30.569";"8,79";"NULL";"WINNING";"UNSUCCESSFUL"
"2026-02-18 01:11:05.656";"a-pk-00000004";"rec-4";"2026-06-30 23:59:59.000";"a";"ds-a0060";"NULL";"a0060";"a0060-t1";"2026-02-18 01:11:05.656";"10,69";"NULL";"STAKE";"SUCCESSFUL"
"2026-02-25 11:31:58.572";"a-pk-00000005";"rec-5";"2026-06-30 23:59:59.000";"a";"ds-a0060";"NULL";"a0060";"a0060-t2";"2026-02-25 11:31:58.572";"13,21";"CREDIT_CARD";"DEPOSIT";"SUCCESSFUL"
"2026-01-22 04:06:14.843";"a-pk-00000006";"rec-6";"2026-06-30 23:59:59.000";"a";"ds-a0060";"NULL";"a0060";"a0060-t3";"2026-01-22 04:06:14.843";"13,55";"NULL";"STAKE";"UNSUCCESSFUL"
"2026-02-27 23:25:38.589";"a-pk-00000007";"rec-7";"2026-06-30 23:59:59.000";"a";"ds-a0060";"NULL";"a0060";"a0060-t4";"2026-02-27 23:25:38.589";"1,26";"BANK_TRANSFER";"DEPOSIT";"SUCCESSFUL"
"2026-04-26 11:37:36.313";"a-pk-00000008";"rec-8";"2026-06-30 23:59:59.000";"a";"ds-a0060";"NULL";"a0060";"a0060-t5";"2026-04-26 11:37:36.313";"14,26";"NULL";"OTHER";"SUCCESSFUL"
"2026-02-16 05:17:20.965";"b-pk-00000003";"rec-3";"2026-06-30 23:59:59.000";"b";"ds-b0061";"NULL";"b0061";"b0061-t0";"2026-02-16 05:17:20.965";"7,56";"ELECTRONIC_MONEY";"DEPOSIT";"UNSUCCESSFUL"
"2026-03-22 12:20:59.769";"b-pk-00000004";"rec-4";"2026-06-30 23:59:59.000";"b";"ds-b0061";"NULL";"b0061";"b0061-t1";"2026-03-22 12:20:59.769";"8,33";"NULL";"OTHER";"UNSUCCESSFUL"
"2026-03-17 14:32:18.602";"b-pk-00000005";"rec-5";"2026-06-30 23:59:59.000";"b";"ds-b0061";"NULL";"b0061";"b0061-t2";"2026-03-17 14:32:18.602";"9,09";"NULL";"OTHER";"SUCCESSFUL"
"2026-03-23 11:53:07.022";"b-pk-00000006";"rec-6";"2026-06-30 23:59:59.000";"b";"ds-b0061";"NULL";"b0061";"b0061-t3";"2026-03-23 11:53:07.022";"6,83";"NULL";"STAKE";"SUCCESSFUL"
"2026-04-19 04:36:26.334";"b-pk-00000007";"rec-7";"2026-06-30 23:59:59.000";"b";"ds-b0061";"NULL";"b0061";"b0061-t4";"2026-04-19 04:36:26.334";"8,28";"NULL";"STAKE";"SUCCESSFUL"
"2026-02-27 21:03:55.431";"b-pk-00000008";"rec-8";"2026-06-30 23:59:59.000";"b";"ds-b0061";"NULL";"b0061";"b0061-t5";"2026-02-27 21:03:55.431";"15,55";"NULL";"WITHDRAWAL";"UNSUCCESSFUL"
"2026-04-06 19:14:47.327";"b-pk-00000009";"rec-9";"2026-06-30 23:59:59.000";"b";"ds-b0061";"NULL";"b0061";"b0061-t6";"2026-04-06 19:14:47.327";"14,34";"NULL";"WITHDRAWAL";"UNSUCCESSFUL"
"2026-02-09 21:56:17.887";"b-pk-00000010";"rec-10";"2026-06-30 23:59:59.000";"b";"ds-b0061";"NULL";"b0061";"b0061-t7";"2026-02-09 21:56:17.887";"3,63";"NULL";"STAKE";"SUCCESSFUL"
"2026-03-14 21:23:57.004";"b-pk-00000011";"rec-11";"2026-06-30 23:59:59.000";"b";"ds-b0061";"NULL";"b0061";"b0061-t8";"2026-03-14 21:23:57.004";"4,53";"NULL";"STAKE";"SUCCESSFUL"
"2026-04-15 17:54:44.957";"b-pk-00000012";"rec-12";"2026-06-30 23:59:59.000";"b";"ds-b0061";"NULL";"b0061";"b0061-t9";"2026-04-15 17:54:44.957";"17,24";"NULL";"STAKE";"SUCCESSFUL"
"2026-03-16 23:36:29.878";"b-pk-00000013";"rec-13";"2026-06-30 23:59:59.000";"b";"ds-b0061";"NULL";"b0061";"b0061-t10";"2026-03-16 23:36:29.878";"17,67";"NULL";"STAKE";"SUCCESSFUL"
"2026-03-23 20:03:29.024";"b-pk-00000014";"rec-14";"2026-06-30 23:59:59.000";"b";"ds-b0061";"NULL";"b0061";"b0061-t11";"2026-03-23 20:03:29.024";"4,87";"ELECTRONIC_MONEY";"DEPOSIT";"SUCCESSFUL"
"2026-03-05 21:24:43.729";"c-pk-00000003";"rec-3";"2026-06-30 23:59:59.000";"c";"ds-c0062";"NULL";"c0062";"c0062-t0";"2026-03-05 21:24:43.729";"29,80";"OTHER";"DEPOSIT";"SUCCESSFUL"
"2026-02-05 02:37:04.778";"c-pk-00000004";"rec-4";"2026-06-30 23:59:59.000";"c";"ds-c0062";"NULL";"c0062";"c0062-t1";"2026-02-05 02:37:04.778";"21,41";"NULL";"OTHER";"SUCCESSFUL"
"2026-03-23 09:30:42.249";"c-pk-00000005";"rec-5";"2026-06-30 23:59:59.000";"c";"ds-c0062";"NULL";"c0062";"c0062-t2";"2026-03-23 09:30:42.249";"34,29";"NULL";"STAKE";"SUCCESSFUL"
"2026-01-03 10:02:47.718";"c-pk-00000006";"rec-6";"2026-06-30 23:59:59.000";"c";"ds-c0062";"NULL";"c0062";"c0062-t3";"2026-01-03 10:02:47.718";"8,60";"NULL";"STAKE";"SUCCESSFUL"
"2026-02-14 00:01:32.033";"c-pk-00000007";"rec-7";"2026-06-30 23:59:59.000";"c";"ds-c0062";"NULL";"c0062";"c0062-t4";"2026-02-14 00:01:32.033";"11,63";"NULL";"STAKE";"SUCCESSFUL"
"2026-02-22 08:54:29.931";"c-pk-00000008";"rec-8";"2026-06-30 23:59:59.000";"c";"ds-c0062";"NULL";"c0062";"c0062-t5";"2026-02-22 08:54:29.931";"27,56";"NULL";"STAKE";"UNSUCCESSFUL"
"2026-02-08 10:18:32.512";"c-pk-00000009";"rec-9";"2026-06-30 23:59:59.000";"c";"ds-c0062";"NULL";"c0062";"c0062-t6";"2026-02-08 10:18:32.512";"57,38";"NULL";"WITHDRAWAL";"SUCCESSFUL"
"2026-01-20 05:06:18.584";"c-pk-00000010";"rec-10";"2026-06-30 23:59:59.000";"c";"ds-c0062";"NULL";"c0062";"c0062-t7";"2026-01-20 05:06:18.584";"32,83";"NULL";"STAKE";"SUCCESSFUL"
"2026-04-08 22:32:59.423";"c-pk-00000011";"rec-11";"2026-06-30 23:59:59.000";"c";"ds-c0062";"NULL";"c0062";"c0062-t8";"2026-04-08 22:32:59.423";"78,81";"NULL";"WITHDRAWAL";"UNSUCCESSFUL"
"2026-02-26 04:01:56.212";"c-pk-00000012";"rec-12";"2026-06-30 23:59:59.000";"c";"ds-c0062";"NULL";"c0062";"c0062-t9";"2026-02-26 04:01:56.212";"8,24";"NULL";"WITHDRAWAL";"UNSUCCESSFUL"
"2026-04-14 11:09:49.530";"c-pk-00000013";"rec-13";"2026-06-30 23:59:59.000";"c";"ds-c0062";"NULL";"c0062";"c0062-t10";"2026-04-14 11:09:49.530";"12,22";"NULL";"WINNING";"UNSUCCESSFUL"
"2026-03-28 18:57:10.737";"c-pk-00000014";"rec-14";"2026-06-30 23:59:59.000";"c";"ds-c0062";"NULL";"c0062";"c0062-t11";"2026-03-28 18:57:10.737";"40,35";"NULL";"STAKE";"SUCCESSFUL"
"2026-01-26 01:44:56.752";"c-pk-00000015";"rec-15";"2026-06-30 23:59:59.000";"c";"ds-c0062";"NULL";"c0062";"c0062-t12";"2026-01-26 01:44:56.752";"54,35";"NULL";"STAKE";"SUCCESSFUL"
"2026-04-22 01:05:19.682";"c-pk-00000016";"rec-16";"2026-06-30 23:59:59.000";"c";"ds-c0062";"NULL";"c0062";"c0062-t13";"2026-04-22 01:05:19.682";"59,96";"CREDIT_CARD";"DEPOSIT";"SUCCESSFUL"
"2026-01-18 10:17:13.843";"c-pk-00000017";"rec-17";"2026-06-30 23:59:59.000";"c";"ds-c0062";"NULL";"c0062";"c0062-t14";"2026-01-18 10:17:13.843";"12,32";"CREDIT_CARD";"DEPOSIT";"UNSUCCESSFUL"
"2026-02-24 01:56:41.712";"c-pk-00000018";"rec-18";"2026-06-30 23:59:59.000";"c";"ds-c0062";"NULL";"c0062";"c0062-t15";"2026-02-24 01:56:41.712";"58,31";"NULL";"OTHER";"SUCCESSFUL"
"2026-04-28 20:58:13.390";"c-pk-00000019";"rec-19";"2026-06-30 23:59:59.000";"c";"ds-c0062";"NULL";"c0062";"c0062-t16";"2026-04-28 20:58:13.390";"48,26";"NULL";"STAKE";"SUCCESSFUL"
"2026-01-02 01:46:02.603";"c-pk-00000020";"rec-20";"2026-06-30 23:59:59.000";"c";"ds-c0062";"NULL";"c0062";"c0062-t17";"2026-01-02 01:46:02.603";"5,14";"NULL";"WINNING";"SUCCESSFUL"
"2026-04-17 03:46:00.828";"c-pk-00000021";"rec-21";"2026-06-30 23:59:59.000";"c";"ds-c0062";"NULL";"c0062";"c0062-t18";"2026-04-17 03:46:00.828";"75,30";"CREDIT_CARD";"DEPOSIT";"SUCCESSFUL"
"2026-02-11 22:17:04.343";"c-pk-00000022";"rec-22";"2026-06-30 23:59:59.000";"c";"ds-c0062";"NULL";"c0062";"c0062-t19";"2026-02-11 22:17:04.343";"43,96";"NULL";"STAKE";"SUCCESSFUL"
"2026-01-20 23:14:03.945";"c-pk-00000023";"rec-23";"2026-06-30 23:59:59.000";"c";"ds-c0062";"NULL";"c0062";"c0062-t20";"2026-01-20 23:14:03.945";"21,74";"NULL";"STAKE";"SUCCESSFUL"
"2026-04-14 02:15:49.427";"c-pk-00000024";"rec-24";"2026-06-30 23:59:59.000";"c";"ds-c0062";"NULL";"c0062";"c0062-t21";"2026-04-14 02:15:49.427";"32,12";"NULL";"STAKE";"SUCCESSFUL"
"2026-01-05 04:43:40.439";"c-pk-00000025";"rec-25";"2026-06-30 23:59:59.000";"c";"ds-c0062";"NULL";"c0062";"c0062-t22";"2026-01-05 04:43:40.439";"42,07";"NULL";"STAKE";"SUCCESSFUL"
"2026-03-25 14:57:44.262";"c-pk-00000026";"rec-26";"2026-06-30 23:59:59.000";"c";"ds-c0062";"NULL";"c0062";"c0062-t23";"2026-03-25 14:57:44.262";"61,76";"NULL";"WITHDRAWAL";"SUCCESSFUL"
"2026-04-12 11:28:24.477";"a-pk-00000003";"rec-3";"2026-06-30 23:59:59.000";"a";"ds-a0063";"NULL";"a0063";"a0063-t0";"2026-04-12 11:28:24.477";"4,51";"CREDIT_CARD";"DEPOSIT";"SUCCESSFUL"
"2026-03-19 00:47:18.643";"a-pk-00000004";"rec-4";"2026-06-30 23:59:59.000";"a";"ds-a0063";"NULL";"a0063";"a0063-t1";"2026-03-19 00:47:18.643";"5,92";"NULL";"WINNING";"SUCCESSFUL"
"2026-02-21 09:15:27.904";"a-pk-00000005";"rec-5";"2026-06-30 23:59:59.000";"a";"ds-a0063";"NULL";"a0063";"a0063-t2";"2026-02-21 09:15:27.904";"12,69";"NULL";"STAKE";"SUCCESSFUL"
"2026-01-02 21:41:54.160";"a-pk-00000006";"rec-6";"2026-06-30 23:59:59.000";"a";"ds-a0063";"NULL";"a0063";"a0063-t3";"2026-01-02 21:41:54.160";"13,62";"NULL";"OTHER";"UNSUCCESSFUL"
"2026-01-11 00:26:09.699";"a-pk-00000007";"rec-7";"2026-06-30 23:59:59.000";"a";"ds-a0063";"NULL";"a0063";"a0063-t4";"2026-01-11 00:26:09.699";"12,11";"NULL";"STAKE";"UNSUCCESSFUL"
"2026-04-26 10:51:04.931";"a-pk-00000008";"rec-8";"2026-06-30 23:59:59.000";"a";"ds-a0063";"NULL";"a0063";"a0063-t5";"2026-04-26 10:51:04.931";"9,59";"NULL";"STAKE";"SUCCESSFUL"
"2026-04-05 21:39:05.761";"a-pk-00000009";"rec-9";"2026-06-30 23:59:59.000";"a";"ds-a0063";"NULL";"a0063";"a0063-t6";"2026-04-05 21:39:05.761";"2,02";"NULL";"STAKE";"UNSUCCESSFUL"
"2026-02-06 03:37:35.252";"a-pk-00000010";"rec-10";"2026-06-30 23:59:59.000";"a";"ds-a0063";"NULL";"a0063";"a0063-t7";"2026-02-06 03:37:35.252";"8,54";"CREDIT_CARD";"DEPOSIT";"SUCCESSFUL"
"2026-04-21 01:54:52.491";"b-pk-00000003";"rec-3";"2026-06-30 23:59:59.000";"b";"ds-b0064";"NULL";"b0064";"b0064-t0";"2026-04-21 01:54:52.491";"7,36";"NULL";"WINNING";"UNSUCCESSFUL"
"2026-03-27 18:30:57.291";"b-pk-00000004";"rec-4";"2026-06-30 23:59:59.000";"b";"ds-b0064";"NULL";"b0064";"b0064-t1";"2026-03-27 18:30:57.291";"12,05";"NULL";"STAKE";"UNSUCCESSFUL"
"2026-01-11 05:59:55.138";"b-pk-00000005";"rec-5";"2026-06-30 23:59:59.000";"b";"ds-b0064";"NULL";"b0064";"b0064-t2";"2026-01-11 05:59:55.138";"3,02";"NULL";"STAKE";"SUCCESSFUL"
"2026-04-26 10:26:22.529";"b-pk-00000006";"rec-6";"2026-06-30 23:59:59.000";"b";"ds-b0064";"NULL";"b0064";"b0064-t3";"2026-04-26 10:26:22.529";"15,02";"CREDIT_CARD";"DEPOSIT";"SUCCESSFUL"
"2026-04-07 20:51:43.874";"b-pk-00000007";"rec-7";"2026-06-30 23:59:59.000";"b";"ds-b0064";"NULL";"b0064";"b0064-t4";"2026-04-07 20:51:43.874";"19,19";"NULL";"STAKE";"SUCCESSFUL"
"2026-02-04 13:12:53.096";"b-pk-00000008";"rec-8";"2026-06-30 23:59:59.000";"b";"ds-b0064";"NULL";"b0064";"b0064-t5";"2026-02-04 13:12:53.096";"4,20";"NULL";"STAKE";"UNSUCCESSFUL"
"2026-03-03 02:40:52.554";"c-pk-00000003";"rec-3";"2026-06-30 23:59:59.000";"c";"ds-c0065";"NULL";"c0065";"c0065-t0";"2026-03-03 02:40:52.554";"15,87";"NULL";"STAKE";"SUCCESSFUL"
"2026-01-27 19:50:14.802";"c-pk-00000004";"rec-4";"2026-06-30 23:59:59.000";"c";"ds-c0065";"NULL";"c0065";"c0065-t1";"2026-01-27 19:50:14.802";"16,09";"NULL";"STAKE";"SUCCESSFUL"
"2026-02-10 00:24:27.689";"c-pk-00000005";"rec-5";"2026-06-30 23:59:59.000";"c";"ds-c0065";"NULL";"c0065";"c0065-t2";"2026-02-10 00:24:27.689";"4,38";"NULL";"STAKE";"SUCCESSFUL"
"2026-02-07 09:43:33.551";"c-pk-00000006";"rec-6";"2026-06-30 23:59:59.000";"c";"ds-c0065";"NULL";"c0065";"c0065-t3";"2026-02-07 09:43:33.551";"12,49";"ELECTRONIC_MONEY";"DEPOSIT";"SUCCESSFUL"
"2026-03-04 23:33:24.446";"c-pk-00000007";"rec-7";"2026-06-30 23:59:59.000";"c";"ds-c0065";"NULL";"c0065";"c0065-t4";"2026-03-04 23:33:24.446";"18,15";"BANK_TRANSFER";"DEPOSIT";"SUCCESSFUL"
"2026-03-26 09:11:18.255";"c-pk-00000008";"rec-8";"2026-06-30 23:59:59.000";"c";"ds-c0065";"NULL";"c0065";"c0065-t5";"2026-03-26 09:11:18.255";"14,82";"NULL";"STAKE";"SUCCESSFUL"
"2026-03-21 07:18:53.514";"a-pk-00000003";"rec-3";"2026-06-30 23:59:59.000";"a";"ds-a0066";"NULL";"a0066";"a0066-t0";"2026-03-21 07:18:53.514";"14,54";"NULL";"STAKE";"SUCCESSFUL"
"2026-02-15 23:29:50.259";"a-pk-00000004";"rec-4";"2026-06-30 23:59:59.000";"a";"ds-a0066";"NULL";"a0066";"a0066-t1";"2026-02-15 23:29:50.259";"17,69";"NULL";"STAKE";"SUCCESSFUL"
"2026-02-16 12:29:26.570";"a-pk-00000005";"rec-5";"2026-06-30 23:59:59.000";"a";"ds-a0066";"NULL";"a0066";"a0066-t2";"2026-02-16 12:29:26.570";"10,03";"NULL";"OTHER";"SUCCESSFUL"
"2026-02-01 15:26:29.363";"a-pk-00000006";"rec-6";"2026-06-30 23:59:59.000";"a";"ds-a0066";"NULL";"a0066";"a0066-t3";"2026-02-01 15:26:29.363";"2,53";"OTHER";"DEPOSIT";"SUCCESSFUL"
"2026-01-03 10:48:30.784";"a-pk-00000007";"rec-7";"2026-06-30 23:59:59.000";"a";"ds-a0066";"NULL";"a0066";"a0066-t4";"2026-01-03 10:48:30.784";"4,95";"ELECTRONIC_MONEY";"DEPOSIT";"SUCCESSFUL"
"2026-01-26 01:41:45.047";"a-pk-00000008";"rec-8";"2026-06-30 23:59:59.000";"a";"ds-a0066";"NULL";"a0066";"a0066-t5";"2026-01-26 01:41:45.047";"11,85";"NULL";"STAKE";"SUCCESSFUL"
"2026-04-12 12:22:46.518";"a-pk-00000009";"rec-9";"2026-06-30 23:59:59.000";"a";"ds-a0066";"NULL";"a0066";"a0066-t6";"2026-04-12 12:22:46.518";"3,85";"NULL";"WINNING";"SUCCESSFUL"
"2026-03-08 16:51:21.670";"a-pk-00000010";"rec-10";"2026-06-30 23:59:59.000";"a";"ds-a0066";"NULL";"a0066";"a0066-t7";"2026-03-08 16:51:21.670";"13,49";"NULL";"WINNING";"SUCCESSFUL"
"2026-02-07 21:08:26.440";"a-pk-00000011";"rec-11";"2026-06-30 23:59:59.000";"a";"ds-a0066";"NULL";"a0066";"a0066-t8";"2026-02-07 21:08:26.440";"19,69";"CREDIT_CARD";"DEPOSIT";"SUCCESSFUL"
"2026-01-28 18:47:05.071";"a-pk-00000012";"rec-12";"2026-06-30 23:59:59.000";"a";"ds-a0066";"NULL";"a0066";"a0066-t9";"2026-01-28 18:47:05.071";"2,14";"ELECTRONIC_MONEY";"DEPOSIT";"SUCCESSFUL"
"2026-03-27 13:04:05.614";"a-pk-00000013";"rec-13";"2026-06-30 23:59:59.000";"a";"ds-a0066";"NULL";"a0066";"a0066-t10";"2026-03-27 13:04:05.614";"14,10";"NULL";"STAKE";"UNSUCCESSFUL"
"2026-01-03 17:06:43.908";"a-pk-00000014";"rec-14";"2026-06-30 23:59:59.000";"a";"ds-a0066";"NULL";"a0066";"a0066-t11";"2026-01-03 17:06:43.908";"7,05";"NULL";"WITHDRAWAL";"SUCCESSFUL"
"2026-03-15 04:35:15.602";"b-pk-00000003";"rec-3";"2026-06-30 23:59:59.000";"b";"ds-b0067";"NULL";"b0067";"b0067-t0";"2026-03-15 04:35:15.602";"7,81";"NULL";"STAKE";"SUCCESSFUL"
"2026-04-16 06:40:03.839";"b-pk-00000004";"rec-4";"2026-06-30 23:59:59.000";"b";"ds-b0067";"NULL";"b0067";"b0067-t1";"2026-04-16 06:40:03.839";"11,72";"NULL";"OTHER";"SUCCESSFUL"
"2026-04-16 00:51:35.261";"b-pk-00000005";"rec-5";"2026-06-30 23:59:59.000";"b";"ds-b0067";"NULL";"b0067";"b0067-t2";"2026-04-16 00:51:35.261";"17,43";"OTHER";"DEPOSIT";"UNSUCCESSFUL"
"2026-03-13 22:42:09.607";"b-pk-00000006";"rec-6";"2026-06-30 23:59:59.000";"b";"ds-b0067";"NULL";"b0067";"b0067-t3";"2026-03-13 22:42:09.607";"17,93";"NULL";"WITHDRAWAL";"SUCCESSFUL"
"2026-02-28 05:33:57.168";"b-pk-00000007";"rec-7";"2026-06-30 23:59:59.000";"b";"ds-b0067";"NULL";"b0067";"b0067-t4";"2026-02-28 05:33:57.168";"14,62";"NULL";"WINNING";"SUCCESSFUL"
"2026-02-05 23:00:53.596";"c-pk-00000003";"rec-3";"2026-06-30 23:59:59.000";"c";"ds-c0068";"NULL";"c0068";"c0068-t0";"2026-02-05 23:00:53.596";"21,98";"NULL";"WITHDRAWAL";"SUCCESSFUL"
"2026-02-10 03:22:13.368";"c-pk-00000004";"rec-4";"2026-06-30 23:59:59.000";"c";"ds-c0068";"NULL";"c0068";"c0068-t1";"2026-02-10 03:22:13.368";"47,91";"NULL";"STAKE";"UNSUCCESSFUL"
"2026-01-22 01:07:07.972";"c-pk-00000005";"rec-5";"2026-06-30 23:59:59.000";"c";"ds-c0068";"NULL";"c0068";"c0068-t2";"2026-01-22 01:07:07.972";"27,31";"BANK_TRANSFER";"DEPOSIT";"UNSUCCESSFUL"
"2026-02-25 09:39:16.246";"c-pk-00000006";"rec-6";"2026-06-30 23:59:59.000";"c";"ds-c0068";"NULL";"c0068";"c0068-t3";"2026-02-25 09:39:16.246";"53,39";"NULL";"STAKE";"SUCCESSFUL"
"2026-04-05 05:22:23.479";"c-pk-00000007";"rec-7";"2026-06-30 23:59:59.000";"c";"ds-c0068";"NULL";"c0068";"c0068-t4";"2026-04-05 05:22:23.479";"76,99";"NULL";"WINNING";"SUCCESSFUL"
"2026-01-08 10:17:41.989";"c-pk-00000008";"rec-8";"2026-06-30 23:59:59.000";"c";"ds-c0068";"NULL";"c0068";"c0068-t5";"2026-01-08 10:17:41.989";"58,77";"NULL";"STAKE";"UNSUCCESSFUL"
"2026-04-18 10:56:41.383";"c-pk-00000009";"rec-9";"2026-06-30 23:59:59.000";"c";"ds-c0068";"NULL";"c0068";"c0068-t6";"2026-04-18 10:56:41.383";"37,94";"NULL";"STAKE";"SUCCESSFUL"
"2026-02-18 11:23:22.565";"c-pk-00000010";"rec-10";"2026-06-30 23:59:59.000";"c";"ds-c0068";"NULL";"c0068";"c0068-t7";"2026-02-18 11:23:22.565";"2,39";"BANK_TRANSFER";"DEPOSIT";"UNSUCCESSFUL"
"2026-03-27 15:23:59.513";"c-pk-00000011";"rec-11";"2026-06-30 23:59:59.000";"c";"ds-c0068";"NULL";"c0068";"c0068-t8";"2026-03-27 15:23:59.513";"8,72";"NULL";"WINNING";"UNSUCCESSFUL"
"2026-02-26 16:49:58.268";"c-pk-00000012";"rec-12";"2026-06-30 23:59:59.000";"c";"ds-c0068";"NULL";"c0068";"c0068-t9";"2026-02-26 16:49:58.268";"50,62";"NULL";"STAKE";"SUCCESSFUL"
"2026-04-06 07:13:47.753";"c-pk-00000013";"rec-13";"2026-06-30 23:59:59.000";"c";"ds-c0068";"NULL";"c0068";"c0068-t10";"2026-04-06 07:13:47.753";"52,76";"NULL";"WINNING";"SUCCESSFUL"
"2026-03-01 14:06:16.410";"c-pk-00000014";"rec-14";"2026-06-30 23:59:59.000";"c";"ds-c0068";"NULL";"c0068";"c0068-t11";"2026-03-01 14:06:16.410";"64,74";"NULL";"STAKE";"UNSUCCESSFUL"
"2026-01-09 23:31:42.604";"c-pk-00000015";"rec-15";"2026-06-30 23:59:59.000";"c";"ds-c0068";"NULL";"c0068";"c0068-t12";"2026-01-09 23:31:42.604";"39,64";"NULL";"STAKE";"SUCCESSFUL"
"2026-01-18 11:45:20.585";"c-pk-00000016";"rec-16";"2026-06-30 23:59:59.000";"c";"ds-c0068";"NULL";"c0068";"c0068-t13";"2026-01-18 11:45:20.585";"27,86";"NULL";"OTHER";"SUCCESSFUL"
"2026-02-16 09:23:45.784";"c-pk-00000017";"rec-17";"2026-06-30 23:59:59.000";"c";"ds-c0068";"NULL";"c0068";"c0068-t14";"2026-02-16 09:23:45.784";"32,79";"NULL";"STAKE";"SUCCESSFUL"
"2026-02-20 12:06:01.079";"c-pk-00000018";"rec-18";"2026-06-30 23:59:59.000";"c";"ds-c0068";"NULL";"c0068";"c0068-t15";"2026-02-20 12:06:01.079";"37,35";"NULL";"STAKE";"SUCCESSFUL"
"2026-01-25 03:28:47.036";"c-pk-00000019";"rec-19";"2026-06-30 23:59:59.000";"c";"ds-c0068";"NULL";"c0068";"c0068-t16";"2026-01-25 03:28:47.036";"75,27";"NULL";"WINNING";"UNSUCCESSFUL"
"2026-04-14 04:55:29.327";"a-pk-00000003";"rec-3";"2026-06-30 23:59:59.000";"a";"ds-a0069";"NULL";"a0069";"a0069-t0";"2026-04-14 04:55:29.327";"52,37";"NULL";"WITHDRAWAL";"SUCCESSFUL"
"2026-03-06 12:43:43.584";"a-pk-00000004";"rec-4";"2026-06-30 23:59:59.000";"a";"ds-a0069";"NULL";"a0069";"a0069-t1";"2026-03-06 12:43:43.584";"36,34";"NULL";"WINNING";"SUCCESSFUL"
"2026-01-08 23:25:03.492";"a-pk-00000005";"rec-5";"2026-06-30 23:59:59.000";"a";"ds-a0069";"NULL";"a0069";"a0069-t2";"2026-01-08 23:25:03.492";"43,23";"BANK_TRANSFER";"DEPOSIT";"SUCCESSFUL"
"2026-02-07 00:36:23.519";"a-pk-00000006";"rec-6";"2026-06-30 23:59:59.000";"a";"ds-a0069";"NULL";"a0069";"a0069-t3";"2026-02-07 00:36:23.519";"76,24";"NULL";"WINNING";"SUCCESSFUL"
"2026-02-13 17:45:41.010";"a-pk-00000007";"rec-7";"2026-06-30 23:59:59.000";"a";"ds-a0069";"NULL";"a0069";"a0069-t4";"2026-02-13 17:45:41.010";"34,67";"NULL";"WITHDRAWAL";"SUCCESSFUL"
"2026-03-15 19:09:14.137";"a-pk-00000008";"rec-8";"2026-06-30 23:59:59.000";"a";"ds-a0069";"NULL";"a0069";"a0069-t5";"2026-03-15 19:09:14.137";"32,71";"NULL";"WITHDRAWAL";"SUCCESSFUL"
"2026-03-17 22:06:39.649";"a-pk-00000009";"rec-9";"2026-06-30 23:59:59.000";"a";"ds-a0069";"NULL";"a0069";"a0069-t6";"2026-03-17 22:06:39.649";"37,36";"CREDIT_CARD";"DEPOSIT";"SUCCESSFUL"
"2026-01-19 13:31:38.867";"a-pk-00000010";"rec-10";"2026-06-30 23:59:59.000";"a";"ds-a0069";"NULL";"a0069";"a0069-t7";"2026-01-19 13:31:38.867";"78,06";"ELECTRONIC_MONEY";"DEPOSIT";"SUCCESSFUL"
"2026-03-03 18:08:02.122";"a-pk-00000011";"rec-11";"2026-06-30 23:59:59.000";"a";"ds-a0069";"NULL";"a0069";"a0069-t8";"2026-03-03 18:08:02.122";"68,02";"NULL";"STAKE";"SUCCESSFUL"
"2026-03-05 07:14:45.152";"a-pk-00000012";"rec-12";"2026-06-30 23:59:59.000";"a";"ds-a0069";"NULL";"a0069";"a0069-t9";"2026-03-05 07:14:45.152";"77,59";"NULL";"STAKE";"UNSUCCESSFUL"
"2026-03-19 20:54:12.772";"a-pk-00000013";"rec-13";"2026-06-30 23:59:59.000";"a";"ds-a0069";"NULL";"a0069";"a0069-t10";"2026-03-19 20:54:12.772";"38,65";"NULL";"WITHDRAWAL";"SUCCESSFUL"
"2026-03-21 12:03:00.169";"b-pk-00000003";"rec-3";"2026-06-30 23:59:59.000";"b";"ds-b0070";"NULL";"b0070";"b0070-t0";"2026-03-21 12:03:00.169";"3,42";"CREDIT_CARD";"DEPOSIT";"SUCCESSFUL"
"2026-03-02 11:24:47.479";"b-pk-00000004";"rec-4";"2026-06-30 23:59:59.000";"b";"ds-b0070";"NULL";"b0070";"b0070-t1";"2026-03-02 11:24:47.479";"9,58";"CREDIT_CARD";"DEPOSIT";"SUCCESSFUL"
"2026-03-17 18:47:02.845";"b-pk-00000005";"rec-5";"2026-06-30 23:59:59.000";"b";"ds-b0070";"NULL";"b0070";"b0070-t2";"2026-03-17 18:47:02.845";"5,99";"NULL";"STAKE";"SUCCESSFUL"
"2026-01-11 02:26:25.441";"b-pk-00000006";"rec-6";"2026-06-30 23:59:59.000";"b";"ds-b0070";"NULL";"b0070";"b0070-t3";"2026-01-11 02:26:25.441";"1,83";"NULL";"WINNING";"SUCCESSFUL"
"2026-02-19 04:31:33.566";"b-pk-00000007";"rec-7";"2026-06-30 23:59:59.000";"b";"ds-b0070";"NULL";"b0070";"b0070-t4";"2026-02-19 04:31:33.566";"6,58";"NULL";"WITHDRAWAL";"SUCCESSFUL"
"2026-01-19 17:24:51.198";"b-pk-00000008";"rec-8";"2026-06-30 23:59:59.000";"b";"ds-b0070";"NULL";"b0070";"b0070-t5";"2026-01-19 17:24:51.198";"8,91";"NULL";"STAKE";"SUCCESSFUL"
"2026-04-20 10:53:35.829";"b-pk-00000009";"rec-9";"2026-06-30 23:59:59.000";"b";"ds-b0070";"NULL";"b0070";"b0070-t6";"2026-04-20 10:53:35.829";"16,43";"BANK_TRANSFER";"DEPOSIT";"SUCCESSFUL"
"2026-01-05 05:51:16.710";"b-pk-00000010";"rec-10";"2026-06-30 23:59:59.000";"b";"ds-b0070";"NULL";"b0070";"b0070-t7";"2026-01-05 05:51:16.710";"11,55";"NULL";"STAKE";"SUCCESSFUL"
"2026-04-07 23:04:15.889";"b-pk-00000011";"rec-11";"2026-06-30 23:59:59.000";"b";"ds-b0070";"NULL";"b0070";"b0070-t8";"2026-04-07 23:04:15.889";"9,77";"NULL";"STAKE";"UNSUCCESSFUL"
"2026-03-02 07:04:53.855";"b-pk-00000012";"rec-12";"2026-06-30 23:59:59.000";"b";"ds-b0070";"NULL";"b0070";"b0070-t9";"2026-03-02 07:04:53.855";"17,56";"CREDIT_CARD";"DEPOSIT";"SUCCESSFUL"
"2026-04-20 12:28:59.034";"c-pk-00000003";"rec-3";"2026-06-30 23:59:59.000";"c";"ds-c0071";"NULL";"c0071";"c0071-t0";"2026-04-20 12:28:59.034";"9,18";"BANK_TRANSFER";"DEPOSIT";"SUCCESSFUL"
"2026-01-16 07:52:20.473";"c-pk-00000004";"rec-4";"2026-06-30 23:59:59.000";"c";"ds-c0071";"NULL";"c0071";"c0071-t1";"2026-01-16 07:52:20.473";"12,54";"NULL";"STAKE";"SUCCESSFUL"
"2026-01-13 04:21:01.402";"c-pk-00000005";"rec-5";"2026-06-30 23:59:59.000";"c";"ds-c0071";"NULL";"c0071";"c0071-t2";"2026-01-13 04:21:01.402";"14,25";"NULL";"WITHDRAWAL";"SUCCESSFUL"
"2026-03-25 08:25:19.410";"c-pk-00000006";"rec-6";"2026-06-30 23:59:59.000";"c";"ds-c0071";"NULL";"c0071";"c0071-t3";"2026-03-25 08:25:19.410";"4,96";"NULL";"OTHER";"UNSUCCESSFUL"
"2026-03-22 20:41:20.369";"c-pk-00000007";"rec-7";"2026-06-30 23:59:59.000";"c";"ds-c0071";"NULL";"c0071";"c0071-t4";"2026-03-22 20:41:20.369";"10,23";"ELECTRONIC_MONEY";"DEPOSIT";"SUCCESSFUL"
"2026-02-16 22:53:06.741";"c-pk-00000008";"rec-8";"2026-06-30 23:59:59.000";"c";"ds-c0071";"NULL";"c0071";"c0071-t5";"2026-02-16 22:53:06.741";"11,28";"OTHER";"DEPOSIT";"UNSUCCESSFUL"
"2026-02-12 10:08:38.853";"c-pk-00000009";"rec-9";"2026-06-30 23:59:59.000";"c";"ds-c0071";"NULL";"c0071";"c0071-t6";"2026-02-12 10:08:38.853";"17,19";"NULL";"OTHER";"SUCCESSFUL"
"2026-01-28 19:07:55.425";"a-pk-00000003";"rec-3";"2026-06-30 23:59:59.000";"a";"ds-a0072";"NULL";"a0072";"a0072-t0";"2026-01-28 19:07:55.425";"14,48";"NULL";"STAKE";"SUCCESSFUL"
"2026-04-20 12:53:35.482";"a-pk-00000004";"rec-4";"2026-06-30 23:59:59.000";"a";"ds-a0072";"NULL";"a0072";"a0072-t1";"2026-04-20 12:53:35.482";"14,81";"BANK_TRANSFER";"DEPOSIT";"SUCCESSFUL"
"2026-01-09 11:17:58.258";"a-pk-00000005";"rec-5";"2026-06-30 23:59:59.000";"a";"ds-a0072";"NULL";"a0072";"a0072-t2";"2026-01-09 11:17:58.258";"2,22";"CREDIT_CARD";"DEPOSIT";"UNSUCCESSFUL"
"2026-04-09 18:29:00.031";"a-pk-00000006";"rec-6";"2026-06-30 23:59:59.000";"a";"ds-a0072";"NULL";"a0072";"a0072-t3";"2026-04-09 18:29:00.031";"14,03";"BANK_TRANSFER";"DEPOSIT";"SUCCESSFUL"
"2026-03-18 00:06:21.746";"a-pk-00000007";"rec-7";"2026-06-30 23:59:59.000";"a";"ds-a0072";"NULL";"a0072";"a0072-t4";"2026-03-18 00:06:21.746";"13,46";"NULL";"WINNING";"UNSUCCESSFUL"
"2026-03-26 08:20:29.700";"b-pk-00000003";"rec-3";"2026-06-30 23:59:59.000";"b";"ds-b0073";"NULL";"b0073";"b0073-t0";"2026-03-26 08:20:29.700";"18,11";"NULL";"WINNING";"SUCCESSFUL"
"2026-03-09 03:54:02.462";"b-pk-00000004";"rec-4";"2026-06-30 23:59:59.000";"b";"ds-b0073";"NULL";"b0073";"b0073-t1";"2026-03-09 03:54:02.462";"8,66";"NULL";"WITHDRAWAL";"SUCCESSFUL"
"2026-02-13 20:49:59.351";"b-pk-00000005";"rec-5";"2026-06-30 23:59:59.000";"b";"ds-b0073";"NULL";"b0073";"b0073-t2";"2026-02-13 20:49:59.351";"6,41";"NULL";"WINNING";"SUCCESSFUL"
"2026-04-27 11:36:06.705";"b-pk-00000006";"rec-6";"2026-06-30 23:59:59.000";"b";"ds-b0073";"NULL";"b0073";"b0073-t3";"2026-04-27 11:36:06.705";"8,43";"NULL";"STAKE";"SUCCESSFUL"
"2026-02-20 16:21:40.652";"b-pk-00000007";"rec-7";"2026-06-30 23:59:59.000";"b";"ds-b0073";"NULL";"b0073";"b0073-t4";"2026-02-20 16:21:40.652";"14,50";"CREDIT_CARD";"DEPOSIT";"UNSUCCESSFUL"
"2026-04-12 16:54:20.461";"b-pk-00000008";"rec-8";"2026-06-30 23:59:59.000";"b";"ds-b0073";"NULL";"b0073";"b0073-t5";"2026-04-12 16:54:20.461";"10,64";"NULL";"WINNING";"SUCCESSFUL"
"2026-04-11 13:42:51.565";"b-pk-00000009";"rec-9";"2026-06-30 23:59:59.000";"b";"ds-b0073";"NULL";"b0073";"b0073-t6";"2026-04-11 13:42:51.565";"2,37";"NULL";"OTHER";"UNSUCCESSFUL"
"2026-04-13 09:30:55.591";"c-pk-00000003";"rec-3";"2026-06-30 23:59:59.000";"c";"ds-c0074";"NULL";"c0074";"c0074-t0";"2026-04-13 09:30:55.591";"67,21";"NULL";"WINNING";"SUCCESSFUL"
"2026-02-04 05:48:48.268";"c-pk-00000004";"rec-4";"2026-06-30 23:59:59.000";"c";"ds-c0074";"NULL";"c0074";"c0074-t1";"2026-02-04 05:48:48.268";"11,55";"BANK_TRANSFER";"DEPOSIT";"SUCCESSFUL"
"2026-03-03 12:50:01.086";"c-pk-00000005";"rec-5";"2026-06-30 23:59:59.000";"c";"ds-c0074";"NULL";"c0074";"c0074-t2";"2026-03-03 12:50:01.086";"46,57";"NULL";"OTHER";"SUCCESSFUL"
"2026-03-18 00:33:28.002";"c-pk-00000006";"rec-6";"2026-06-30 23:59:59.000";"c";"ds-c0074";"NULL";"c0074";"c0074-t3";"2026-03-18 00:33:28.002";"74,55";"NULL";"OTHER";"SUCCESSFUL"
"2026-04-16 03:23:10.040";"c-pk-00000007";"rec-7";"2026-06-30 23:59:59.000";"c";"ds-c0074";"NULL";"c0074";"c0074-t4";"2026-04-16 03:23:10.040";"38,88";"NULL";"STAKE";"SUCCESSFUL"
"2026-01-16 09:03:18.231";"c-pk-00000008";"rec-8";"2026-06-30 23:59:59.000";"c";"ds-c0074";"NULL";"c0074";"c0074-t5";"2026-01-16 09:03:18.231";"18,77";"NULL";"WINNING";"SUCCESSFUL"
"2026-04-15 22:09:41.933";"c-pk-00000009";"rec-9";"2026-06-30 23:59:59.000";"c";"ds-c0074";"NULL";"c0074";"c0074-t6";"2026-04-15 22:09:41.933";"24,20";"NULL";"WINNING";"SUCCESSFUL"
"2026-03-03 02:02:59.848";"c-pk-00000010";"rec-10";"2026-06-30 23:59:59.000";"c";"ds-c0074";"NULL";"c0074";"c0074-t7";"2026-03-03 02:02:59.848";"46,08";"NULL";"WINNING";"SUCCESSFUL"
"2026-04-02 03:31:35.754";"c-pk-00000011";"rec-11";"2026-06-30 23:59:59.000";"c";"ds-c0074";"NULL";"c0074";"c0074-t8";"2026-04-02 03:31:35.754";"29,61";"ELECTRONIC_MONEY";"DEPOSIT";"SUCCESSFUL"
"2026-02-12 21:18:36.484";"c-pk-00000012";"rec-12";"2026-06-30 23:59:59.000";"c";"ds-c0074";"NULL";"c0074";"c0074-t9";"2026-02-12 21:18:36.484";"13,91";"NULL";"STAKE";"SUCCESSFUL"
"2026-02-02 02:00:43.176";"c-pk-00000013";"rec-13";"2026-06-30 23:59:59.000";"c";"ds-c0074";"NULL";"c0074";"c0074-t10";"2026-02-02 02:00:43.176";"49,99";"NULL";"WINNING";"UNSUCCESSFUL"
"2026-03-19 18:43:53.285";"a-pk-00000003";"rec-3";"2026-06-30 23:59:59.000";"a";"ds-a0075";"NULL";"a0075";"a0075-t0";"2026-03-19 18:43:53.285";"19,22";"OTHER";"DEPOSIT";"SUCCESSFUL"
"2026-04-01 20:35:38.330";"a-pk-00000004";"rec-4";"2026-06-30 23:59:59.000";"a";"ds-a0075";"NULL";"a0075";"a0075-t1";"2026-04-01 20:35:38.330";"4,92";"CREDIT_CARD";"DEPOSIT";"SUCCESSFUL"
"2026-01-08 07:36:32.029";"a-pk-00000005";"rec-5";"2026-06-30 23:59:59.000";"a";"ds-a0075";"NULL";"a0075";"a0075-t2";"2026-01-08 07:36:32.029";"14,18";"NULL";"OTHER";"SUCCESSFUL"
"2026-04-03 12:09:34.229";"a-pk-00000006";"rec-6";"2026-06-30 23:59:59.000";"a";"ds-a0075";"NULL";"a0075";"a0075-t3";"2026-04-03 12:09:34.229";"5,71";"NULL";"WINNING";"UNSUCCESSFUL"
"2026-01-11 17:49:04.039";"a-pk-00000007";"rec-7";"2026-06-30 23:59:59.000";"a";"ds-a0075";"NULL";"a0075";"a0075-t4";"2026-01-11 17:49:04.039";"11,28";"NULL";"STAKE";"SUCCESSFUL"
"2026-03-27 06:13:29.286";"a-pk-00000008";"rec-8";"2026-06-30 23:59:59.000";"a";"ds-a0075";"NULL";"a0075";"a0075-t5";"2026-03-27 06:13:29.286";"16,92";"NULL";"OTHER";"SUCCESSFUL"
"2026-04-01 04:40:41.460";"a-pk-00000009";"rec-9";"2026-06-30 23:59:59.000";"a";"ds-a0075";"NULL";"a0075";"a0075-t6";"2026-04-01 04:40:41.460";"10,33";"NULL";"STAKE";"UNSUCCESSFUL"
"2026-03-13 11:38:27.675";"a-pk-00000010";"rec-10";"2026-06-30 23:59:59.000";"a";"ds-a0075";"NULL";"a0075";"a0075-t7";"2026-03-13 11:38:27.675";"12,80";"OTHER";"DEPOSIT";"SUCCESSFUL"
"2026-04-11 18:21:39.583";"a-pk-00000011";"rec-11";"2026-06-30 23:59:59.000";"a";"ds-a0075";"NULL";"a0075";"a0075-t8";"2026-04-11 18:21:39.583";"8,05";"NULL";"STAKE";"SUCCESSFUL"
"2026-03-11 10:45:40.276";"b-pk-00000003";"rec-3";"2026-06-30 23:59:59.000";"b";"ds-b0076";"NULL";"b0076";"b0076-t0";"2026-03-11 10:45:40.276";"30,95";"BANK_TRANSFER";"DEPOSIT";"SUCCESSFUL"
"2026-04-17 07:24:32.771";"b-pk-00000004";"rec-4";"2026-06-30 23:59:59.000";"b";"ds-b0076";"NULL";"b0076";"b0076-t1";"2026-04-17 07:24:32.771";"21,18";"ELECTRONIC_MONEY";"DEPOSIT";"UNSUCCESSFUL"
"2026-03-26 00:12:18.898";"b-pk-00000005";"rec-5";"2026-06-30 23:59:59.000";"b";"ds-b0076";"NULL";"b0076";"b0076-t2";"2026-03-26 00:12:18.898";"64,14";"NULL";"STAKE";"SUCCESSFUL"
"2026-03-09 10:54:36.362";"b-pk-00000006";"rec-6";"2026-06-30 23:59:59.000";"b";"ds-b0076";"NULL";"b0076";"b0076-t3";"2026-03-09 10:54:36.362";"54,29";"NULL";"STAKE";"UNSUCCESSFUL"
"2026-02-01 02:05:38.978";"b-pk-00000007";"rec-7";"2026-06-30 23:59:59.000";"b";"ds-b0076";"NULL";"b0076";"b0076-t4";"2026-02-01 02:05:38.978";"33,68";"ELECTRONIC_MONEY";"DEPOSIT";"SUCCESSFUL"
"2026-02-08 16:24:51.601";"b-pk-00000008";"rec-8";"2026-06-30 23:59:59.000";"b";"ds-b0076";"NULL";"b0076";"b0076-t5";"2026-02-08 16:24:51.601";"38,25";"NULL";"STAKE";"SUCCESSFUL"
"2026-01-21 23:49:28.761";"b-pk-00000009";"rec-9";"2026-06-30 23:59:59.000";"b";"ds-b0076";"NULL";"b0076";"b0076-t6";"2026-01-21 23:49:28.761";"69,91";"NULL";"WINNING";"SUCCESSFUL"
"2026-02-18 11:42:50.895";"b-pk-00000010";"rec-10";"2026-06-30 23:59:59.000";"b";"ds-b0076";"NULL";"b0076";"b0076-t7";"2026-02-18 11:42:50.895";"5,37";"NULL";"STAKE";"SUCCESSFUL"
"2026-04-01 18:12:16.030";"b-pk-00000011";"rec-11";"2026-06-30 23:59:59.000";"b";"ds-b0076";"NULL";"b0076";"b0076-t8";"2026-04-01 18:12:16.030";"62,69";"NULL";"WITHDRAWAL";"SUCCESSFUL"
"2026-03-02 17:07:04.193";"b-pk-00000012";"rec-12";"2026-06-30 23:59:59.000";"b";"ds-b0076";"NULL";"b0076";"b0076-t9";"2026-03-02 17:07:04.193";"33,54";"NULL";"STAKE";"SUCCESSFUL"
"2026-01-08 08:52:33.643";"b-pk-00000013";"rec-13";"2026-06-30 23:59:59.000";"b";"ds-b0076";"NULL";"b0076";"b0076-t10";"2026-01-08 08:52:33.643";"20,90";"NULL";"WITHDRAWAL";"SUCCESSFUL"
"2026-04-27 14:02:00.707";"b-pk-00000014";"rec-14";"2026-06-30 23:59:59.000";"b";"ds-b0076";"NULL";"b0076";"b0076-t11";"2026-04-27 14:02:00.707";"34,18";"OTHER";"DEPOSIT";"SUCCESSFUL"
"2026-03-23 03:19:51.185";"b-pk-00000015";"rec-15";"2026-06-30 23:59:59.000";"b";"ds-b0076";"NULL";"b0076";"b0076-t12";"2026-03-23 03:19:51.185";"47,92";"NULL";"WINNING";"SUCCESSFUL"
"2026-04-17 16:23:39.209";"c-pk-00000003";"rec-3";"2026-06-30 23:59:59.000";"c";"ds-c0077";"NULL";"c0077";"c0077-t0";"2026-04-17 16:23:39.209";"6,00";"NULL";"STAKE";"SUCCESSFUL"
"2026-02-21 18:02:14.617";"c-pk-00000004";"rec-4";"2026-06-30 23:59:59.000";"c";"ds-c0077";"NULL";"c0077";"c0077-t1";"2026-02-21 18:02:14.617";"9,68";"NULL";"STAKE";"UNSUCCESSFUL"
"2026-02-22 06:05:44.381";"c-pk-00000005";"rec-5";"2026-06-30 23:59:59.000";"c";"ds-c0077";"NULL";"c0077";"c0077-t2";"2026-02-22 06:05:44.381";"1,43";"NULL";"OTHER";"SUCCESSFUL"
"2026-03-25 18:52:43.430";"c-pk-00000006";"rec-6";"2026-06-30 23:59:59.000";"c";"ds-c0077";"NULL";"c0077";"c0077-t3";"2026-03-25 18:52:43.430";"19,32";"BANK_TRANSFER";"DEPOSIT";"SUCCESSFUL"
"2026-01-05 10:00:25.446";"c-pk-00000007";"rec-7";"2026-06-30 23:59:59.000";"c";"ds-c0077";"NULL";"c0077";"c0077-t4";"2026-01-05 10:00:25.446";"9,25";"NULL";"WINNING";"UNSUCCESSFUL"
"2026-01-13 20:29:14.304";"c-pk-00000008";"rec-8";"2026-06-30 23:59:59.000";"c";"ds-c0077";"NULL";"c0077";"c0077-t5";"2026-01-13 20:29:14.304";"10,39";"NULL";"WINNING";"UNSUCCESSFUL"
"2026-03-27 18:36:43.544";"c-pk-00000009";"rec-9";"2026-06-30 23:59:59.000";"c";"ds-c0077";"NULL";"c0077";"c0077-t6";"2026-03-27 18:36:43.544";"9,14";"ELECTRONIC_MONEY";"DEPOSIT";"SUCCESSFUL"
"2026-01-24 00:14:33.342";"c-pk-00000010";"rec-10";"2026-06-30 23:59:59.000";"c";"ds-c0077";"NULL";"c0077";"c0077-t7";"2026-01-24 00:14:33.342";"4,52";"NULL";"WINNING";"SUCCESSFUL"
"2026-04-06 04:06:20.360";"c-pk-00000011";"rec-11";"2026-06-30 23:59:59.000";"c";"ds-c0077";"NULL";"c0077";"c0077-t8";"2026-04-06 04:06:20.360";"11,75";"NULL";"WITHDRAWAL";"UNSUCCESSFUL"
"2026-04-10 06:36:43.424";"c-pk-00000012";"rec-12";"2026-06-30 23:59:59.000";"c";"ds-c0077";"NULL";"c0077";"c0077-t9";"2026-04-10 06:36:43.424";"5,33";"BANK_TRANSFER";"DEPOSIT";"SUCCESSFUL"
"2026-03-01 06:35:36.356";"c-pk-00000013";"rec-13";"2026-06-30 23:59:59.000";"c";"ds-c0077";"NULL";"c0077";"c0077-t10";"2026-03-01 06:35:36.356";"7,09";"NULL";"OTHER";"SUCCESSFUL"
"2026-04-16 11:33:35.357";"a-pk-00000003";"rec-3";"2026-06-30 23:59:59.000";"a";"ds-a0078";"NULL";"a0078";"a0078-t0";"2026-04-16 11:33:35.357";"8,32";"OTHER";"DEPOSIT";"SUCCESSFUL"
"2026-04-13 03:04:44.940";"a-pk-00000004";"rec-4";"2026-06-30 23:59:59.000";"a";"ds-a0078";"NULL";"a0078";"a0078-t1";"2026-04-13 03:04:44.940";"18,03";"NULL";"STAKE";"SUCCESSFUL"
"2026-02-24 01:41:14.938";"a-pk-00000005";"rec-5";"2026-06-30 23:59:59.000";"a";"ds-a0078";"NULL";"a0078";"a0078-t2";"2026-02-24 01:41:14.938";"2,13";"NULL";"WITHDRAWAL";"UNSUCCESSFUL"
"2026-03-03 13:20:31.689";"a-pk-00000006";"rec-6";"2026-06-30 23:59:59.000";"a";"ds-a0078";"NULL";"a0078";"a0078-t3";"2026-03-03 13:20:31.689";"2,77";"NULL";"STAKE";"SUCCESSFUL"
"2026-04-02 20:04:34.083";"a-pk-00000007";"rec-7";"2026-06-30 23:59:59.000";"a";"ds-a0078";"NULL";"a0078";"a0078-t4";"2026-04-02 20:04:34.083";"18,09";"ELECTRONIC_MONEY";"DEPOSIT";"SUCCESSFUL"
"2026-02-07 01:11:20.365";"a-pk-00000008";"rec-8";"2026-06-30 23:59:59.000";"a";"ds-a0078";"NULL";"a0078";"a0078-t5";"2026-02-07 01:11:20.365";"12,09";"NULL";"WITHDRAWAL";"UNSUCCESSFUL"
"2026-02-02 13:50:09.226";"a-pk-00000009";"rec-9";"2026-06-30 23:59:59.000";"a";"ds-a0078";"NULL";"a0078";"a0078-t6";"2026-02-02 13:50:09.226";"3,19";"NULL";"STAKE";"SUCCESSFUL"
"2026-03-20 13:35:42.704";"a-pk-00000010";"rec-10";"2026-06-30 23:59:59.000";"a";"ds-a0078";"NULL";"a0078";"a0078-t7";"2026-03-20 13:35:42.704";"10,59";"NULL";"WINNING";"SUCCESSFUL"
"2026-04-21 03:36:48.414";"a-pk-00000011";"rec-11";"2026-06-30 23:59:59.000";"a";"ds-a0078";"NULL";"a0078";"a0078-t8";"2026-04-21 03:36:48.414";"17,34";"NULL";"WITHDRAWAL";"SUCCESSFUL"
"2026-03-01 11:10:05.066";"a-pk-00000012";"rec-12";"2026-06-30 23:59:59.000";"a";"ds-a0078";"NULL";"a0078";"a0078-t9";"2026-03-01 11:10:05.066";"3,68";"NULL";"OTHER";"SUCCESSFUL"
"2026-02-08 02:13:31.637";"b-pk-00000003";"rec-3";"2026-06-30 23:59:59.000";"b";"ds-b0079";"NULL";"b0079";"b0079-t0";"2026-02-08 02:13:31.637";"18,87";"NULL";"STAKE";"SUCCESSFUL"
"2026-01-02 21:36:24.154";"b-pk-00000004";"rec-4";"2026-06-30 23:59:59.000";"b";"ds-b0079";"NULL";"b0079";"b0079-t1";"2026-01-02 21:36:24.154";"17,37";"NULL";"STAKE";"SUCCESSFUL"
"2026-03-15 16:49:39.772";"b-pk-00000005";"rec-5";"2026-06-30 23:59:59.000";"b";"ds-b0079";"NULL";"b0079";"b0079-t2";"2026-03-15 16:49:39.772";"16,31";"NULL";"OTHER";"SUCCESSFUL"
"2026-03-17 15:28:18.794";"b-pk-00000006";"rec-6";"2026-06-30 23:59:59.000";"b";"ds-b0079";"NULL";"b0079";"b0079-t3";"2026-03-17 15:28:18.794";"18,94";"NULL";"WINNING";"SUCCESSFUL"
"2026-04-07 22:19:32.535";"b-pk-00000007";"rec-7";"2026-06-30 23:59:59.000";"b";"ds-b0079";"NULL";"b0079";"b0079-t4";"2026-04-07 22:19:32.535";"19,06";"NULL";"WITHDRAWAL";"SUCCESSFUL"
"2026-04-27 20:09:20.318";"b-pk-00000008";"rec-8";"2026-06-30 23:59:59.000";"b";"ds-b0079";"NULL";"b0079";"b0079-t5";"2026-04-27 20:09:20.318";"6,61";"ELECTRONIC_MONEY";"DEPOSIT";"SUCCESSFUL"
"2026-02-11 03:04:57.477";"b-pk-00000009";"rec-9";"2026-06-30 23:59:59.000";"b";"ds-b0079";"NULL";"b0079";"b0079-t6";"2026-02-11 03:04:57.477";"19,43";"NULL";"WINNING";"SUCCESSFUL"
"2026-03-02 07:16:21.374";"b-pk-00000010";"rec-10";"2026-06-30 23:59:59.000";"b";"ds-b0079";"NULL";"b0079";"b0079-t7";"2026-03-02 07:16:21.374";"5,38";"NULL";"STAKE";"SUCCESSFUL"
"2026-01-12 00:02:06.076";"c-pk-00000003";"rec-3";"2026-06-30 23:59:59.000";"c";"ds-c0080";"NULL";"c0080";"c0080-t0";"2026-01-12 00:02:06.076";"2,56";"NULL";"WITHDRAWAL";"SUCCESSFUL"
"2026-01-10 09:11:47.203";"c-pk-00000004";"rec-4";"2026-06-30 23:59:59.000";"c";"ds-c0080";"NULL";"c0080";"c0080-t1";"2026-01-10 09:11:47.203";"8,84";"NULL";"STAKE";"SUCCESSFUL"
"2026-02-25 02:16:37.618";"c-pk-00000005";"rec-5";"2026-06-30 23:59:59.000";"c";"ds-c0080";"NULL";"c0080";"c0080-t2";"2026-02-25 02:16:37.618";"1,24";"NULL";"STAKE";"SUCCESSFUL"
"2026-04-04 12:49:52.929";"c-pk-00000006";"rec-6";"2026-06-30 23:59:59.000";"c";"ds-c0080";"NULL";"c0080";"c0080-t3";"2026-04-04 12:49:52.929";"16,64";"NULL";"WITHDRAWAL";"UNSUCCESSFUL"
"2026-01-10 20:51:42.617";"c-pk-00000007";"rec-7";"2026-06-30 23:59:59.000";"c";"ds-c0080";"NULL";"c0080";"c0080-t4";"2026-01-10 20:51:42.617";"11,84";"NULL";"WINNING";"SUCCESSFUL"
"2026-04-08 16:42:59.027";"c-pk-00000008";"rec-8";"2026-06-30 23:59:59.000";"c";"ds-c0080";"NULL";"c0080";"c0080-t5";"2026-04-08 16:42:59.027";"8,25";"NULL";"STAKE";"UNSUCCESSFUL"
"2026-02-13 14:11:02.598";"c-pk-00000009";"rec-9";"2026-06-30 23:59:59.000";"c";"ds-c0080";"NULL";"c0080";"c0080-t6";"2026-02-13 14:11:02.598";"13,84";"NULL";"STAKE";"SUCCESSFUL"
"2026-02-25 06:29:11.442";"c-pk-00000010";"rec-10";"2026-06-30 23:59:59.000";"c";"ds-c0080";"NULL";"c0080";"c0080-t7";"2026-02-25 06:29:11.442";"6,81";"ELECTRONIC_MONEY";"DEPOSIT";"SUCCESSFUL"
"2026-04-19 18:28:10.917";"c-pk-00000011";"rec-11";"2026-06-30 23:59:59.000";"c";"ds-c0080";"NULL";"c0080";"c0080-t8";"2026-04-19 18:28:10.917";"6,07";"NULL";"STAKE";"SUCCESSFUL"
"2026-04-04 21:54:48.661";"c-pk-00000012";"rec-12";"2026-06-30 23:59:59.000";"c";"ds-c0080";"NULL";"c0080";"c0080-t9";"2026-04-04 21:54:48.661";"7,92";"NULL";"STAKE";"UNSUCCESSFUL"
"2026-03-01 00:18:08.205";"a-pk-00000003";"rec-3";"2026-06-30 23:59:59.000";"a";"ds-a0081";"NULL";"a0081";"a0081-t0";"2026-03-01 00:18:08.205";"2,49";"NULL";"STAKE";"SUCCESSFUL"
"2026-04-17 04:51:58.056";"a-pk-00000004";"rec-4";"2026-06-30 23:59:59.000";"a";"ds-a0081";"NULL";"a0081";"a0081-t1";"2026-04-17 04:51:58.056";"6,72";"NULL";"WINNING";"SUCCESSFUL"
"2026-01-19 07:58:03.931";"a-pk-00000005";"rec-5";"2026-06-30 23:59:59.000";"a";"ds-a0081";"NULL";"a0081";"a0081-t2";"2026-01-19 07:58:03.931";"19,25";"NULL";"WINNING";"SUCCESSFUL"
"2026-04-07 16:22:28.774";"a-pk-00000006";"rec-6";"2026-06-30 23:59:59.000";"a";"ds-a0081";"NULL";"a0081";"a0081-t3";"2026-04-07 16:22:28.774";"16,67";"NULL";"STAKE";"UNSUCCESSFUL"
"2026-02-09 22:21:40.696";"a-pk-00000007";"rec-7";"2026-06-30 23:59:59.000";"a";"ds-a0081";"NULL";"a0081";"a0081-t4";"2026-02-09 22:21:40.696";"7,22";"NULL";"WITHDRAWAL";"SUCCESSFUL"
"2026-01-18 05:31:09.880";"a-pk-00000008";"rec-8";"2026-06-30 23:59:59.000";"a";"ds-a0081";"NULL";"a0081";"a0081-t5";"2026-01-18 05:31:09.880";"13,89";"NULL";"STAKE";"SUCCESSFUL"
"2026-03-28 04:37:22.888";"a-pk-00000009";"rec-9";"2026-06-30 23:59:59.000";"a";"ds-a0081";"NULL";"a0081";"a0081-t6";"2026-03-28 04:37:22.888";"19,18";"NULL";"STAKE";"SUCCESSFUL"
"2026-03-11 13:25:19.669";"b-pk-00000003";"rec-3";"2026-06-30 23:59:59.000";"b";"ds-b0082";"NULL";"b0082";"b0082-t0";"2026-03-11 13:25:19.669";"3,74";"BANK_TRANSFER";"DEPOSIT";"SUCCESSFUL"
"2026-04-26 18:48:00.867";"b-pk-00000004";"rec-4";"2026-06-30 23:59:59.000";"b";"ds-b0082";"NULL";"b0082";"b0082-t1";"2026-04-26 18:48:00.867";"11,55";"NULL";"OTHER";"UNSUCCESSFUL"
"2026-04-13 13:42:51.531";"b-pk-00000005";"rec-5";"2026-06-30 23:59:59.000";"b";"ds-b0082";"NULL";"b0082";"b0082-t2";"2026-04-13 13:42:51.531";"2,21";"CREDIT_CARD";"DEPOSIT";"SUCCESSFUL"
"2026-02-08 21:49:41.645";"b-pk-00000006";"rec-6";"2026-06-30 23:59:59.000";"b";"ds-b0082";"NULL";"b0082";"b0082-t3";"2026-02-08 21:49:41.645";"19,52";"NULL";"WITHDRAWAL";"SUCCESSFUL"
"2026-04-05 05:57:03.231";"b-pk-00000007";"rec-7";"2026-06-30 23:59:59.000";"b";"ds-b0082";"NULL";"b0082";"b0082-t4";"2026-04-05 05:57:03.231";"9,89";"ELECTRONIC_MONEY";"DEPOSIT";"UNSUCCESSFUL"
"2026-03-02 12:43:45.065";"b-pk-00000008";"rec-8";"2026-06-30 23:59:59.000";"b";"ds-b0082";"NULL";"b0082";"b0082-t5";"2026-03-02 12:43:45.065";"4,87";"NULL";"WINNING";"UNSUCCESSFUL"
"2026-03-23 16:20:31.513";"b-pk-00000009";"rec-9";"2026-06-30 23:59:59.000";"b";"ds-b0082";"NULL";"b0082";"b0082-t6";"2026-03-23 16:20:31.513";"5,65";"NULL";"STAKE";"SUCCESSFUL"
"2026-03-19 12:43:51.935";"b-pk-00000010";"rec-10";"2026-06-30 23:59:59.000";"b";"ds-b0082";"NULL";"b0082";"b0082-t7";"2026-03-19 12:43:51.935";"17,90";"NULL";"WINNING";"UNSUCCESSFUL"
"2026-01-19 08:54:36.003";"c-pk-00000003";"rec-3";"2026-06-30 23:59:59.000";"c";"ds-c0083";"NULL";"c0083";"c0083-t0";"2026-01-19 08:54:36.003";"16,48";"NULL";"STAKE";"SUCCESSFUL"
"2026-01-02 06:08:31.706";"c-pk-00000004";"rec-4";"2026-06-30 23:59:59.000";"c";"ds-c0083";"NULL";"c0083";"c0083-t1";"2026-01-02 06:08:31.706";"8,72";"NULL";"WINNING";"SUCCESSFUL"
"2026-03-28 21:42:44.536";"c-pk-00000005";"rec-5";"2026-06-30 23:59:59.000";"c";"ds-c0083";"NULL";"c0083";"c0083-t2";"2026-03-28 21:42:44.536";"9,77";"NULL";"STAKE";"UNSUCCESSFUL"
"2026-01-03 08:42:37.475";"c-pk-00000006";"rec-6";"2026-06-30 23:59:59.000";"c";"ds-c0083";"NULL";"c0083";"c0083-t3";"2026-01-03 08:42:37.475";"3,55";"NULL";"WITHDRAWAL";"UNSUCCESSFUL"
"2026-01-04 18:21:27.663";"c-pk-00000007";"rec-7";"2026-06-30 23:59:59.000";"c";"ds-c0083";"NULL";"c0083";"c0083-t4";"2026-01-04 18:21:27.663";"13,46";"NULL";"STAKE";"UNSUCCESSFUL"
"2026-01-16 14:12:40.325";"c-pk-00000008";"rec-8";"2026-06-30 23:59:59.000";"c";"ds-c0083";"NULL";"c0083";"c0083-t5";"2026-01-16 14:12:40.325";"19,27";"NULL";"STAKE";"SUCCESSFUL"
"2026-01-19 05:09:02.362";"c-pk-00000009";"rec-9";"2026-06-30 23:59:59.000";"c";"ds-c0083";"NULL";"c0083";"c0083-t6";"2026-01-19 05:09:02.362";"17,44";"NULL";"STAKE";"SUCCESSFUL"
"2026-03-13 07:54:59.746";"c-pk-00000010";"rec-10";"2026-06-30 23:59:59.000";"c";"ds-c0083";"NULL";"c0083";"c0083-t7";"2026-03-13 07:54:59.746";"16,84";"NULL";"OTHER";"UNSUCCESSFUL"
"2026-02-12 01:03:31.365";"c-pk-00000011";"rec-11";"2026-06-30 23:59:59.000";"c";"ds-c0083";"NULL";"c0083";"c0083-t8";"2026-02-12 01:03:31.365";"3,01";"NULL";"WINNING";"UNSUCCESSFUL"
"2026-04-21 15:12:23.554";"c-pk-00000012";"rec-12";"2026-06-30 23:59:59.000";"c";"ds-c0083";"NULL";"c0083";"c0083-t9";"2026-04-21 15:12:23.554";"3,29";"NULL";"WINNING";"SUCCESSFUL"
"2026-01-23 17:09:29.191";"a-pk-00000003";"rec-3";"2026-06-30 23:59:59.000";"a";"ds-a0084";"NULL";"a0084";"a0084-t0";"2026-01-23 17:09:29.191";"18,85";"NULL";"STAKE";"SUCCESSFUL"
"2026-04-15 21:20:38.974";"a-pk-00000004";"rec-4";"2026-06-30 23:59:59.000";"a";"ds-a0084";"NULL";"a0084";"a0084-t1";"2026-04-15 21:20:38.974";"2,93";"OTHER";"DEPOSIT";"SUCCESSFUL"
"2026-01-11 06:50:09.736";"a-pk-00000005";"rec-5";"2026-06-30 23:59:59.000";"a";"ds-a0084";"NULL";"a0084";"a0084-t2";"2026-01-11 06:50:09.736";"3,16";"NULL";"OTHER";"SUCCESSFUL"
"2026-01-07 01:33:20.903";"a-pk-00000006";"rec-6";"2026-06-30 23:59:59.000";"a";"ds-a0084";"NULL";"a0084";"a0084-t3";"2026-01-07 01:33:20.903";"3,61";"NULL";"WITHDRAWAL";"SUCCESSFUL"
"2026-02-08 09:11:34.256";"a-pk-00000007";"rec-7";"2026-06-30 23:59:59.000";"a";"ds-a0084";"NULL";"a0084";"a0084-t4";"2026-02-08 09:11:34.256";"18,75";"NULL";"STAKE";"SUCCESSFUL"
"2026-02-24 23:58:16.404";"a-pk-00000008";"rec-8";"2026-06-30 23:59:59.000";"a";"ds-a0084";"NULL";"a0084";"a0084-t5";"2026-02-24 23:58:16.404";"4,31";"NULL";"WINNING";"UNSUCCESSFUL"
"2026-01-21 07:49:10.010";"a-pk-00000009";"rec-9";"2026-06-30 23:59:59.000";"a";"ds-a0084";"NULL";"a0084";"a0084-t6";"2026-01-21 07:49:10.010";"19,90";"NULL";"STAKE";"SUCCESSFUL"
"2026-03-06 07:34:27.451";"a-pk-00000010";"rec-10";"2026-06-30 23:59:59.000";"a";"ds-a0084";"NULL";"a0084";"a0084-t7";"2026-03-06 07:34:27.451";"16,20";"OTHER";"DEPOSIT";"UNSUCCESSFUL"
"2026-03-25 04:39:58.749";"a-pk-00000011";"rec-11";"2026-06-30 23:59:59.000";"a";"ds-a0084";"NULL";"a0084";"a0084-t8";"2026-03-25 04:39:58.749";"4,76";"NULL";"STAKE";"UNSUCCESSFUL"
"2026-02-20 17:05:34.994";"b-pk-00000003";"rec-3";"2026-06-30 23:59:59.000";"b";"ds-b0085";"NULL";"b0085";"b0085-t0";"2026-02-20 17:05:34.994";"11,90";"OTHER";"DEPOSIT";"SUCCESSFUL"
"2026-04-08 01:17:23.119";"b-pk-00000004";"rec-4";"2026-06-30 23:59:59.000";"b";"ds-b0085";"NULL";"b0085";"b0085-t1";"2026-04-08 01:17:23.119";"12,15";"BANK_TRANSFER";"DEPOSIT";"SUCCESSFUL"
"2026-04-17 02:41:47.809";"b-pk-00000005";"rec-5";"2026-06-30 23:59:59.000";"b";"ds-b0085";"NULL";"b0085";"b0085-t2";"2026-04-17 02:41:47.809";"9,67";"NULL";"WINNING";"SUCCESSFUL"
"2026-01-16 18:42:25.797";"b-pk-00000006";"rec-6";"2026-06-30 23:59:59.000";"b";"ds-b0085";"NULL";"b0085";"b0085-t3";"2026-01-16 18:42:25.797";"6,92";"NULL";"STAKE";"SUCCESSFUL"
"2026-01-12 15:51:20.522";"b-pk-00000007";"rec-7";"2026-06-30 23:59:59.000";"b";"ds-b0085";"NULL";"b0085";"b0085-t4";"2026-01-12 15:51:20.522";"7,30";"ELECTRONIC_MONEY";"DEPOSIT";"SUCCESSFUL"
"2026-03-08 21:25:46.143";"b-pk-00000008";"rec-8";"2026-06-30 23:59:59.000";"b";"ds-b0085";"NULL";"b0085";"b0085-t5";"2026-03-08 21:25:46.143";"1,63";"NULL";"WINNING";"SUCCESSFUL"
"2026-02-25 07:37:11.458";"b-pk-00000009";"rec-9";"2026-06-30 23:59:59.000";"b";"ds-b0085";"NULL";"b0085";"b0085-t6";"2026-02-25 07:37:11.458";"2,54";"NULL";"WITHDRAWAL";"SUCCESSFUL"
"2026-04-08 16:20:54.430";"b-pk-00000010";"rec-10";"2026-06-30 23:59:59.000";"b";"ds-b0085";"NULL";"b0085";"b0085-t7";"2026-04-08 16:20:54.430";"18,03";"CREDIT_CARD";"DEPOSIT";"SUCCESSFUL"
"2026-04-21 02:49:22.201";"b-pk-00000011";"rec-11";"2026-06-30 23:59:59.000";"b";"ds-b0085";"NULL";"b0085";"b0085-t8";"2026-04-21 02:49:22.201";"9,71";"NULL";"OTHER";"SUCCESSFUL"
"2026-03-12 21:41:22.736";"b-pk-00000012";"rec-12";"2026-06-30 23:59:59.000";"b";"ds-b0085";"NULL";"b0085";"b0085-t9";"2026-03-12 21:41:22.736";"7,39";"ELECTRONIC_MONEY";"DEPOSIT";"SUCCESSFUL"
"2026-01-15 16:45:37.693";"b-pk-00000013";"rec-13";"2026-06-30 23:59:59.000";"b";"ds-b0085";"NULL";"b0085";"b0085-t10";"2026-01-15 16:45:37.693";"8,85";"OTHER";"DEPOSIT";"SUCCESSFUL"
"2026-02-26 03:48:59.032";"b-pk-00000014";"rec-14";"2026-06-30 23:59:59.000";"b";"ds-b0085";"NULL";"b0085";"b0085-t11";"2026-02-26 03:48:59.032";"15,07";"NULL";"WINNING";"UNSUCCESSFUL"
"2026-03-09 04:29:35.586";"c-pk-00000003";"rec-3";"2026-06-30 23:59:59.000";"c";"ds-c0086";"NULL";"c0086";"c0086-t0";"2026-03-09 04:29:35.586";"29,24";"NULL";"STAKE";"SUCCESSFUL"
"2026-04-19 08:36:26.743";"c-pk-00000004";"rec-4";"2026-06-30 23:59:59.000";"c";"ds-c0086";"NULL";"c0086";"c0086-t1";"2026-04-19 08:36:26.743";"21,74";"NULL";"STAKE";"SUCCESSFUL"
"2026-03-23 19:22:53.467";"c-pk-00000005";"rec-5";"2026-06-30 23:59:59.000";"c";"ds-c0086";"NULL";"c0086";"c0086-t2";"2026-03-23 19:22:53.467";"58,91";"NULL";"STAKE";"SUCCESSFUL"
"2026-02-24 03:31:45.895";"c-pk-00000006";"rec-6";"2026-06-30 23:59:59.000";"c";"ds-c0086";"NULL";"c0086";"c0086-t3";"2026-02-24 03:31:45.895";"23,74";"ELECTRONIC_MONEY";"DEPOSIT";"UNSUCCESSFUL"
"2026-02-05 04:59:43.286";"c-pk-00000007";"rec-7";"2026-06-30 23:59:59.000";"c";"ds-c0086";"NULL";"c0086";"c0086-t4";"2026-02-05 04:59:43.286";"72,28";"NULL";"WINNING";"SUCCESSFUL"
"2026-02-13 21:58:08.487";"c-pk-00000008";"rec-8";"2026-06-30 23:59:59.000";"c";"ds-c0086";"NULL";"c0086";"c0086-t5";"2026-02-13 21:58:08.487";"31,61";"OTHER";"DEPOSIT";"UNSUCCESSFUL"
"2026-03-23 00:49:42.283";"c-pk-00000009";"rec-9";"2026-06-30 23:59:59.000";"c";"ds-c0086";"NULL";"c0086";"c0086-t6";"2026-03-23 00:49:42.283";"78,30";"NULL";"OTHER";"SUCCESSFUL"
"2026-04-11 21:23:06.082";"c-pk-00000010";"rec-10";"2026-06-30 23:59:59.000";"c";"ds-c0086";"NULL";"c0086";"c0086-t7";"2026-04-11 21:23:06.082";"13,91";"NULL";"WINNING";"UNSUCCESSFUL"
"2026-01-04 00:22:00.960";"c-pk-00000011";"rec-11";"2026-06-30 23:59:59.000";"c";"ds-c0086";"NULL";"c0086";"c0086-t8";"2026-01-04 00:22:00.960";"11,73";"ELECTRONIC_MONEY";"DEPOSIT";"SUCCESSFUL"
"2026-03-22 20:21:37.365";"c-pk-00000012";"rec-12";"2026-06-30 23:59:59.000";"c";"ds-c0086";"NULL";"c0086";"c0086-t9";"2026-03-22 20:21:37.365";"14,41";"ELECTRONIC_MONEY";"DEPOSIT";"UNSUCCESSFUL"
"2026-04-16 15:50:17.186";"c-pk-00000013";"rec-13";"2026-06-30 23:59:59.000";"c";"ds-c0086";"NULL";"c0086";"c0086-t10";"2026-04-16 15:50:17.186";"17,30";"NULL";"WINNING";"SUCCESSFUL"
"2026-03-07 07:52:40.901";"c-pk-00000014";"rec-14";"2026-06-30 23:59:59.000";"c";"ds-c0086";"NULL";"c0086";"c0086-t11";"2026-03-07 07:52:40.901";"37,09";"NULL";"STAKE";"SUCCESSFUL"
"2026-02-20 13:49:47.592";"c-pk-00000015";"rec-15";"2026-06-30 23:59:59.000";"c";"ds-c0086";"NULL";"c0086";"c0086-t12";"2026-02-20 13:49:47.592";"15,78";"NULL";"WINNING";"SUCCESSFUL"
"2026-01-05 12:00:31.451";"c-pk-00000016";"rec-16";"2026-06-30 23:59:59.000";"c";"ds-c0086";"NULL";"c0086";"c0086-t13";"2026-01-05 12:00:31.451";"60,77";"CREDIT_CARD";"DEPOSIT";"SUCCESSFUL"
"2026-03-23 16:24:56.582";"c-pk-00000017";"rec-17";"2026-06-30 23:59:59.000";"c";"ds-c0086";"NULL";"c0086";"c0086-t14";"2026-03-23 16:24:56.582";"53,65";"OTHER";"DEPOSIT";"SUCCESSFUL"
"2026-04-03 11:57:22.487";"c-pk-00000018";"rec-18";"2026-06-30 23:59:59.000";"c";"ds-c0086";"NULL";"c0086";"c0086-t15";"2026-04-03 11:57:22.487";"20,64";"CREDIT_CARD";"DEPOSIT";"SUCCESSFUL"
"2026-02-03 17:29:14.031";"c-pk-00000019";"rec-19";"2026-06-30 23:59:59.000";"c";"ds-c0086";"NULL";"c0086";"c0086-t16";"2026-02-03 17:29:14.031";"53,56";"BANK_TRANSFER";"DEPOSIT";"SUCCESSFUL"
"2026-02-27 07:29:28.870";"c-pk-00000020";"rec-20";"2026-06-30 23:59:59.000";"c";"ds-c0086";"NULL";"c0086";"c0086-t17";"2026-02-27 07:29:28.870";"66,54";"NULL";"STAKE";"SUCCESSFUL"
"2026-02-20 15:12:56.969";"c-pk-00000021";"rec-21";"2026-06-30 23:59:59.000";"c";"ds-c0086";"NULL";"c0086";"c0086-t18";"2026-02-20 15:12:56.969";"22,74";"CREDIT_CARD";"DEPOSIT";"SUCCESSFUL"
"2026-04-03 14:08:28.365";"a-pk-00000003";"rec-3";"2026-06-30 23:59:59.000";"a";"ds-a0087";"NULL";"a0087";"a0087-t0";"2026-04-03 14:08:28.365";"10,04";"ELECTRONIC_MONEY";"DEPOSIT";"SUCCESSFUL"
"2026-01-10 14:06:11.930";"a-pk-00000004";"rec-4";"2026-06-30 23:59:59.000";"a";"ds-a0087";"NULL";"a0087";"a0087-t1";"2026-01-10 14:06:11.930";"8,40";"NULL";"STAKE";"UNSUCCESSFUL"
"2026-02-19 06:51:49.590";"a-pk-00000005";"rec-5";"2026-06-30 23:59:59.000";"a";"ds-a0087";"NULL";"a0087";"a0087-t2";"2026-02-19 06:51:49.590";"15,15";"ELECTRONIC_MONEY";"DEPOSIT";"SUCCESSFUL"
"2026-01-27 04:04:22.060";"a-pk-00000006";"rec-6";"2026-06-30 23:59:59.000";"a";"ds-a0087";"NULL";"a0087";"a0087-t3";"2026-01-27 04:04:22.060";"18,74";"CREDIT_CARD";"DEPOSIT";"SUCCESSFUL"
"2026-02-21 07:36:03.447";"a-pk-00000007";"rec-7";"2026-06-30 23:59:59.000";"a";"ds-a0087";"NULL";"a0087";"a0087-t4";"2026-02-21 07:36:03.447";"3,99";"NULL";"WITHDRAWAL";"SUCCESSFUL"
"2026-03-20 23:47:24.089";"b-pk-00000003";"rec-3";"2026-06-30 23:59:59.000";"b";"ds-b0088";"NULL";"b0088";"b0088-t0";"2026-03-20 23:47:24.089";"11,39";"NULL";"STAKE";"UNSUCCESSFUL"
"2026-04-06 16:52:35.395";"b-pk-00000004";"rec-4";"2026-06-30 23:59:59.000";"b";"ds-b0088";"NULL";"b0088";"b0088-t1";"2026-04-06 16:52:35.395";"15,40";"NULL";"WITHDRAWAL";"UNSUCCESSFUL"
"2026-02-09 08:38:57.260";"b-pk-00000005";"rec-5";"2026-06-30 23:59:59.000";"b";"ds-b0088";"NULL";"b0088";"b0088-t2";"2026-02-09 08:38:57.260";"17,90";"NULL";"OTHER";"SUCCESSFUL"
"2026-03-03 16:27:39.724";"b-pk-00000006";"rec-6";"2026-06-30 23:59:59.000";"b";"ds-b0088";"NULL";"b0088";"b0088-t3";"2026-03-03 16:27:39.724";"7,16";"NULL";"WINNING";"SUCCESSFUL"
"2026-03-09 01:54:35.998";"b-pk-00000007";"rec-7";"2026-06-30 23:59:59.000";"b";"ds-b0088";"NULL";"b0088";"b0088-t4";"2026-03-09 01:54:35.998";"11,26";"ELECTRONIC_MONEY";"DEPOSIT";"SUCCESSFUL"
"2026-01-04 12:37:47.195";"b-pk-00000008";"rec-8";"2026-06-30 23:59:59.000";"b";"ds-b0088";"NULL";"b0088";"b0088-t5";"2026-01-04 12:37:47.195";"6,09";"NULL";"STAKE";"UNSUCCESSFUL"
"2026-02-21 06:31:31.616";"b-pk-00000009";"rec-9";"2026-06-30 23:59:59.000";"b";"ds-b0088";"NULL";"b0088";"b0088-t6";"2026-02-21 06:31:31.616";"19,42";"NULL";"STAKE";"SUCCESSFUL"
"2026-02-07 20:46:21.717";"c-pk-00000003";"rec-3";"2026-06-30 23:59:59.000";"c";"ds-c0089";"NULL";"c0089";"c0089-t0";"2026-02-07 20:46:21.717";"9,98";"NULL";"OTHER";"SUCCESSFUL"
"2026-03-01 19:15:36.515";"c-pk-00000004";"rec-4";"2026-06-30 23:59:59.000";"c";"ds-c0089";"NULL";"c0089";"c0089-t1";"2026-03-01 19:15:36.515";"8,62";"OTHER";"DEPOSIT";"SUCCESSFUL"
"2026-03-25 12:18:34.292";"c-pk-00000005";"rec-5";"2026-06-30 23:59:59.000";"c";"ds-c0089";"NULL";"c0089";"c0089-t2";"2026-03-25 12:18:34.292";"6,06";"NULL";"WINNING";"UNSUCCESSFUL"
"2026-02-11 23:48:25.815";"c-pk-00000006";"rec-6";"2026-06-30 23:59:59.000";"c";"ds-c0089";"NULL";"c0089";"c0089-t3";"2026-02-11 23:48:25.815";"13,86";"ELECTRONIC_MONEY";"DEPOSIT";"SUCCESSFUL"
"2026-04-22 14:25:10.807";"c-pk-00000007";"rec-7";"2026-06-30 23:59:59.000";"c";"ds-c0089";"NULL";"c0089";"c0089-t4";"2026-04-22 14:25:10.807";"19,45";"NULL";"STAKE";"UNSUCCESSFUL"
"2026-02-27 07:54:19.916";"c-pk-00000008";"rec-8";"2026-06-30 23:59:59.000";"c";"ds-c0089";"NULL";"c0089";"c0089-t5";"2026-02-27 07:54:19.916";"1,06";"OTHER";"DEPOSIT";"SUCCESSFUL"
"2026-01-14 13:12:15.276";"c-pk-00000009";"rec-9";"2026-06-30 23:59:59.000";"c";"ds-c0089";"NULL";"c0089";"c0089-t6";"2026-01-14 13:12:15.276";"15,81";"CREDIT_CARD";"DEPOSIT";"SUCCESSFUL"
"2026-02-03 11:25:44.200";"c-pk-00000010";"rec-10";"2026-06-30 23:59:59.000";"c";"ds-c0089";"NULL";"c0089";"c0089-t7";"2026-02-03 11:25:44.200";"5,85";"NULL";"WINNING";"SUCCESSFUL"
"2026-04-07 12:10:51.889";"c-pk-00000011";"rec-11";"2026-06-30 23:59:59.000";"c";"ds-c0089";"NULL";"c0089";"c0089-t8";"2026-04-07 12:10:51.889";"11,04";"OTHER";"DEPOSIT";"SUCCESSFUL"
"2026-02-28 05:54:30.603";"a-pk-00000003";"rec-3";"2026-06-30 23:59:59.000";"a";"ds-a0090";"NULL";"a0090";"a0090-t0";"2026-02-28 05:54:30.603";"15,28";"NULL";"WINNING";"SUCCESSFUL"
"2026-04-11 05:13:50.639";"a-pk-00000004";"rec-4";"2026-06-30 23:59:59.000";"a";"ds-a0090";"NULL";"a0090";"a0090-t1";"2026-04-11 05:13:50.639";"8,55";"NULL";"STAKE";"SUCCESSFUL"
"2026-01-05 01:52:14.680";"a-pk-00000005";"rec-5";"2026-06-30 23:59:59.000";"a";"ds-a0090";"NULL";"a0090";"a0090-t2";"2026-01-05 01:52:14.680";"10,82";"NULL";"WINNING";"SUCCESSFUL"
"2026-01-02 17:16:48.091";"a-pk-00000006";"rec-6";"2026-06-30 23:59:59.000";"a";"ds-a0090";"NULL";"a0090";"a0090-t3";"2026-01-02 17:16:48.091";"7,51";"CREDIT_CARD";"DEPOSIT";"SUCCESSFUL"
"2026-04-19 23:20:30.910";"a-pk-00000007";"rec-7";"2026-06-30 23:59:59.000";"a";"ds-a0090";"NULL";"a0090";"a0090-t4";"2026-04-19 23:20:30.910";"7,08";"NULL";"STAKE";"SUCCESSFUL"
"2026-02-22 19:55:30.384";"a-pk-00000008";"rec-8";"2026-06-30 23:59:59.000";"a";"ds-a0090";"NULL";"a0090";"a0090-t5";"2026-02-22 19:55:30.384";"14,40";"BANK_TRANSFER";"DEPOSIT";"SUCCESSFUL"
"2026-04-03 09:08:46.444";"a-pk-00000009";"rec-9";"2026-06-30 23:59:59.000";"a";"ds-a0090";"NULL";"a0090";"a0090-t6";"2026-04-03 09:08:46.444";"15,21";"NULL";"STAKE";"SUCCESSFUL"
"2026-03-05 00:25:50.251";"a-pk-00000010";"rec-10";"2026-06-30 23:59:59.000";"a";"ds-a0090";"NULL";"a0090";"a0090-t7";"2026-03-05 00:25:50.251";"4,89";"OTHER";"DEPOSIT";"SUCCESSFUL"
"2026-04-17 15:12:28.147";"a-pk-00000011";"rec-11";"2026-06-30 23:59:59.000";"a";"ds-a0090";"NULL";"a0090";"a0090-t8";"2026-04-17 15:12:28.147";"10,90";"OTHER";"DEPOSIT";"SUCCESSFUL"
"2026-02-22 06:44:32.042";"a-pk-00000012";"rec-12";"2026-06-30 23:59:59.000";"a";"ds-a0090";"NULL";"a0090";"a0090-t9";"2026-02-22 06:44:32.042";"6,45";"NULL";"OTHER";"SUCCESSFUL"
"2026-04-02 07:12:53.755";"a-pk-00000013";"rec-13";"2026-06-30 23:59:59.000";"a";"ds-a0090";"NULL";"a0090";"a0090-t10";"2026-04-02 07:12:53.755";"16,26";"NULL";"STAKE";"SUCCESSFUL"
"2026-03-10 09:05:33.665";"a-pk-00000014";"rec-14";"2026-06-30 23:59:59.000";"a";"ds-a0090";"NULL";"a0090";"a0090-t11";"2026-03-10 09:05:33.665";"6,73";"OTHER";"DEPOSIT";"UNSUCCESSFUL"
"2026-01-18 10:12:58.665";"b-pk-00000003";"rec-3";"2026-06-30 23:59:59.000";"b";"ds-b0091";"NULL";"b0091";"b0091-t0";"2026-01-18 10:12:58.665";"19,39";"CREDIT_CARD";"DEPOSIT";"SUCCESSFUL"
"2026-02-17 02:29:31.814";"b-pk-00000004";"rec-4";"2026-06-30 23:59:59.000";"b";"ds-b0091";"NULL";"b0091";"b0091-t1";"2026-02-17 02:29:31.814";"12,46";"ELECTRONIC_MONEY";"DEPOSIT";"UNSUCCESSFUL"
"2026-04-08 12:41:46.961";"b-pk-00000005";"rec-5";"2026-06-30 23:59:59.000";"b";"ds-b0091";"NULL";"b0091";"b0091-t2";"2026-04-08 12:41:46.961";"12,72";"NULL";"STAKE";"UNSUCCESSFUL"
"2026-01-21 07:10:26.974";"b-pk-00000006";"rec-6";"2026-06-30 23:59:59.000";"b";"ds-b0091";"NULL";"b0091";"b0091-t3";"2026-01-21 07:10:26.974";"17,13";"BANK_TRANSFER";"DEPOSIT";"SUCCESSFUL"
"2026-02-22 15:39:03.734";"b-pk-00000007";"rec-7";"2026-06-30 23:59:59.000";"b";"ds-b0091";"NULL";"b0091";"b0091-t4";"2026-02-22 15:39:03.734";"4,29";"BANK_TRANSFER";"DEPOSIT";"SUCCESSFUL"
"2026-04-12 06:22:40.705";"b-pk-00000008";"rec-8";"2026-06-30 23:59:59.000";"b";"ds-b0091";"NULL";"b0091";"b0091-t5";"2026-04-12 06:22:40.705";"4,76";"NULL";"WITHDRAWAL";"SUCCESSFUL"
"2026-02-23 08:47:21.129";"b-pk-00000009";"rec-9";"2026-06-30 23:59:59.000";"b";"ds-b0091";"NULL";"b0091";"b0091-t6";"2026-02-23 08:47:21.129";"17,06";"NULL";"WINNING";"UNSUCCESSFUL"
"2026-03-14 14:53:06.596";"b-pk-00000010";"rec-10";"2026-06-30 23:59:59.000";"b";"ds-b0091";"NULL";"b0091";"b0091-t7";"2026-03-14 14:53:06.596";"13,00";"NULL";"OTHER";"SUCCESSFUL"
"2026-02-02 11:25:32.465";"b-pk-00000011";"rec-11";"2026-06-30 23:59:59.000";"b";"ds-b0091";"NULL";"b0091";"b0091-t8";"2026-02-02 11:25:32.465";"11,55";"NULL";"WINNING";"UNSUCCESSFUL"
"2026-01-28 07:03:58.159";"c-pk-00000003";"rec-3";"2026-06-30 23:59:59.000";"c";"ds-c0092";"NULL";"c0092";"c0092-t0";"2026-01-28 07:03:58.159";"11,08";"OTHER";"DEPOSIT";"SUCCESSFUL"
"2026-03-02 11:32:39.770";"c-pk-00000004";"rec-4";"2026-06-30 23:59:59.000";"c";"ds-c0092";"NULL";"c0092";"c0092-t1";"2026-03-02 11:32:39.770";"18,25";"NULL";"WINNING";"SUCCESSFUL"
"2026-01-07 13:00:24.448";"c-pk-00000005";"rec-5";"2026-06-30 23:59:59.000";"c";"ds-c0092";"NULL";"c0092";"c0092-t2";"2026-01-07 13:00:24.448";"10,29";"NULL";"WINNING";"UNSUCCESSFUL"
"2026-02-09 19:30:42.951";"c-pk-00000006";"rec-6";"2026-06-30 23:59:59.000";"c";"ds-c0092";"NULL";"c0092";"c0092-t3";"2026-02-09 19:30:42.951";"4,32";"BANK_TRANSFER";"DEPOSIT";"SUCCESSFUL"
"2026-04-03 06:59:25.288";"c-pk-00000007";"rec-7";"2026-06-30 23:59:59.000";"c";"ds-c0092";"NULL";"c0092";"c0092-t4";"2026-04-03 06:59:25.288";"11,95";"NULL";"WINNING";"UNSUCCESSFUL"
"2026-03-23 11:06:44.762";"c-pk-00000008";"rec-8";"2026-06-30 23:59:59.000";"c";"ds-c0092";"NULL";"c0092";"c0092-t5";"2026-03-23 11:06:44.762";"6,87";"NULL";"STAKE";"SUCCESSFUL"
"2026-02-12 14:46:19.995";"c-pk-00000009";"rec-9";"2026-06-30 23:59:59.000";"c";"ds-c0092";"NULL";"c0092";"c0092-t6";"2026-02-12 14:46:19.995";"16,33";"NULL";"STAKE";"SUCCESSFUL"
"2026-03-05 23:26:41.863";"c-pk-00000010";"rec-10";"2026-06-30 23:59:59.000";"c";"ds-c0092";"NULL";"c0092";"c0092-t7";"2026-03-05 23:26:41.863";"19,01";"NULL";"OTHER";"SUCCESSFUL"
"2026-03-04 03:52:07.322";"c-pk-00000011";"rec-11";"2026-06-30 23:59:59.000";"c";"ds-c0092";"NULL";"c0092";"c0092-t8";"2026-03-04 03:52:07.322";"14,98";"NULL";"WINNING";"UNSUCCESSFUL"
"2026-02-18 11:04:20.470";"c-pk-00000012";"rec-12";"2026-06-30 23:59:59.000";"c";"ds-c0092";"NULL";"c0092";"c0092-t9";"2026-02-18 11:04:20.470";"9,13";"NULL";"WITHDRAWAL";"UNSUCCESSFUL"
"2026-02-06 00:52:50.184";"a-pk-00000003";"rec-3";"2026-06-30 23:59:59.000";"a";"ds-a0093";"NULL";"a0093";"a0093-t0";"2026-02-06 00:52:50.184";"10,65";"NULL";"WINNING";"SUCCESSFUL"
"2026-02-02 16:37:55.696";"a-pk-00000004";"rec-4";"2026-06-30 23:59:59.000";"a";"ds-a0093";"NULL";"a0093";"a0093-t1";"2026-02-02 16:37:55.696";"7,73";"NULL";"STAKE";"SUCCESSFUL"
"2026-04-18 00:07:52.161";"a-pk-00000005";"rec-5";"2026-06-30 23:59:59.000";"a";"ds-a0093";"NULL";"a0093";"a0093-t2";"2026-04-18 00:07:52.161";"8,92";"NULL";"WITHDRAWAL";"UNSUCCESSFUL"
"2026-01-28 10:48:03.488";"a-pk-00000006";"rec-6";"2026-06-30 23:59:59.000";"a";"ds-a0093";"NULL";"a0093";"a0093-t3";"2026-01-28 10:48:03.488";"15,00";"ELECTRONIC_MONEY";"DEPOSIT";"SUCCESSFUL"
"2026-01-08 19:18:15.055";"a-pk-00000007";"rec-7";"2026-06-30 23:59:59.000";"a";"ds-a0093";"NULL";"a0093";"a0093-t4";"2026-01-08 19:18:15.055";"5,69";"NULL";"WINNING";"SUCCESSFUL"
"2026-01-26 13:44:51.507";"b-pk-00000003";"rec-3";"2026-06-30 23:59:59.000";"b";"ds-b0094";"NULL";"b0094";"b0094-t0";"2026-01-26 13:44:51.507";"9,73";"NULL";"STAKE";"SUCCESSFUL"
"2026-04-01 20:06:30.296";"b-pk-00000004";"rec-4";"2026-06-30 23:59:59.000";"b";"ds-b0094";"NULL";"b0094";"b0094-t1";"2026-04-01 20:06:30.296";"18,64";"CREDIT_CARD";"DEPOSIT";"SUCCESSFUL"
"2026-02-12 12:50:03.047";"b-pk-00000005";"rec-5";"2026-06-30 23:59:59.000";"b";"ds-b0094";"NULL";"b0094";"b0094-t2";"2026-02-12 12:50:03.047";"6,58";"ELECTRONIC_MONEY";"DEPOSIT";"SUCCESSFUL"
"2026-04-28 15:29:22.151";"b-pk-00000006";"rec-6";"2026-06-30 23:59:59.000";"b";"ds-b0094";"NULL";"b0094";"b0094-t3";"2026-04-28 15:29:22.151";"10,13";"NULL";"STAKE";"SUCCESSFUL"
"2026-02-15 18:45:47.705";"b-pk-00000007";"rec-7";"2026-06-30 23:59:59.000";"b";"ds-b0094";"NULL";"b0094";"b0094-t4";"2026-02-15 18:45:47.705";"9,91";"NULL";"STAKE";"UNSUCCESSFUL"
"2026-03-01 13:55:50.779";"b-pk-00000008";"rec-8";"2026-06-30 23:59:59.000";"b";"ds-b0094";"NULL";"b0094";"b0094-t5";"2026-03-01 13:55:50.779";"6,62";"NULL";"STAKE";"UNSUCCESSFUL"
"2026-01-23 09:13:32.560";"b-pk-00000009";"rec-9";"2026-06-30 23:59:59.000";"b";"ds-b0094";"NULL";"b0094";"b0094-t6";"2026-01-23 09:13:32.560";"12,95";"OTHER";"DEPOSIT";"UNSUCCESSFUL"
"2026-02-28 05:54:56.448";"b-pk-00000010";"rec-10";"2026-06-30 23:59:59.000";"b";"ds-b0094";"NULL";"b0094";"b0094-t7";"2026-02-28 05:54:56.448";"1,66";"NULL";"STAKE";"SUCCESSFUL"
"2026-01-13 20:14:36.068";"b-pk-00000011";"rec-11";"2026-06-30 23:59:59.000";"b";"ds-b0094";"NULL";"b0094";"b0094-t8";"2026-01-13 20:14:36.068";"7,05";"NULL";"STAKE";"SUCCESSFUL"
"2026-03-16 04:21:26.055";"b-pk-00000012";"rec-12";"2026-06-30 23:59:59.000";"b";"ds-b0094";"NULL";"b0094";"b0094-t9";"2026-03-16 04:21:26.055";"16,70";"NULL";"OTHER";"UNSUCCESSFUL"
"2026-02-21 01:43:13.446";"b-pk-00000013";"rec-13";"2026-06-30 23:59:59.000";"b";"ds-b0094";"NULL";"b0094";"b0094-t10";"2026-02-21 01:43:13.446";"12,79";"NULL";"WINNING";"UNSUCCESSFUL"
"2026-01-11 22:50:44.359";"b-pk-00000014";"rec-14";"2026-06-30 23:59:59.000";"b";"ds-b0094";"NULL";"b0094";"b0094-t11";"2026-01-11 22:50:44.359";"1,62";"NULL";"WINNING";"SUCCESSFUL"
"2026-01-17 23:00:44.330";"c-pk-00000003";"rec-3";"2026-06-30 23:59:59.000";"c";"ds-c0095";"NULL";"c0095";"c0095-t0";"2026-01-17 23:00:44.330";"17,25";"NULL";"STAKE";"SUCCESSFUL"
"2026-03-02 16:14:23.277";"c-pk-00000004";"rec-4";"2026-06-30 23:59:59.000";"c";"ds-c0095";"NULL";"c0095";"c0095-t1";"2026-03-02 16:14:23.277";"13,04";"NULL";"STAKE";"SUCCESSFUL"
"2026-04-17 16:22:36.558";"c-pk-00000005";"rec-5";"2026-06-30 23:59:59.000";"c";"ds-c0095";"NULL";"c0095";"c0095-t2";"2026-04-17 16:22:36.558";"18,63";"NULL";"WITHDRAWAL";"SUCCESSFUL"
"2026-01-14 19:24:23.390";"c-pk-00000006";"rec-6";"2026-06-30 23:59:59.000";"c";"ds-c0095";"NULL";"c0095";"c0095-t3";"2026-01-14 19:24:23.390";"12,65";"NULL";"STAKE";"SUCCESSFUL"
"2026-04-26 04:29:27.704";"c-pk-00000007";"rec-7";"2026-06-30 23:59:59.000";"c";"ds-c0095";"NULL";"c0095";"c0095-t4";"2026-04-26 04:29:27.704";"4,10";"NULL";"STAKE";"SUCCESSFUL"
"2026-02-03 05:30:21.236";"c-pk-00000008";"rec-8";"2026-06-30 23:59:59.000";"c";"ds-c0095";"NULL";"c0095";"c0095-t5";"2026-02-03 05:30:21.236";"18,21";"NULL";"STAKE";"SUCCESSFUL"
"2026-03-11 20:30:53.574";"c-pk-00000009";"rec-9";"2026-06-30 23:59:59.000";"c";"ds-c0095";"NULL";"c0095";"c0095-t6";"2026-03-11 20:30:53.574";"16,60";"NULL";"STAKE";"SUCCESSFUL"
"2026-02-17 00:05:55.465";"c-pk-00000010";"rec-10";"2026-06-30 23:59:59.000";"c";"ds-c0095";"NULL";"c0095";"c0095-t7";"2026-02-17 00:05:55.465";"10,45";"CREDIT_CARD";"DEPOSIT";"UNSUCCESSFUL"
"2026-03-12 00:08:47.395";"c-pk-00000011";"rec-11";"2026-06-30 23:59:59.000";"c";"ds-c0095";"NULL";"c0095";"c0095-t8";"2026-03-12 00:08:47.395";"13,55";"BANK_TRANSFER";"DEPOSIT";"SUCCESSFUL"
"2026-03-22 06:17:06.901";"c-pk-00000012";"rec-12";"2026-06-30 23:59:59.000";"c";"ds-c0095";"NULL";"c0095";"c0095-t9";"2026-03-22 06:17:06.901";"16,94";"NULL";"STAKE";"SUCCESSFUL"
"2026-01-01 09:45:41.604";"a-pk-00000003";"rec-3";"2026-06-30 23:59:59.000";"a";"ds-a0096";"NULL";"a0096";"a0096-t0";"2026-01-01 09:45:41.604";"9,31";"CREDIT_CARD";"DEPOSIT";"SUCCESSFUL"
"2026-04-03 20:57:43.642";"a-pk-00000004";"rec-4";"2026-06-30 23:59:59.000";"a";"ds-a0096";"NULL";"a0096";"a0096-t1";"2026-04-03 20:57:43.642";"4,46";"CREDIT_CARD";"DEPOSIT";"UNSUCCESSFUL"
"2026-01-16 08:25:25.908";"a-pk-00000005";"rec-5";"2026-06-30 23:59:59.000";"a";"ds-a0096";"NULL";"a0096";"a0096-t2";"2026-01-16 08:25:25.908";"14,45";"OTHER";"DEPOSIT";"UNSUCCESSFUL"
"2026-03-16 04:50:54.919";"a-pk-00000006";"rec-6";"2026-06-30 23:59:59.000";"a";"ds-a0096";"NULL";"a0096";"a0096-t3";"2026-03-16 04:50:54.919";"18,42";"NULL";"WITHDRAWAL";"SUCCESSFUL"
"2026-02-10 07:23:24.433";"a-pk-00000007";"rec-7";"2026-06-30 23:59:59.000";"a";"ds-a0096";"NULL";"a0096";"a0096-t4";"2026-02-10 07:23:24.433";"10,51";"NULL";"STAKE";"SUCCESSFUL"
"2026-01-07 04:22:48.201";"a-pk-00000008";"rec-8";"2026-06-30 23:59:59.000";"a";"ds-a0096";"NULL";"a0096";"a0096-t5";"2026-01-07 04:22:48.201";"8,35";"NULL";"WINNING";"SUCCESSFUL"
"2026-03-11 17:28:46.753";"a-pk-00000009";"rec-9";"2026-06-30 23:59:59.000";"a";"ds-a0096";"NULL";"a0096";"a0096-t6";"2026-03-11 17:28:46.753";"17,90";"NULL";"WINNING";"UNSUCCESSFUL"
"2026-01-16 17:48:05.764";"a-pk-00000010";"rec-10";"2026-06-30 23:59:59.000";"a";"ds-a0096";"NULL";"a0096";"a0096-t7";"2026-01-16 17:48:05.764";"2,05";"OTHER";"DEPOSIT";"SUCCESSFUL"
"2026-02-21 19:19:51.472";"a-pk-00000011";"rec-11";"2026-06-30 23:59:59.000";"a";"ds-a0096";"NULL";"a0096";"a0096-t8";"2026-02-21 19:19:51.472";"16,98";"NULL";"STAKE";"SUCCESSFUL"
"2026-04-24 21:04:11.696";"a-pk-00000012";"rec-12";"2026-06-30 23:59:59.000";"a";"ds-a0096";"NULL";"a0096";"a0096-t9";"2026-04-24 21:04:11.696";"8,20";"NULL";"OTHER";"SUCCESSFUL"
"2026-04-18 23:35:27.385";"b-pk-00000003";"rec-3";"2026-06-30 23:59:59.000";"b";"ds-b0097";"NULL";"b0097";"b0097-t0";"2026-04-18 23:35:27.385";"16,32";"NULL";"STAKE";"UNSUCCESSFUL"
"2026-03-13 10:15:59.224";"b-pk-00000004";"rec-4";"2026-06-30 23:59:59.000";"b";"ds-b0097";"NULL";"b0097";"b0097-t1";"2026-03-13 10:15:59.224";"19,48";"NULL";"WINNING";"UNSUCCESSFUL"
"2026-04-08 06:30:36.915";"b-pk-00000005";"rec-5";"2026-06-30 23:59:59.000";"b";"ds-b0097";"NULL";"b0097";"b0097-t2";"2026-04-08 06:30:36.915";"68,99";"NULL";"STAKE";"SUCCESSFUL"
"2026-04-06 16:07:39.947";"b-pk-00000006";"rec-6";"2026-06-30 23:59:59.000";"b";"ds-b0097";"NULL";"b0097";"b0097-t3";"2026-04-06 16:07:39.947";"6,87";"NULL";"WINNING";"SUCCESSFUL"
"2026-04-10 06:35:56.654";"b-pk-00000007";"rec-7";"2026-06-30 23:59:59.000";"b";"ds-b0097";"NULL";"b0097";"b0097-t4";"2026-04-10 06:35:56.654";"40,40";"BANK_TRANSFER";"DEPOSIT";"SUCCESSFUL"
"2026-02-04 19:18:00.327";"b-pk-00000008";"rec-8";"2026-06-30 23:59:59.000";"b";"ds-b0097";"NULL";"b0097";"b0097-t5";"2026-02-04 19:18:00.327";"72,75";"CREDIT_CARD";"DEPOSIT";"SUCCESSFUL"
"2026-04-01 19:30:55.930";"b-pk-00000009";"rec-9";"2026-06-30 23:59:59.000";"b";"ds-b0097";"NULL";"b0097";"b0097-t6";"2026-04-01 19:30:55.930";"51,69";"NULL";"STAKE";"UNSUCCESSFUL"
"2026-01-09 11:37:31.461";"b-pk-00000010";"rec-10";"2026-06-30 23:59:59.000";"b";"ds-b0097";"NULL";"b0097";"b0097-t7";"2026-01-09 11:37:31.461";"19,66";"OTHER";"DEPOSIT";"UNSUCCESSFUL"
"2026-03-19 03:38:35.095";"b-pk-00000011";"rec-11";"2026-06-30 23:59:59.000";"b";"ds-b0097";"NULL";"b0097";"b0097-t8";"2026-03-19 03:38:35.095";"35,69";"BANK_TRANSFER";"DEPOSIT";"UNSUCCESSFUL"
"2026-02-13 13:23:13.628";"b-pk-00000012";"rec-12";"2026-06-30 23:59:59.000";"b";"ds-b0097";"NULL";"b0097";"b0097-t9";"2026-02-13 13:23:13.628";"35,86";"NULL";"OTHER";"SUCCESSFUL"
"2026-03-17 23:38:43.696";"b-pk-00000013";"rec-13";"2026-06-30 23:59:59.000";"b";"ds-b0097";"NULL";"b0097";"b0097-t10";"2026-03-17 23:38:43.696";"28,36";"NULL";"STAKE";"SUCCESSFUL"
"2026-02-03 07:10:29.233";"c-pk-00000003";"rec-3";"2026-06-30 23:59:59.000";"c";"ds-c0098";"NULL";"c0098";"c0098-t0";"2026-02-03 07:10:29.233";"11,13";"NULL";"WINNING";"SUCCESSFUL"
"2026-02-20 06:11:08.588";"c-pk-00000004";"rec-4";"2026-06-30 23:59:59.000";"c";"ds-c0098";"NULL";"c0098";"c0098-t1";"2026-02-20 06:11:08.588";"9,62";"NULL";"OTHER";"SUCCESSFUL"
"2026-03-09 01:07:18.606";"c-pk-00000005";"rec-5";"2026-06-30 23:59:59.000";"c";"ds-c0098";"NULL";"c0098";"c0098-t2";"2026-03-09 01:07:18.606";"13,74";"NULL";"OTHER";"SUCCESSFUL"
"2026-03-16 11:18:15.656";"c-pk-00000006";"rec-6";"2026-06-30 23:59:59.000";"c";"ds-c0098";"NULL";"c0098";"c0098-t3";"2026-03-16 11:18:15.656";"2,62";"NULL";"STAKE";"UNSUCCESSFUL"
"2026-03-20 08:29:34.053";"c-pk-00000007";"rec-7";"2026-06-30 23:59:59.000";"c";"ds-c0098";"NULL";"c0098";"c0098-t4";"2026-03-20 08:29:34.053";"2,09";"NULL";"WINNING";"SUCCESSFUL"
"2026-03-25 13:13:25.420";"c-pk-00000008";"rec-8";"2026-06-30 23:59:59.000";"c";"ds-c0098";"NULL";"c0098";"c0098-t5";"2026-03-25 13:13:25.420";"19,75";"NULL";"WINNING";"SUCCESSFUL"
"2026-03-12 20:41:23.663";"c-pk-00000009";"rec-9";"2026-06-30 23:59:59.000";"c";"ds-c0098";"NULL";"c0098";"c0098-t6";"2026-03-12 20:41:23.663";"1,32";"NULL";"STAKE";"SUCCESSFUL"
"2026-04-12 01:00:55.759";"c-pk-00000010";"rec-10";"2026-06-30 23:59:59.000";"c";"ds-c0098";"NULL";"c0098";"c0098-t7";"2026-04-12 01:00:55.759";"10,50";"NULL";"STAKE";"UNSUCCESSFUL"
"2026-01-24 06:07:28.808";"c-pk-00000011";"rec-11";"2026-06-30 23:59:59.000";"c";"ds-c0098";"NULL";"c0098";"c0098-t8";"2026-01-24 06:07:28.808";"3,75";"NULL";"OTHER";"SUCCESSFUL"
"2026-01-19 02:42:49.872";"a-pk-00000003";"rec-3";"2026-06-30 23:59:59.000";"a";"ds-a0099";"NULL";"a0099";"a0099-t0";"2026-01-19 02:42:49.872";"13,35";"BANK_TRANSFER";"DEPOSIT";"SUCCESSFUL"
"2026-04-24 01:45:57.894";"a-pk-00000004";"rec-4";"2026-06-30 23:59:59.000";"a";"ds-a0099";"NULL";"a0099";"a0099-t1";"2026-04-24 01:45:57.894";"9,32";"NULL";"WITHDRAWAL";"SUCCESSFUL"
"2026-01-04 13:55:17.210";"a-pk-00000005";"rec-5";"2026-06-30 23:59:59.000";"a";"ds-a0099";"NULL";"a0099";"a0099-t2";"2026-01-04 13:55:17.210";"6,15";"NULL";"WITHDRAWAL";"SUCCESSFUL"
"2026-01-27 03:16:56.484";"a-pk-00000006";"rec-6";"2026-06-30 23:59:59.000";"a";"ds-a0099";"NULL";"a0099";"a0099-t3";"2026-01-27 03:16:56.484";"7,02";"NULL";"STAKE";"SUCCESSFUL"
"2026-04-05 08:58:48.540";"a-pk-00000007";"rec-7";"2026-06-30 23:59:59.000";"a";"ds-a0099";"NULL";"a0099";"a0099-t4";"2026-04-05 08:58:48.540";"3,77";"NULL";"WINNING";"SUCCESSFUL"
"2026-01-21 13:57:56.300";"a-pk-00000008";"rec-8";"2026-06-30 23:59:59.000";"a";"ds-a0099";"NULL";"a0099";"a0099-t5";"2026-01-21 13:57:56.300";"3,40";"NULL";"OTHER";"SUCCESSFUL"
