"created_at";"pk_id";"wok_bet_pk_id";"part_id";"part_event";"part_odds";"part_sport";"part_live";"part_bank";"part_match_datetime";"part_prognosis_result_type";"part_prognosis_value";"part_stake";"part_cancellation_reason"
"2026-03-15 16:28:07.253";"a-pk-00000022";"a-pk-00000021";"a0000-b0-p0";"ATP Tour|Real Madrid : Bayern Munich";"3,63";"Tennis";"0";"0";"2026-02-01 02:45:40.060";"MATCH ODDS";"Bayern";"5,35";"NULL"
"2026-01-13 23:21:51.882";"a-pk-00000025";"a-pk-00000024";"a0000-b1-p0";"UEFA Champions League|AZ Alkmaar : Fenerbahce Istanbul";"2,38";"Football";"0";"1";"2026-02-14 05:17:29.255";"MATCH ODDS";"Fenerbahce";"17,62";"NULL"
"2026-03-14 22:46:50.569";"a-pk-00000028";"a-pk-00000027";"a0000-b2-p0";"ATP Tour|AZ Alkmaar : Bayern Munich";"8,35";"Tennis";"0";"0";"2026-03-07 01:37:47.555";"MATCH ODDS";"Bayern";"2,16";"NULL"
"2026-02-07 00:39:09.244";"b-pk-00000029";"b-pk-00000028";"b0001-b0-p0";"UEFA Champions League|Feyenoord Rotterdam : Fenerbahce Istanbul";"2,56";"Basketball";"0";"0";"2026-04-23 08:49:23.171";"MATCH ODDS";"Fenerbahce";"48,87";"NULL"
"2026-01-19 00:59:19.589";"b-pk-00000030";"b-pk-00000028";"b0001-b0-p1";"Premier League|Fenerbahce Istanbul : Real Madrid";"8,52";"Tennis";"1";"0";"2026-01-19 22:53:40.248";"MATCH ODDS";"Real";"9,05";"NULL"
"2026-04-15 13:52:46.606";"b-pk-00000034";"b-pk-00000033";"b0001-b1-p0";"Premier League|Arsenal : Real Madrid";"4,10";"Football";"0";"1";"2026-04-08 14:36:39.684";"MATCH ODDS";"Real";"30,94";"NULL"
"2026-04-21 22:31:28.811";"b-pk-00000037";"b-pk-00000036";"b0001-b2-p0";"Eredivisie|Arsenal : Juventus";"1,39";"Tennis";"0";"1";"2026-02-10 21:37:23.484";"MATCH ODDS";"Juventus";"44,72";"NULL"
"2026-01-27 06:18:14.369";"b-pk-00000041";"b-pk-00000040";"b0001-b3-p0";"Premier League|FC Twente : Juventus";"3,14";"Football";"0";"1";"2026-01-02 17:18:44.966";"MATCH ODDS";"Juventus";"10,98";"NULL"
"2026-03-16 15:28:21.188";"b-pk-00000042";"b-pk-00000040";"b0001-b3-p1";"UEFA Champions League|Arsenal : Fenerbahce Istanbul";"11,63";"Tennis";"1";"0";"2026-01-13 15:04:36.644";"MATCH ODDS";"Fenerbahce";"55,23";"NULL"
"2026-02-04 17:48:26.620";"b-pk-00000043";"b-pk-00000040";"b0001-b3-p2";"UEFA Champions League|FC Twente : Bayern Munich";"7,64";"Basketball";"0";"1";"2026-04-15 09:55:37.439";"MATCH ODDS";"Bayern";"25,13";"NULL"
"2026-04-03 21:14:59.270";"b-pk-00000047";"b-pk-00000046";"b0001-b4-p0";"Premier League|Ajax : Bayern Munich";"9,71";"Basketball";"0";"1";"2026-01-18 07:41:09.930";"MATCH ODDS";"Bayern";"21,98";"NULL"
"2026-03-01 02:14:43.856";"b-pk-00000050";"b-pk-00000049";"b0001-b5-p0";"Premier League|Feyenoord Rotterdam : Arsenal";"10,49";"Basketball";"0";"1";"2026-01-25 05:30:33.667";"MATCH ODDS";"Arsenal";"35,94";"NULL"
"2026-01-16 11:26:21.328";"b-pk-00000051";"b-pk-00000049";"b0001-b5-p1";"ATP Tour|FC Twente : Arsenal";"8,44";"Football";"1";"1";"2026-04-10 21:25:52.778";"MATCH ODDS";"Arsenal";"44,46";"NULL"
"2026-04-23 15:07:01.996";"b-pk-00000055";"b-pk-00000054";"b0001-b6-p0";"Premier League|FC Twente : Real Madrid";"8,00";"Football";"0";"1";"2026-01-18 13:05:14.861";"MATCH ODDS";"Real";"73,12";"NULL"
"2026-01-10 23:19:53.601";"b-pk-00000059";"b-pk-00000058";"b0001-b7-p0";"Premier League|AZ Alkmaar : Bayern Munich";"7,46";"Basketball";"1";"0";"2026-04-18 15:22:21.565";"MATCH ODDS";"Bayern";"61,27";"NULL"
"2026-01-16 23:27:11.132";"c-pk-00000018";"c-pk-00000017";"c0002-b0-p0";"UEFA Champions League|Bayern Munich : Bayern Munich";"5,31";"Basketball";"0";"1";"2026-01-13 23:02:27.019";"MATCH ODDS";"Bayern";"9,74";"NULL"
"2026-04-17 02:25:55.317";"c-pk-00000021";"c-pk-00000020";"c0002-b1-p0";"ATP Tour|Feyenoord Rotterdam : Real Madrid";"9,25";"Football";"1";"0";"2026-01-17 20:07:33.522";"MATCH ODDS";"Real";"4,68";"NULL"
"2026-03-05 14:04:30.452";"c-pk-00000025";"c-pk-00000024";"c0002-b2-p0";"Premier League|Juventus : Juventus";"8,02";"Tennis";"0";"1";"2026-01-10 14:28:02.058";"MATCH ODDS";"Juventus";"8,01";"NULL"
"2026-01-08 22:28:28.536";"c-pk-00000029";"c-pk-00000028";"c0002-b3-p0";"Eredivisie|PSV Eindhoven : Fenerbahce Istanbul";"6,85";"Football";"1";"1";"2026-03-13 13:49:21.695";"MATCH ODDS";"Fenerbahce";"12,36";"NULL"
"2026-03-27 04:42:44.848";"c-pk-00000033";"c-pk-00000032";"c0002-b4-p0";"ATP Tour|Fenerbahce Istanbul : Bayern Munich";"11,43";"Basketball";"0";"1";"2026-03-01 11:19:11.973";"MATCH ODDS";"Bayern";"5,07";"NULL"
"2026-03-26 02:46:27.080";"a-pk-00000010";"a-pk-00000009";"a0003-b0-p0";"Premier League|Arsenal : Arsenal";"5,85";"Football";"1";"1";"2026-01-03 10:42:18.313";"MATCH ODDS";"Arsenal";"9,47";"NULL"
"2026-04-02 23:55:58.361";"a-pk-00000011";"a-pk-00000009";"a0003-b0-p1";"Premier League|Real Madrid : Arsenal";"7,84";"Tennis";"1";"0";"2026-01-22 20:25:23.525";"MATCH ODDS";"Arsenal";"16,22";"NULL"
"2026-03-13 10:41:17.255";"a-pk-00000015";"a-pk-00000014";"a0003-b1-p0";"Eredivisie|Feyenoord Rotterdam : Juventus";"11,57";"Football";"0";"1";"2026-04-18 03:16:49.266";"MATCH ODDS";"Juventus";"14,38";"NULL"
"2026-02-04 04:54:04.462";"a-pk-00000016";"a-pk-00000014";"a0003-b1-p1";"ATP Tour|FC Twente : Bayern Munich";"3,06";"Basketball";"1";"0";"2026-03-22 11:45:04.563";"MATCH ODDS";"Bayern";"11,30";"NULL"
"2026-04-13 11:49:51.149";"b-pk-00000016";"b-pk-00000015";"b0004-b0-p0";"UEFA Champions League|Bayern Munich : Bayern Munich";"4,34";"Tennis";"0";"1";"2026-04-21 08:47:30.219";"MATCH ODDS";"Bayern";"4,84";"NULL"
"2026-04-16 20:12:48.987";"b-pk-00000020";"b-pk-00000019";"b0004-b1-p0";"ATP Tour|FC Twente : Real Madrid";"4,30";"Tennis";"0";"0";"2026-02-18 23:46:54.959";"MATCH ODDS";"Real";"1,71";"NULL"
"2026-02-28 16:29:17.197";"b-pk-00000023";"b-pk-00000022";"b0004-b2-p0";"ATP Tour|Juventus : Juventus";"9,94";"Tennis";"0";"1";"2026-03-23 05:00:47.345";"MATCH ODDS";"Juventus";"16,02";"NULL"
"2026-04-17 10:05:25.685";"b-pk-00000024";"b-pk-00000022";"b0004-b2-p1";"ATP Tour|Real Madrid : Real Madrid";"2,23";"Football";"1";"1";"2026-02-01 08:24:15.457";"MATCH ODDS";"Real";"15,32";"NULL"
"2026-02-05 15:09:29.765";"b-pk-00000028";"b-pk-00000027";"b0004-b3-p0";"Eredivisie|PSV Eindhoven : Bayern Munich";"11,88";"Tennis";"1";"1";"2026-02-25 07:43:48.610";"MATCH ODDS";"Bayern";"17,59";"NULL"
"2026-01-19 03:03:53.560";"b-pk-00000029";"b-pk-00000027";"b0004-b3-p1";"Premier League|AZ Alkmaar : Juventus";"10,95";"Football";"0";"0";"2026-03-28 16:28:07.696";"MATCH ODDS";"Juventus";"4,90";"NULL"
"2026-01-15 04:32:26.467";"b-pk-00000030";"b-pk-00000027";"b0004-b3-p2";"ATP Tour|Fenerbahce Istanbul : Juventus";"7,29";"Basketball";"1";"1";"2026-01-13 08:52:00.763";"MATCH ODDS";"Juventus";"5,14";"NULL"
"2026-04-03 21:42:55.552";"b-pk-00000033";"b-pk-00000032";"b0004-b4-p0";"ATP Tour|Arsenal : Arsenal";"2,64";"Tennis";"0";"0";"2026-04-17 04:46:14.854";"MATCH ODDS";"Arsenal";"1,07";"NULL"
"2026-04-27 07:15:29.354";"b-pk-00000034";"b-pk-00000032";"b0004-b4-p1";"ATP Tour|PSV Eindhoven : Arsenal";"2,88";"Football";"0";"0";"2026-04-20 00:15:13.068";"MATCH ODDS";"Arsenal";"2,92";"NULL"
"2026-03-01 06:37:09.770";"c-pk-00000011";"c-pk-00000010";"c0005-b0-p0";"Eredivisie|Juventus : Fenerbahce Istanbul";"10,06";"Tennis";"0";"1";"2026-02-19 07:36:53.869";"MATCH ODDS";"Fenerbahce";"8,39";"NULL"
"2026-03-18 12:27:11.696";"c-pk-00000015";"c-pk-00000014";"c0005-b1-p0";"Eredivisie|Arsenal : Arsenal";"7,53";"Tennis";"0";"1";"2026-02-23 02:05:17.157";"MATCH ODDS";"Arsenal";"8,22";"NULL"
"2026-04-01 09:26:24.797";"c-pk-00000019";"c-pk-00000018";"c0005-b2-p0";"Premier League|FC Twente : Fenerbahce Istanbul";"2,11";"Basketball";"0";"0";"2026-04-06 04:17:19.274";"MATCH ODDS";"Fenerbahce";"10,37";"NULL"
"2026-03-15 10:27:52.843";"c-pk-00000022";"c-pk-00000021";"c0005-b3-p0";"ATP Tour|Bayern Munich : Juventus";"10,48";"Basketball";"0";"1";"2026-03-20 22:12:30.321";"MATCH ODDS";"Juventus";"4,38";"NULL"
"2026-02-07 23:37:44.359";"a-pk-00000012";"a-pk-00000011";"a0006-b0-p0";"UEFA Champions League|Fenerbahce Istanbul : Arsenal";"10,50";"Basketball";"1";"0";"2026-02-26 06:52:13.824";"MATCH ODDS";"Arsenal";"2,13";"NULL"
"2026-03-23 09:18:36.273";"a-pk-00000013";"a-pk-00000011";"a0006-b0-p1";"Eredivisie|PSV Eindhoven : Juventus";"11,49";"Basketball";"0";"0";"2026-04-02 08:55:41.129";"MATCH ODDS";"Juventus";"14,33";"NULL"
"2026-04-11 18:00:55.792";"a-pk-00000016";"a-pk-00000015";"a0006-b1-p0";"ATP Tour|Bayern Munich : Bayern Munich";"10,35";"Football";"1";"1";"2026-01-26 17:25:13.991";"MATCH ODDS";"Bayern";"9,16";"NULL"
"2026-03-18 18:08:36.872";"a-pk-00000017";"a-pk-00000015";"a0006-b1-p1";"Premier League|PSV Eindhoven : Bayern Munich";"6,44";"Tennis";"0";"0";"2026-01-21 14:01:07.951";"MATCH ODDS";"Bayern";"17,30";"NULL"
"2026-01-01 06:30:04.135";"a-pk-00000021";"a-pk-00000020";"a0006-b2-p0";"UEFA Champions League|Real Madrid : Arsenal";"7,61";"Basketball";"1";"0";"2026-01-23 10:52:07.880";"MATCH ODDS";"Arsenal";"9,02";"NULL"
"2026-01-24 03:06:20.376";"a-pk-00000022";"a-pk-00000020";"a0006-b2-p1";"ATP Tour|Feyenoord Rotterdam : Real Madrid";"10,71";"Football";"1";"0";"2026-02-03 16:36:00.624";"MATCH ODDS";"Real";"13,35";"NULL"
"2026-01-28 21:56:19.210";"a-pk-00000026";"a-pk-00000025";"a0006-b3-p0";"Premier League|Feyenoord Rotterdam : Real Madrid";"6,79";"Basketball";"0";"1";"2026-03-21 01:50:57.812";"MATCH ODDS";"Real";"19,14";"NULL"
"2026-02-02 01:50:25.518";"a-pk-00000030";"a-pk-00000029";"a0006-b4-p0";"Premier League|Feyenoord Rotterdam : Fenerbahce Istanbul";"4,29";"Basketball";"1";"1";"2026-04-03 20:34:34.630";"MATCH ODDS";"Fenerbahce";"3,90";"NULL"
"2026-03-19 18:09:36.971";"b-pk-00000017";"b-pk-00000016";"b0007-b0-p0";"UEFA Champions League|PSV Eindhoven : Bayern Munich";"3,23";"Tennis";"1";"0";"2026-04-02 02:03:14.616";"MATCH ODDS";"Bayern";"18,29";"NULL"
"2026-03-10 10:08:10.749";"b-pk-00000021";"b-pk-00000020";"b0007-b1-p0";"UEFA Champions League|AZ Alkmaar : Juventus";"11,45";"Basketball";"1";"1";"2026-02-23 17:44:56.951";"MATCH ODDS";"Juventus";"49,48";"NULL"
"2026-02-11 23:04:15.355";"b-pk-00000025";"b-pk-00000024";"b0007-b2-p0";"ATP Tour|FC Twente : Fenerbahce Istanbul";"11,81";"Football";"0";"1";"2026-04-01 08:13:15.709";"MATCH ODDS";"Fenerbahce";"6,36";"NULL"
"2026-04-15 23:26:10.905";"b-pk-00000026";"b-pk-00000024";"b0007-b2-p1";"UEFA Champions League|Feyenoord Rotterdam : Fenerbahce Istanbul";"5,67";"Tennis";"1";"1";"2026-01-27 15:50:55.591";"MATCH ODDS";"Fenerbahce";"52,43";"NULL"
"2026-01-10 00:20:16.974";"b-pk-00000027";"b-pk-00000024";"b0007-b2-p2";"UEFA Champions League|Real Madrid : Arsenal";"2,33";"Tennis";"0";"1";"2026-02-24 02:35:57.095";"MATCH ODDS";"Arsenal";"27,70";"NULL"
"2026-02-02 11:00:27.089";"b-pk-00000031";"b-pk-00000030";"b0007-b3-p0";"ATP Tour|Feyenoord Rotterdam : Arsenal";"4,38";"Basketball";"1";"0";"2026-01-01 06:10:40.298";"MATCH ODDS";"Arsenal";"78,19";"NULL"
"2026-04-16 21:16:05.657";"b-pk-00000032";"b-pk-00000030";"b0007-b3-p1";"ATP Tour|Feyenoord Rotterdam : Bayern Munich";"7,08";"Football";"1";"1";"2026-03-06 14:02:16.450";"MATCH ODDS";"Bayern";"37,74";"NULL"
"2026-04-10 02:25:57.874";"b-pk-00000035";"b-pk-00000034";"b0007-b4-p0";"Eredivisie|FC Twente : Arsenal";"8,91";"Basketball";"0";"0";"2026-04-06 05:13:51.197";"MATCH ODDS";"Arsenal";"10,97";"NULL"
"2026-03-11 23:58:51.068";"b-pk-00000036";"b-pk-00000034";"b0007-b4-p1";"Eredivisie|AZ Alkmaar : Real Madrid";"2,14";"Basketball";"1";"1";"2026-03-17 14:58:55.012";"MATCH ODDS";"Real";"63,14";"NULL"
"2026-04-05 04:36:37.596";"b-pk-00000037";"b-pk-00000034";"b0007-b4-p2";"UEFA Champions League|Juventus : Arsenal";"9,39";"Football";"0";"0";"2026-03-28 17:56:22.898";"MATCH ODDS";"Arsenal";"33,46";"NULL"
"2026-03-09 15:54:44.701";"b-pk-00000041";"b-pk-00000040";"b0007-b5-p0";"Premier League|Fenerbahce Istanbul : Bayern Munich";"2,26";"Football";"0";"1";"2026-04-25 10:17:46.426";"MATCH ODDS";"Bayern";"48,79";"NULL"
"2026-04-25 16:55:23.840";"b-pk-00000042";"b-pk-00000040";"b0007-b5-p1";"ATP Tour|AZ Alkmaar : Real Madrid";"1,81";"Football";"0";"1";"2026-04-05 16:56:36.029";"MATCH ODDS";"Real";"14,73";"NULL"
"2026-04-22 23:15:30.354";"c-pk-00000009";"c-pk-00000008";"c0008-b0-p0";"UEFA Champions League|Bayern Munich : Juventus";"8,37";"Basketball";"1";"0";"2026-01-01 20:59:10.517";"MATCH ODDS";"Juventus";"17,13";"NULL"
"2026-04-14 01:35:35.000";"c-pk-00000013";"c-pk-00000012";"c0008-b1-p0";"UEFA Champions League|AZ Alkmaar : Fenerbahce Istanbul";"10,12";"Basketball";"1";"0";"2026-04-11 11:52:03.836";"MATCH ODDS";"Fenerbahce";"5,24";"NULL"
"2026-03-23 14:07:06.777";"c-pk-00000014";"c-pk-00000012";"c0008-b1-p1";"ATP Tour|FC Twente : Juventus";"8,32";"Football";"1";"1";"2026-03-18 16:23:44.108";"MATCH ODDS";"Juventus";"1,87";"NULL"
"2026-03-07 19:33:30.574";"a-pk-00000013";"a-pk-00000012";"a0009-b0-p0";"Premier League|Bayern Munich : Bayern Munich";"10,10";"Basketball";"0";"0";"2026-03-15 07:57:41.628";"MATCH ODDS";"Bayern";"18,45";"NULL"
"2026-01-06 17:34:00.641";"a-pk-00000016";"a-pk-00000015";"a0009-b1-p0";"UEFA Champions League|Ajax : Bayern Munich";"1,91";"Basketball";"0";"1";"2026-01-07 17:53:44.899";"MATCH ODDS";"Bayern";"19,55";"NULL"
"2026-03-01 12:43:07.547";"a-pk-00000020";"a-pk-00000019";"a0009-b2-p0";"ATP Tour|AZ Alkmaar : Arsenal";"1,26";"Basketball";"0";"0";"2026-01-12 16:06:18.805";"MATCH ODDS";"Arsenal";"14,03";"NULL"
"2026-01-02 00:36:38.403";"a-pk-00000024";"a-pk-00000023";"a0009-b3-p0";"Eredivisie|Bayern Munich : Fenerbahce Istanbul";"7,00";"Football";"1";"0";"2026-03-07 13:57:41.871";"MATCH ODDS";"Fenerbahce";"10,74";"NULL"
"2026-02-04 05:42:51.580";"a-pk-00000025";"a-pk-00000023";"a0009-b3-p1";"Premier League|Ajax : Juventus";"10,40";"Basketball";"1";"0";"2026-03-22 02:16:06.202";"MATCH ODDS";"Juventus";"14,79";"NULL"
"2026-04-18 17:30:11.379";"b-pk-00000015";"b-pk-00000014";"b0010-b0-p0";"Eredivisie|PSV Eindhoven : Arsenal";"7,24";"Tennis";"1";"1";"2026-03-25 22:25:47.141";"MATCH ODDS";"Arsenal";"17,24";"NULL"
"2026-01-07 16:25:50.346";"b-pk-00000016";"b-pk-00000014";"b0010-b0-p1";"Eredivisie|Real Madrid : Arsenal";"9,85";"Basketball";"0";"0";"2026-04-21 00:51:05.843";"MATCH ODDS";"Arsenal";"3,76";"NULL"
"2026-03-08 11:05:38.038";"b-pk-00000017";"b-pk-00000014";"b0010-b0-p2";"UEFA Champions League|Arsenal : Fenerbahce Istanbul";"9,02";"Tennis";"1";"0";"2026-02-21 15:28:00.206";"MATCH ODDS";"Fenerbahce";"17,16";"NULL"
"2026-03-12 08:14:38.986";"b-pk-00000021";"b-pk-00000020";"b0010-b1-p0";"Premier League|Fenerbahce Istanbul : Fenerbahce Istanbul";"3,30";"Tennis";"0";"1";"2026-02-14 16:06:35.074";"MATCH ODDS";"Fenerbahce";"10,56";"NULL"
"2026-03-14 11:33:34.009";"b-pk-00000025";"b-pk-00000024";"b0010-b2-p0";"Eredivisie|AZ Alkmaar : Real Madrid";"8,77";"Tennis";"0";"1";"2026-01-13 21:47:52.350";"MATCH ODDS";"Real";"2,44";"NULL"
"2026-03-10 20:47:34.828";"c-pk-00000014";"c-pk-00000013";"c0011-b0-p0";"Eredivisie|Feyenoord Rotterdam : Arsenal";"4,10";"Football";"0";"0";"2026-02-10 03:40:29.632";"MATCH ODDS";"Arsenal";"9,60";"NULL"
"2026-01-05 01:34:01.190";"c-pk-00000015";"c-pk-00000013";"c0011-b0-p1";"Premier League|Arsenal : Real Madrid";"11,70";"Tennis";"1";"0";"2026-04-24 00:14:05.154";"MATCH ODDS";"Real";"1,28";"NULL"
"2026-01-25 22:15:24.789";"c-pk-00000018";"c-pk-00000017";"c0011-b1-p0";"UEFA Champions League|Bayern Munich : Arsenal";"11,73";"Football";"0";"0";"2026-04-24 03:33:42.213";"MATCH ODDS";"Arsenal";"9,98";"NULL"
"2026-01-13 07:00:02.595";"c-pk-00000022";"c-pk-00000021";"c0011-b2-p0";"Premier League|Feyenoord Rotterdam : Real Madrid";"9,66";"Tennis";"0";"1";"2026-01-08 05:31:05.702";"MATCH ODDS";"Real";"12,75";"NULL"
"2026-02-23 17:50:06.128";"c-pk-00000023";"c-pk-00000021";"c0011-b2-p1";"Premier League|Fenerbahce Istanbul : Fenerbahce Istanbul";"6,47";"Tennis";"1";"1";"2026-02-01 22:24:22.741";"MATCH ODDS";"Fenerbahce";"3,56";"NULL"
"2026-04-07 18:11:34.356";"c-pk-00000024";"c-pk-00000021";"c0011-b2-p2";"Premier League|Arsenal : Arsenal";"4,70";"Tennis";"1";"0";"2026-01-17 04:28:18.839";"MATCH ODDS";"Arsenal";"6,00";"NULL"
"2026-03-04 03:33:42.068";"c-pk-00000028";"c-pk-00000027";"c0011-b3-p0";"ATP Tour|PSV Eindhoven : Bayern Munich";"1,67";"Football";"0";"0";"2026-02-04 15:12:06.032";"MATCH ODDS";"Bayern";"11,85";"NULL"
"2026-01-12 07:38:45.072";"c-pk-00000029";"c-pk-00000027";"c0011-b3-p1";"Premier League|Arsenal : Juventus";"1,34";"Football";"1";"0";"2026-04-26 20:03:23.571";"MATCH ODDS";"Juventus";"15,13";"NULL"
"2026-01-24 02:53:19.079";"c-pk-00000030";"c-pk-00000027";"c0011-b3-p2";"Premier League|Bayern Munich : Fenerbahce Istanbul";"11,40";"Basketball";"0";"0";"2026-02-18 12:12:12.538";"MATCH ODDS";"Fenerbahce";"13,48";"NULL"
"2026-03-28 11:26:48.648";"c-pk-00000034";"c-pk-00000033";"c0011-b4-p0";"Premier League|Arsenal : Bayern Munich";"5,85";"Basketball";"1";"0";"2026-02-13 17:59:47.260";"MATCH ODDS";"Bayern";"7,84";"NULL"
"2026-03-20 00:33:08.911";"c-pk-00000035";"c-pk-00000033";"c0011-b4-p1";"UEFA Champions League|AZ Alkmaar : Fenerbahce Istanbul";"4,46";"Tennis";"0";"0";"2026-03-01 22:52:17.941";"MATCH ODDS";"Fenerbahce";"11,52";"NULL"
"2026-01-15 11:09:08.271";"c-pk-00000036";"c-pk-00000033";"c0011-b4-p2";"UEFA Champions League|Juventus : Real Madrid";"5,16";"Basketball";"0";"0";"2026-03-26 09:05:36.409";"MATCH ODDS";"Real";"11,81";"NULL"
"2026-01-17 03:28:29.846";"a-pk-00000015";"a-pk-00000014";"a0012-b0-p0";"ATP Tour|Arsenal : Bayern Munich";"10,68";"Football";"1";"0";"2026-04-17 20:03:12.298";"MATCH ODDS";"Bayern";"9,35";"NULL"
"2026-04-10 19:58:03.706";"a-pk-00000016";"a-pk-00000014";"a0012-b0-p1";"Eredivisie|Bayern Munich : Arsenal";"6,78";"Football";"1";"1";"2026-01-24 16:07:11.797";"MATCH ODDS";"Arsenal";"12,12";"NULL"
"2026-04-11 14:01:11.464";"a-pk-00000017";"a-pk-00000014";"a0012-b0-p2";"ATP Tour|Juventus : Real Madrid";"7,58";"Basketball";"0";"1";"2026-01-09 10:44:41.928";"MATCH ODDS";"Real";"14,52";"NULL"
"2026-02-06 22:03:26.315";"a-pk-00000020";"a-pk-00000019";"a0012-b1-p0";"Eredivisie|Juventus : Real Madrid";"4,54";"Tennis";"1";"0";"2026-01-05 06:00:39.783";"MATCH ODDS";"Real";"5,81";"NULL"
"2026-03-16 14:54:10.289";"b-pk-00000015";"b-pk-00000014";"b0013-b0-p0";"UEFA Champions League|Feyenoord Rotterdam : Arsenal";"9,49";"Basketball";"0";"0";"2026-04-27 22:50:06.333";"MATCH ODDS";"Arsenal";"11,57";"NULL"
"2026-04-19 13:15:39.249";"b-pk-00000016";"b-pk-00000014";"b0013-b0-p1";"ATP Tour|PSV Eindhoven : Juventus";"7,12";"Tennis";"1";"0";"2026-03-07 22:37:27.803";"MATCH ODDS";"Juventus";"19,62";"NULL"
"2026-04-21 21:03:05.222";"b-pk-00000020";"b-pk-00000019";"b0013-b1-p0";"Premier League|Juventus : Arsenal";"10,02";"Basketball";"0";"0";"2026-02-15 17:18:24.630";"MATCH ODDS";"Arsenal";"11,98";"NULL"
"2026-03-04 09:55:01.240";"b-pk-00000023";"b-pk-00000022";"b0013-b2-p0";"UEFA Champions League|FC Twente : Fenerbahce Istanbul";"5,86";"Basketball";"1";"1";"2026-04-13 12:27:34.216";"MATCH ODDS";"Fenerbahce";"13,59";"NULL"
"2026-03-27 13:09:18.893";"b-pk-00000024";"b-pk-00000022";"b0013-b2-p1";"ATP Tour|Ajax : Juventus";"8,44";"Football";"0";"0";"2026-01-05 23:56:31.673";"MATCH ODDS";"Juventus";"9,30";"NULL"
"2026-03-22 09:25:03.647";"c-pk-00000016";"c-pk-00000015";"c0014-b0-p0";"Premier League|Arsenal : Fenerbahce Istanbul";"11,97";"Basketball";"0";"1";"2026-03-03 14:48:49.296";"MATCH ODDS";"Fenerbahce";"13,31";"NULL"
"2026-03-23 12:57:06.645";"c-pk-00000017";"c-pk-00000015";"c0014-b0-p1";"Eredivisie|Feyenoord Rotterdam : Arsenal";"8,64";"Tennis";"0";"1";"2026-02-05 01:12:01.737";"MATCH ODDS";"Arsenal";"19,93";"NULL"
"2026-04-18 14:01:02.347";"c-pk-00000018";"c-pk-00000015";"c0014-b0-p2";"Premier League|AZ Alkmaar : Fenerbahce Istanbul";"1,81";"Basketball";"0";"1";"2026-01-07 20:42:33.469";"MATCH ODDS";"Fenerbahce";"18,86";"NULL"
"2026-01-04 15:38:51.630";"c-pk-00000022";"c-pk-00000021";"c0014-b1-p0";"UEFA Champions League|Ajax : Juventus";"3,58";"Football";"1";"1";"2026-04-11 03:43:36.558";"MATCH ODDS";"Juventus";"3,61";"NULL"
"2026-01-16 02:00:00.183";"c-pk-00000025";"c-pk-00000024";"c0014-b2-p0";"Eredivisie|Juventus : Arsenal";"11,20";"Basketball";"1";"1";"2026-04-23 04:13:09.655";"MATCH ODDS";"Arsenal";"6,15";"NULL"
"2026-01-05 06:19:30.888";"a-pk-00000030";"a-pk-00000029";"a0015-b0-p0";"Eredivisie|Arsenal : Arsenal";"6,87";"Tennis";"0";"1";"2026-01-01 13:40:58.279";"MATCH ODDS";"Arsenal";"33,75";"NULL"
"2026-03-14 05:31:58.704";"a-pk-00000034";"a-pk-00000033";"a0015-b1-p0";"UEFA Champions League|PSV Eindhoven : Arsenal";"8,16";"Football";"0";"1";"2026-04-03 19:47:23.595";"MATCH ODDS";"Arsenal";"38,96";"NULL"
"2026-03-10 16:40:59.078";"a-pk-00000038";"a-pk-00000037";"a0015-b2-p0";"UEFA Champions League|AZ Alkmaar : Bayern Munich";"6,75";"Basketball";"0";"0";"2026-02-18 10:55:20.846";"MATCH ODDS";"Bayern";"67,75";"NULL"
"2026-04-15 02:07:52.134";"a-pk-00000042";"a-pk-00000041";"a0015-b3-p0";"UEFA Champions League|Ajax : Juventus";"11,17";"Tennis";"1";"1";"2026-03-05 14:56:38.535";"MATCH ODDS";"Juventus";"61,32";"NULL"
"2026-02-05 22:09:44.232";"a-pk-00000043";"a-pk-00000041";"a0015-b3-p1";"UEFA Champions League|PSV Eindhoven : Fenerbahce Istanbul";"4,52";"Football";"0";"0";"2026-04-23 03:04:01.793";"MATCH ODDS";"Fenerbahce";"39,26";"NULL"
"2026-01-16 03:58:16.044";"a-pk-00000044";"a-pk-00000041";"a0015-b3-p2";"UEFA Champions League|Ajax : Fenerbahce Istanbul";"1,92";"Basketball";"0";"0";"2026-01-20 06:37:57.204";"MATCH ODDS";"Fenerbahce";"15,60";"NULL"
"2026-01-07 16:54:45.486";"a-pk-00000048";"a-pk-00000047";"a0015-b4-p0";"UEFA Champions League|PSV Eindhoven : Real Madrid";"5,16";"Basketball";"0";"1";"2026-01-06 11:24:27.219";"MATCH ODDS";"Real";"41,63";"NULL"
"2026-01-17 04:31:48.369";"a-pk-00000049";"a-pk-00000047";"a0015-b4-p1";"ATP Tour|PSV Eindhoven : Fenerbahce Istanbul";"8,81";"Basketball";"0";"0";"2026-03-16 03:24:18.467";"MATCH ODDS";"Fenerbahce";"48,43";"NULL"
"2026-03-28 13:12:54.071";"a-pk-00000050";"a-pk-00000047";"a0015-b4-p2";"ATP Tour|AZ Alkmaar : Real Madrid";"10,86";"Tennis";"1";"0";"2026-01-22 15:43:06.405";"MATCH ODDS";"Real";"35,61";"NULL"
"2026-04-12 15:42:38.972";"a-pk-00000054";"a-pk-00000053";"a0015-b5-p0";"Premier League|FC Twente : Juventus";"5,57";"Tennis";"1";"0";"2026-04-04 03:16:31.509";"MATCH ODDS";"Juventus";"19,23";"NULL"
"2026-01-28 02:20:38.305";"b-pk-00000009";"b-pk-00000008";"b0016-b0-p0";"UEFA Champions League|Fenerbahce Istanbul : Arsenal";"10,57";"Tennis";"1";"0";"2026-04-27 23:53:08.241";"MATCH ODDS";"Arsenal";"3,13";"NULL"
"2026-04-03 07:38:07.791";"b-pk-00000010";"b-pk-00000008";"b0016-b0-p1";"Premier League|Fenerbahce Istanbul : Juventus";"9,91";"Tennis";"1";"0";"2026-04-07 04:06:11.219";"MATCH ODDS";"Juventus";"19,43";"NULL"
"2026-04-18 11:44:07.324";"b-pk-00000011";"b-pk-00000008";"b0016-b0-p2";"UEFA Champions League|PSV Eindhoven : Juventus";"7,09";"Tennis";"0";"1";"2026-02-12 15:45:23.841";"MATCH ODDS";"Juventus";"6,86";"NULL"
"2026-01-27 07:19:13.880";"b-pk-00000015";"b-pk-00000014";"b0016-b1-p0";"Premier League|AZ Alkmaar : Bayern Munich";"10,81";"Tennis";"1";"1";"2026-01-09 02:52:49.963";"MATCH ODDS";"Bayern";"10,34";"NULL"
"2026-02-23 08:32:04.360";"b-pk-00000016";"b-pk-00000014";"b0016-b1-p1";"UEFA Champions League|Bayern Munich : Arsenal";"5,75";"Basketball";"1";"1";"2026-01-25 01:41:41.188";"MATCH ODDS";"Arsenal";"12,97";"NULL"
"2026-02-03 13:23:11.402";"b-pk-00000020";"b-pk-00000019";"b0016-b2-p0";"Premier League|FC Twente : Bayern Munich";"10,67";"Basketball";"0";"0";"2026-01-18 20:39:40.234";"MATCH ODDS";"Bayern";"18,23";"NULL"
"2026-01-13 19:27:38.266";"b-pk-00000021";"b-pk-00000019";"b0016-b2-p1";"Eredivisie|Real Madrid : Bayern Munich";"2,81";"Tennis";"0";"0";"2026-01-23 16:27:49.942";"MATCH ODDS";"Bayern";"18,64";"NULL"
"2026-02-12 18:43:41.469";"b-pk-00000025";"b-pk-00000024";"b0016-b3-p0";"ATP Tour|PSV Eindhoven : Real Madrid";"2,13";"Tennis";"0";"1";"2026-04-22 06:45:24.725";"MATCH ODDS";"Real";"9,04";"NULL"
"2026-02-23 01:33:01.432";"c-pk-00000016";"c-pk-00000015";"c0017-b0-p0";"ATP Tour|FC Twente : Juventus";"7,43";"Basketball";"0";"1";"2026-04-16 03:31:39.961";"MATCH ODDS";"Juventus";"13,28";"NULL"
"2026-03-24 06:30:22.448";"c-pk-00000017";"c-pk-00000015";"c0017-b0-p1";"Eredivisie|AZ Alkmaar : Fenerbahce Istanbul";"3,71";"Football";"1";"1";"2026-02-10 23:45:24.982";"MATCH ODDS";"Fenerbahce";"8,92";"NULL"
"2026-01-12 08:22:43.162";"c-pk-00000021";"c-pk-00000020";"c0017-b1-p0";"UEFA Champions League|Ajax : Juventus";"3,09";"Basketball";"0";"0";"2026-03-14 03:39:14.123";"MATCH ODDS";"Juventus";"11,68";"NULL"
"2026-01-06 20:07:55.210";"c-pk-00000025";"c-pk-00000024";"c0017-b2-p0";"UEFA Champions League|Juventus : Fenerbahce Istanbul";"11,04";"Football";"1";"1";"2026-04-24 03:09:41.372";"MATCH ODDS";"Fenerbahce";"7,36";"NULL"
"2026-02-05 13:26:58.419";"c-pk-00000028";"c-pk-00000027";"c0017-b3-p0";"ATP Tour|Real Madrid : Juventus";"10,90";"Basketball";"1";"0";"2026-04-05 00:45:51.529";"MATCH ODDS";"Juventus";"18,93";"NULL"
"2026-04-02 12:48:02.676";"c-pk-00000029";"c-pk-00000027";"c0017-b3-p1";"Eredivisie|PSV Eindhoven : Arsenal";"11,16";"Football";"0";"1";"2026-04-13 21:44:35.894";"MATCH ODDS";"Arsenal";"6,78";"NULL"
"2026-02-23 12:28:41.210";"c-pk-00000030";"c-pk-00000027";"c0017-b3-p2";"Premier League|Bayern Munich : Fenerbahce Istanbul";"10,79";"Basketball";"1";"1";"2026-04-25 06:56:19.086";"MATCH ODDS";"Fenerbahce";"1,70";"NULL"
"2026-01-27 11:16:40.519";"c-pk-00000034";"c-pk-00000033";"c0017-b4-p0";"UEFA Champions League|Bayern Munich : Arsenal";"5,03";"Football";"0";"1";"2026-03-19 23:00:29.347";"MATCH ODDS";"Arsenal";"19,68";"NULL"
"2026-01-06 23:34:36.071";"a-pk-00000010";"a-pk-00000009";"a0018-b0-p0";"Premier League|Real Madrid : Juventus";"4,45";"Tennis";"0";"0";"2026-03-14 06:39:32.980";"MATCH ODDS";"Juventus";"16,24";"NULL"
"2026-03-08 21:20:21.215";"a-pk-00000011";"a-pk-00000009";"a0018-b0-p1";"ATP Tour|Bayern Munich : Bayern Munich";"6,17";"Basketball";"1";"0";"2026-02-21 00:38:30.004";"MATCH ODDS";"Bayern";"18,13";"NULL"
"2026-01-04 14:23:59.197";"a-pk-00000015";"a-pk-00000014";"a0018-b1-p0";"Eredivisie|Bayern Munich : Arsenal";"6,00";"Football";"0";"1";"2026-03-07 02:52:39.640";"MATCH ODDS";"Arsenal";"6,76";"NULL"
"2026-01-09 15:57:45.723";"a-pk-00000016";"a-pk-00000014";"a0018-b1-p1";"Premier League|Real Madrid : Arsenal";"7,75";"Football";"0";"1";"2026-01-28 08:36:32.505";"MATCH ODDS";"Arsenal";"4,24";"NULL"
"2026-04-01 13:41:43.965";"a-pk-00000019";"a-pk-00000018";"a0018-b2-p0";"Premier League|Juventus : Juventus";"8,22";"Tennis";"1";"1";"2026-03-04 21:33:29.507";"MATCH ODDS";"Juventus";"7,87";"NULL"
"2026-02-06 10:19:04.641";"a-pk-00000022";"a-pk-00000021";"a0018-b3-p0";"Eredivisie|Arsenal : Fenerbahce Istanbul";"7,95";"Football";"1";"1";"2026-01-19 20:59:21.860";"MATCH ODDS";"Fenerbahce";"5,76";"NULL"
"2026-02-11 06:43:21.256";"b-pk-00000012";"b-pk-00000011";"b0019-b0-p0";"UEFA Champions League|Feyenoord Rotterdam : Bayern Munich";"4,47";"Basketball";"1";"0";"2026-02-28 22:47:34.934";"MATCH ODDS";"Bayern";"5,96";"NULL"
"2026-02-14 22:26:13.449";"b-pk-00000016";"b-pk-00000015";"b0019-b1-p0";"Premier League|Bayern Munich : Fenerbahce Istanbul";"6,06";"Basketball";"0";"1";"2026-02-19 04:19:47.009";"MATCH ODDS";"Fenerbahce";"10,50";"NULL"
"2026-04-14 21:48:25.781";"b-pk-00000017";"b-pk-00000015";"b0019-b1-p1";"Eredivisie|Bayern Munich : Bayern Munich";"9,61";"Basketball";"1";"1";"2026-01-19 01:59:08.157";"MATCH ODDS";"Bayern";"19,57";"NULL"
"2026-04-07 12:04:34.395";"b-pk-00000018";"b-pk-00000015";"b0019-b1-p2";"ATP Tour|Juventus : Juventus";"3,23";"Football";"1";"1";"2026-03-03 05:06:43.566";"MATCH ODDS";"Juventus";"4,38";"NULL"
"2026-04-24 02:24:57.886";"b-pk-00000022";"b-pk-00000021";"b0019-b2-p0";"ATP Tour|Feyenoord Rotterdam : Real Madrid";"3,43";"Football";"1";"1";"2026-04-06 19:36:19.601";"MATCH ODDS";"Real";"4,86";"NULL"
"2026-01-05 14:04:52.408";"b-pk-00000023";"b-pk-00000021";"b0019-b2-p1";"Eredivisie|Arsenal : Bayern Munich";"7,73";"Football";"1";"1";"2026-04-15 18:02:47.093";"MATCH ODDS";"Bayern";"6,47";"NULL"
"2026-01-23 23:46:57.222";"b-pk-00000027";"b-pk-00000026";"b0019-b3-p0";"Premier League|Real Madrid : Bayern Munich";"11,01";"Tennis";"0";"1";"2026-01-25 03:32:49.798";"MATCH ODDS";"Bayern";"7,19";"NULL"
"2026-04-13 05:30:28.432";"c-pk-00000011";"c-pk-00000010";"c0020-b0-p0";"Premier League|Arsenal : Fenerbahce Istanbul";"6,66";"Basketball";"1";"0";"2026-04-01 12:27:54.085";"MATCH ODDS";"Fenerbahce";"15,42";"NULL"
"2026-02-09 12:29:19.464";"c-pk-00000012";"c-pk-00000010";"c0020-b0-p1";"Eredivisie|Juventus : Juventus";"4,26";"Basketball";"1";"0";"2026-03-05 22:30:12.158";"MATCH ODDS";"Juventus";"18,41";"NULL"
"2026-03-25 23:22:32.726";"c-pk-00000015";"c-pk-00000014";"c0020-b1-p0";"ATP Tour|Real Madrid : Real Madrid";"6,48";"Basketball";"1";"0";"2026-04-14 23:15:15.489";"MATCH ODDS";"Real";"1,66";"NULL"
"2026-04-22 04:16:15.616";"c-pk-00000016";"c-pk-00000014";"c0020-b1-p1";"Premier League|Fenerbahce Istanbul : Real Madrid";"7,45";"Basketball";"0";"0";"2026-01-25 02:41:45.938";"MATCH ODDS";"Real";"8,30";"NULL"
"2026-02-24 12:44:19.006";"c-pk-00000020";"c-pk-00000019";"c0020-b2-p0";"Premier League|Bayern Munich : Real Madrid";"11,86";"Tennis";"0";"0";"2026-01-25 22:26:33.426";"MATCH ODDS";"Real";"13,44";"NULL"
"2026-02-03 09:05:24.127";"c-pk-00000024";"c-pk-00000023";"c0020-b3-p0";"UEFA Champions League|AZ Alkmaar : Arsenal";"4,19";"Tennis";"0";"0";"2026-04-16 21:48:06.009";"MATCH ODDS";"Arsenal";"2,16";"NULL"
"2026-01-26 10:09:52.733";"a-pk-00000012";"a-pk-00000011";"a0021-b0-p0";"ATP Tour|Arsenal : Bayern Munich";"3,47";"Basketball";"0";"0";"2026-02-28 15:46:25.306";"MATCH ODDS";"Bayern";"19,70";"NULL"
"2026-03-14 21:30:22.775";"a-pk-00000013";"a-pk-00000011";"a0021-b0-p1";"ATP Tour|Real Madrid : Fenerbahce Istanbul";"5,43";"Football";"1";"1";"2026-02-23 17:25:06.134";"MATCH ODDS";"Fenerbahce";"7,14";"NULL"
"2026-02-19 04:28:44.494";"a-pk-00000014";"a-pk-00000011";"a0021-b0-p2";"ATP Tour|Fenerbahce Istanbul : Bayern Munich";"4,34";"Football";"0";"0";"2026-02-24 20:00:23.743";"MATCH ODDS";"Bayern";"17,27";"NULL"
"2026-01-08 12:31:19.704";"a-pk-00000017";"a-pk-00000016";"a0021-b1-p0";"UEFA Champions League|Arsenal : Real Madrid";"7,64";"Football";"1";"0";"2026-04-28 20:24:17.647";"MATCH ODDS";"Real";"13,41";"NULL"
"2026-04-27 22:01:25.569";"a-pk-00000021";"a-pk-00000020";"a0021-b2-p0";"Eredivisie|PSV Eindhoven : Fenerbahce Istanbul";"10,03";"Basketball";"1";"0";"2026-01-25 06:42:57.120";"MATCH ODDS";"Fenerbahce";"4,43";"NULL"
"2026-03-04 01:08:36.211";"a-pk-00000022";"a-pk-00000020";"a0021-b2-p1";"ATP Tour|Real Madrid : Fenerbahce Istanbul";"8,25";"Football";"1";"0";"2026-01-04 16:19:23.989";"MATCH ODDS";"Fenerbahce";"11,34";"NULL"
"2026-01-17 09:42:34.455";"a-pk-00000023";"a-pk-00000020";"a0021-b2-p2";"Premier League|Feyenoord Rotterdam : Real Madrid";"2,71";"Tennis";"1";"1";"2026-02-23 03:42:52.045";"MATCH ODDS";"Real";"5,50";"NULL"
"2026-04-16 17:31:51.698";"b-pk-00000016";"b-pk-00000015";"b0022-b0-p0";"UEFA Champions League|Arsenal : Bayern Munich";"8,91";"Tennis";"1";"1";"2026-02-04 03:50:01.129";"MATCH ODDS";"Bayern";"3,96";"NULL"
"2026-04-07 15:45:50.829";"b-pk-00000020";"b-pk-00000019";"b0022-b1-p0";"Eredivisie|Feyenoord Rotterdam : Bayern Munich";"2,31";"Basketball";"0";"0";"2026-02-08 03:08:25.039";"MATCH ODDS";"Bayern";"6,20";"NULL"
"2026-03-12 08:22:45.428";"b-pk-00000023";"b-pk-00000022";"b0022-b2-p0";"UEFA Champions League|Feyenoord Rotterdam : Bayern Munich";"3,87";"Football";"0";"0";"2026-01-02 21:47:20.217";"MATCH ODDS";"Bayern";"6,42";"NULL"
"2026-02-09 15:23:21.311";"b-pk-00000024";"b-pk-00000022";"b0022-b2-p1";"ATP Tour|FC Twente : Fenerbahce Istanbul";"2,40";"Basketball";"0";"0";"2026-03-12 23:51:23.760";"MATCH ODDS";"Fenerbahce";"15,80";"NULL"
"2026-02-19 12:05:56.108";"b-pk-00000025";"b-pk-00000022";"b0022-b2-p2";"Premier League|Bayern Munich : Real Madrid";"2,61";"Basketball";"0";"0";"2026-02-07 22:28:59.101";"MATCH ODDS";"Real";"2,42";"NULL"
"2026-01-16 13:33:59.975";"b-pk-00000029";"b-pk-00000028";"b0022-b3-p0";"ATP Tour|Arsenal : Fenerbahce Istanbul";"6,64";"Football";"0";"1";"2026-02-10 01:36:03.813";"MATCH ODDS";"Fenerbahce";"19,48";"NULL"
"2026-02-16 23:08:47.540";"c-pk-00000015";"c-pk-00000014";"c0023-b0-p0";"Eredivisie|FC Twente : Arsenal";"8,74";"Tennis";"1";"1";"2026-03-15 20:44:00.293";"MATCH ODDS";"Arsenal";"9,79";"NULL"
"2026-02-24 06:25:39.057";"c-pk-00000018";"c-pk-00000017";"c0023-b1-p0";"ATP Tour|Bayern Munich : Fenerbahce Istanbul";"3,56";"Football";"0";"1";"2026-04-11 20:41:25.847";"MATCH ODDS";"Fenerbahce";"31,06";"NULL"
"2026-03-04 03:04:23.617";"c-pk-00000019";"c-pk-00000017";"c0023-b1-p1";"Eredivisie|PSV Eindhoven : Arsenal";"9,61";"Tennis";"0";"0";"2026-03-06 17:06:04.216";"MATCH ODDS";"Arsenal";"48,17";"NULL"
"2026-02-23 21:06:21.417";"c-pk-00000023";"c-pk-00000022";"c0023-b2-p0";"Premier League|Bayern Munich : Arsenal";"10,88";"Basketball";"0";"0";"2026-01-19 12:30:37.889";"MATCH ODDS";"Arsenal";"68,31";"NULL"
"2026-01-23 07:56:13.826";"c-pk-00000024";"c-pk-00000022";"c0023-b2-p1";"UEFA Champions League|Ajax : Arsenal";"8,56";"Football";"0";"1";"2026-04-26 04:21:18.368";"MATCH ODDS";"Arsenal";"50,25";"NULL"
"2026-03-06 02:17:36.372";"c-pk-00000028";"c-pk-00000027";"c0023-b3-p0";"Eredivisie|AZ Alkmaar : Bayern Munich";"5,02";"Football";"0";"1";"2026-03-16 08:48:56.452";"MATCH ODDS";"Bayern";"52,37";"NULL"
"2026-04-20 03:06:09.289";"a-pk-00000010";"a-pk-00000009";"a0024-b0-p0";"UEFA Champions League|Juventus : Fenerbahce Istanbul";"4,03";"Football";"0";"0";"2026-04-28 11:58:53.212";"MATCH ODDS";"Fenerbahce";"8,43";"NULL"
"2026-02-17 23:16:59.124";"a-pk-00000014";"a-pk-00000013";"a0024-b1-p0";"UEFA Champions League|Bayern Munich : Arsenal";"3,28";"Football";"0";"0";"2026-02-28 11:07:57.222";"MATCH ODDS";"Arsenal";"1,56";"NULL"
"2026-03-13 03:37:50.784";"a-pk-00000017";"a-pk-00000016";"a0024-b2-p0";"Eredivisie|Bayern Munich : Real Madrid";"7,55";"Football";"0";"1";"2026-04-15 13:38:47.278";"MATCH ODDS";"Real";"16,50";"NULL"
"2026-04-26 05:22:15.074";"a-pk-00000021";"a-pk-00000020";"a0024-b3-p0";"Premier League|Feyenoord Rotterdam : Real Madrid";"3,52";"Tennis";"1";"0";"2026-03-04 00:20:44.011";"MATCH ODDS";"Real";"14,62";"NULL"
"2026-03-22 11:56:21.400";"b-pk-00000017";"b-pk-00000016";"b0025-b0-p0";"Eredivisie|Arsenal : Juventus";"7,56";"Tennis";"1";"0";"2026-01-19 16:44:21.854";"MATCH ODDS";"Juventus";"49,38";"NULL"
"2026-03-04 00:31:59.701";"b-pk-00000018";"b-pk-00000016";"b0025-b0-p1";"Premier League|AZ Alkmaar : Juventus";"2,79";"Basketball";"0";"1";"2026-02-10 15:18:04.818";"MATCH ODDS";"Juventus";"24,28";"NULL"
"2026-01-16 09:00:27.360";"b-pk-00000019";"b-pk-00000016";"b0025-b0-p2";"UEFA Champions League|Ajax : Bayern Munich";"8,33";"Football";"0";"1";"2026-02-12 09:50:54.514";"MATCH ODDS";"Bayern";"53,56";"NULL"
"2026-02-19 13:43:56.330";"b-pk-00000023";"b-pk-00000022";"b0025-b1-p0";"Premier League|Bayern Munich : Juventus";"9,89";"Football";"0";"1";"2026-02-14 17:12:19.312";"MATCH ODDS";"Juventus";"7,76";"NULL"
"2026-02-19 16:23:08.635";"b-pk-00000027";"b-pk-00000026";"b0025-b2-p0";"Premier League|Ajax : Juventus";"7,07";"Basketball";"1";"0";"2026-04-05 12:42:00.473";"MATCH ODDS";"Juventus";"64,79";"NULL"
"2026-01-09 20:06:21.608";"b-pk-00000028";"b-pk-00000026";"b0025-b2-p1";"UEFA Champions League|Arsenal : Fenerbahce Istanbul";"2,25";"Tennis";"1";"1";"2026-01-04 23:37:43.523";"MATCH ODDS";"Fenerbahce";"59,41";"NULL"
"2026-01-08 06:06:30.025";"b-pk-00000031";"b-pk-00000030";"b0025-b3-p0";"UEFA Champions League|Ajax : Juventus";"10,19";"Tennis";"1";"0";"2026-01-10 12:30:11.839";"MATCH ODDS";"Juventus";"19,56";"NULL"
"2026-04-19 23:36:49.531";"c-pk-00000023";"c-pk-00000022";"c0026-b0-p0";"ATP Tour|PSV Eindhoven : Juventus";"4,01";"Tennis";"1";"0";"2026-02-01 08:51:43.973";"MATCH ODDS";"Juventus";"22,68";"NULL"
"2026-04-02 19:17:23.275";"c-pk-00000024";"c-pk-00000022";"c0026-b0-p1";"Premier League|Juventus : Bayern Munich";"8,32";"Basketball";"0";"0";"2026-03-19 21:20:53.270";"MATCH ODDS";"Bayern";"67,96";"NULL"
"2026-04-02 11:30:40.864";"c-pk-00000025";"c-pk-00000022";"c0026-b0-p2";"UEFA Champions League|Feyenoord Rotterdam : Arsenal";"7,21";"Tennis";"0";"0";"2026-03-20 17:20:04.451";"MATCH ODDS";"Arsenal";"15,20";"NULL"
"2026-03-18 22:02:38.240";"c-pk-00000029";"c-pk-00000028";"c0026-b1-p0";"UEFA Champions League|PSV Eindhoven : Bayern Munich";"4,98";"Football";"1";"0";"2026-01-08 06:20:36.380";"MATCH ODDS";"Bayern";"66,50";"NULL"
"2026-03-17 22:49:47.520";"c-pk-00000033";"c-pk-00000032";"c0026-b2-p0";"Eredivisie|Fenerbahce Istanbul : Fenerbahce Istanbul";"9,66";"Basketball";"1";"0";"2026-04-27 18:02:42.743";"MATCH ODDS";"Fenerbahce";"12,86";"NULL"
"2026-03-24 03:44:15.455";"c-pk-00000037";"c-pk-00000036";"c0026-b3-p0";"ATP Tour|PSV Eindhoven : Real Madrid";"9,11";"Tennis";"1";"0";"2026-03-18 16:04:58.370";"MATCH ODDS";"Real";"52,61";"NULL"
"2026-01-28 00:48:33.104";"a-pk-00000012";"a-pk-00000011";"a0027-b0-p0";"UEFA Champions League|FC Twente : Real Madrid";"6,62";"Tennis";"0";"0";"2026-03-10 00:14:40.790";"MATCH ODDS";"Real";"14,07";"NULL"
"2026-02-27 23:56:17.882";"a-pk-00000013";"a-pk-00000011";"a0027-b0-p1";"ATP Tour|Feyenoord Rotterdam : Arsenal";"2,12";"Football";"1";"0";"2026-01-24 17:38:58.155";"MATCH ODDS";"Arsenal";"2,82";"NULL"
"2026-03-16 09:58:44.546";"a-pk-00000017";"a-pk-00000016";"a0027-b1-p0";"ATP Tour|Feyenoord Rotterdam : Real Madrid";"6,67";"Tennis";"0";"1";"2026-04-12 17:45:06.463";"MATCH ODDS";"Real";"5,26";"NULL"
"2026-04-16 05:30:47.895";"b-pk-00000011";"b-pk-00000010";"b0028-b0-p0";"ATP Tour|Juventus : Fenerbahce Istanbul";"8,19";"Basketball";"0";"0";"2026-03-01 19:57:45.156";"MATCH ODDS";"Fenerbahce";"14,41";"NULL"
"2026-01-02 14:40:45.063";"b-pk-00000012";"b-pk-00000010";"b0028-b0-p1";"ATP Tour|Ajax : Fenerbahce Istanbul";"4,59";"Basketball";"1";"0";"2026-01-11 21:54:57.324";"MATCH ODDS";"Fenerbahce";"18,06";"NULL"
"2026-02-21 23:53:53.963";"b-pk-00000015";"b-pk-00000014";"b0028-b1-p0";"ATP Tour|FC Twente : Real Madrid";"1,23";"Tennis";"1";"0";"2026-03-15 18:53:44.088";"MATCH ODDS";"Real";"11,76";"NULL"
"2026-01-06 10:37:40.988";"b-pk-00000016";"b-pk-00000014";"b0028-b1-p1";"Eredivisie|Feyenoord Rotterdam : Fenerbahce Istanbul";"1,42";"Football";"0";"0";"2026-03-15 02:56:46.965";"MATCH ODDS";"Fenerbahce";"5,69";"NULL"
"2026-03-14 08:47:40.118";"c-pk-00000010";"c-pk-00000009";"c0029-b0-p0";"UEFA Champions League|AZ Alkmaar : Arsenal";"7,72";"Tennis";"1";"1";"2026-03-28 17:23:07.804";"MATCH ODDS";"Arsenal";"4,40";"NULL"
"2026-03-09 13:21:43.303";"c-pk-00000014";"c-pk-00000013";"c0029-b1-p0";"UEFA Champions League|Arsenal : Bayern Munich";"9,48";"Football";"1";"0";"2026-03-12 13:01:28.332";"MATCH ODDS";"Bayern";"6,66";"NULL"
"2026-01-03 10:23:02.150";"c-pk-00000017";"c-pk-00000016";"c0029-b2-p0";"ATP Tour|Real Madrid : Juventus";"7,78";"Basketball";"0";"1";"2026-01-11 20:47:19.432";"MATCH ODDS";"Juventus";"8,61";"NULL"
"2026-04-25 07:48:16.350";"a-pk-00000015";"a-pk-00000014";"a0030-b0-p0";"ATP Tour|PSV Eindhoven : Fenerbahce Istanbul";"4,39";"Tennis";"1";"1";"2026-03-19 08:38:02.779";"MATCH ODDS";"Fenerbahce";"3,66";"NULL"
"2026-01-28 06:37:19.151";"a-pk-00000019";"a-pk-00000018";"a0030-b1-p0";"Eredivisie|Arsenal : Bayern Munich";"7,51";"Tennis";"1";"1";"2026-04-20 05:22:41.159";"MATCH ODDS";"Bayern";"12,16";"NULL"
"2026-04-15 18:58:40.928";"a-pk-00000023";"a-pk-00000022";"a0030-b2-p0";"Premier League|Feyenoord Rotterdam : Real Madrid";"1,33";"Basketball";"0";"0";"2026-03-22 01:25:40.101";"MATCH ODDS";"Real";"19,09";"NULL"
"2026-01-24 06:46:53.939";"a-pk-00000027";"a-pk-00000026";"a0030-b3-p0";"Premier League|FC Twente : Bayern Munich";"1,89";"Football";"1";"0";"2026-02-08 07:37:48.595";"MATCH ODDS";"Bayern";"10,07";"NULL"
"2026-02-25 02:49:43.441";"b-pk-00000012";"b-pk-00000011";"b0031-b0-p0";"ATP Tour|FC Twente : Fenerbahce Istanbul";"10,03";"Tennis";"1";"0";"2026-03-03 05:41:36.347";"MATCH ODDS";"Fenerbahce";"9,63";"NULL"
"2026-03-01 19:53:24.019";"b-pk-00000013";"b-pk-00000011";"b0031-b0-p1";"ATP Tour|Arsenal : Fenerbahce Istanbul";"1,29";"Tennis";"1";"0";"2026-03-28 07:37:43.786";"MATCH ODDS";"Fenerbahce";"7,21";"NULL"
"2026-02-07 04:13:19.185";"b-pk-00000014";"b-pk-00000011";"b0031-b0-p2";"Premier League|Ajax : Juventus";"2,29";"Basketball";"0";"0";"2026-03-03 10:55:20.950";"MATCH ODDS";"Juventus";"5,37";"NULL"
"2026-02-25 12:37:52.127";"b-pk-00000017";"b-pk-00000016";"b0031-b1-p0";"Eredivisie|AZ Alkmaar : Arsenal";"2,20";"Football";"0";"0";"2026-02-04 15:47:38.366";"MATCH ODDS";"Arsenal";"15,24";"NULL"
"2026-03-16 08:32:07.967";"b-pk-00000018";"b-pk-00000016";"b0031-b1-p1";"UEFA Champions League|Ajax : Real Madrid";"6,14";"Football";"1";"1";"2026-04-28 03:22:23.968";"MATCH ODDS";"Real";"6,89";"NULL"
"2026-02-23 15:48:02.062";"b-pk-00000021";"b-pk-00000020";"b0031-b2-p0";"Eredivisie|Real Madrid : Juventus";"7,64";"Football";"1";"1";"2026-04-27 05:26:11.178";"MATCH ODDS";"Juventus";"18,79";"NULL"
"2026-01-24 23:37:43.155";"c-pk-00000012";"c-pk-00000011";"c0032-b0-p0";"ATP Tour|PSV Eindhoven : Real Madrid";"3,42";"Football";"1";"1";"2026-01-21 03:33:19.536";"MATCH ODDS";"Real";"2,95";"NULL"
"2026-01-03 23:38:38.885";"c-pk-00000016";"c-pk-00000015";"c0032-b1-p0";"Eredivisie|Arsenal : Bayern Munich";"5,12";"Basketball";"1";"1";"2026-04-02 20:06:55.788";"MATCH ODDS";"Bayern";"6,32";"NULL"
"2026-04-02 19:06:37.858";"c-pk-00000020";"c-pk-00000019";"c0032-b2-p0";"ATP Tour|Fenerbahce Istanbul : Arsenal";"9,77";"Football";"0";"0";"2026-02-12 18:43:45.925";"MATCH ODDS";"Arsenal";"12,47";"NULL"
"2026-04-26 00:46:29.869";"c-pk-00000024";"c-pk-00000023";"c0032-b3-p0";"Premier League|PSV Eindhoven : Fenerbahce Istanbul";"10,82";"Tennis";"1";"1";"2026-02-09 14:50:03.332";"MATCH ODDS";"Fenerbahce";"9,71";"NULL"
"2026-04-11 19:31:40.190";"c-pk-00000028";"c-pk-00000027";"c0032-b4-p0";"UEFA Champions League|PSV Eindhoven : Fenerbahce Istanbul";"9,37";"Football";"1";"1";"2026-03-11 14:57:23.772";"MATCH ODDS";"Fenerbahce";"4,03";"NULL"
"2026-01-22 20:20:58.539";"a-pk-00000014";"a-pk-00000013";"a0033-b0-p0";"UEFA Champions League|Feyenoord Rotterdam : Arsenal";"7,28";"Basketball";"1";"0";"2026-03-11 04:28:48.202";"MATCH ODDS";"Arsenal";"6,57";"NULL"
"2026-03-24 01:34:01.048";"a-pk-00000018";"a-pk-00000017";"a0033-b1-p0";"Eredivisie|Bayern Munich : Juventus";"11,64";"Tennis";"0";"1";"2026-01-27 21:55:27.756";"MATCH ODDS";"Juventus";"10,66";"NULL"
"2026-03-11 10:42:25.136";"b-pk-00000012";"b-pk-00000011";"b0034-b0-p0";"ATP Tour|Arsenal : Arsenal";"9,01";"Football";"0";"0";"2026-02-19 06:55:46.675";"MATCH ODDS";"Arsenal";"15,90";"NULL"
"2026-04-17 13:11:28.024";"b-pk-00000016";"b-pk-00000015";"b0034-b1-p0";"Eredivisie|Ajax : Bayern Munich";"8,69";"Tennis";"0";"1";"2026-02-21 12:36:50.820";"MATCH ODDS";"Bayern";"4,76";"NULL"
"2026-02-07 09:53:04.371";"b-pk-00000020";"b-pk-00000019";"b0034-b2-p0";"Eredivisie|Bayern Munich : Bayern Munich";"7,93";"Tennis";"1";"1";"2026-03-23 05:18:19.103";"MATCH ODDS";"Bayern";"16,24";"NULL"
"2026-01-18 19:26:10.575";"b-pk-00000021";"b-pk-00000019";"b0034-b2-p1";"ATP Tour|Ajax : Real Madrid";"7,17";"Tennis";"1";"0";"2026-01-22 04:58:28.099";"MATCH ODDS";"Real";"15,36";"NULL"
"2026-01-13 15:09:17.345";"c-pk-00000014";"c-pk-00000013";"c0035-b0-p0";"UEFA Champions League|Ajax : Real Madrid";"3,34";"Tennis";"1";"0";"2026-03-27 17:17:14.194";"MATCH ODDS";"Real";"10,24";"NULL"
"2026-01-20 04:33:18.349";"c-pk-00000018";"c-pk-00000017";"c0035-b1-p0";"ATP Tour|PSV Eindhoven : Juventus";"9,03";"Basketball";"0";"1";"2026-04-03 00:28:23.427";"MATCH ODDS";"Juventus";"5,68";"NULL"
"2026-03-18 10:36:50.339";"c-pk-00000019";"c-pk-00000017";"c0035-b1-p1";"ATP Tour|Real Madrid : Bayern Munich";"8,74";"Football";"1";"0";"2026-02-27 07:31:36.481";"MATCH ODDS";"Bayern";"17,92";"NULL"
"2026-03-03 16:31:29.617";"c-pk-00000020";"c-pk-00000017";"c0035-b1-p2";"Eredivisie|Feyenoord Rotterdam : Arsenal";"10,92";"Basketball";"1";"0";"2026-04-13 06:50:49.282";"MATCH ODDS";"Arsenal";"14,53";"NULL"
"2026-03-09 00:44:36.491";"a-pk-00000017";"a-pk-00000016";"a0036-b0-p0";"ATP Tour|Feyenoord Rotterdam : Real Madrid";"1,88";"Basketball";"0";"0";"2026-01-13 21:24:01.038";"MATCH ODDS";"Real";"40,30";"NULL"
"2026-04-26 07:45:54.760";"a-pk-00000021";"a-pk-00000020";"a0036-b1-p0";"ATP Tour|Fenerbahce Istanbul : Fenerbahce Istanbul";"1,71";"Tennis";"0";"1";"2026-04-27 15:34:10.382";"MATCH ODDS";"Fenerbahce";"53,03";"NULL"
"2026-02-11 11:41:29.461";"a-pk-00000025";"a-pk-00000024";"a0036-b2-p0";"Premier League|Fenerbahce Istanbul : Juventus";"9,34";"Basketball";"0";"0";"2026-03-17 20:09:38.349";"MATCH ODDS";"Juventus";"43,68";"NULL"
"2026-02-27 22:25:05.843";"a-pk-00000026";"a-pk-00000024";"a0036-b2-p1";"Eredivisie|Real Madrid : Juventus";"5,72";"Football";"0";"0";"2026-01-09 17:42:10.757";"MATCH ODDS";"Juventus";"18,92";"NULL"
"2026-04-05 02:44:19.247";"a-pk-00000030";"a-pk-00000029";"a0036-b3-p0";"UEFA Champions League|Real Madrid : Fenerbahce Istanbul";"9,36";"Tennis";"0";"0";"2026-02-01 00:01:18.123";"MATCH ODDS";"Fenerbahce";"17,36";"NULL"
"2026-03-01 08:44:30.881";"a-pk-00000034";"a-pk-00000033";"a0036-b4-p0";"Premier League|Feyenoord Rotterdam : Arsenal";"9,82";"Basketball";"0";"1";"2026-03-22 15:01:24.039";"MATCH ODDS";"Arsenal";"77,06";"NULL"
"2026-01-03 07:46:53.732";"a-pk-00000035";"a-pk-00000033";"a0036-b4-p1";"Premier League|Fenerbahce Istanbul : Arsenal";"8,02";"Football";"1";"1";"2026-03-08 19:30:02.330";"MATCH ODDS";"Arsenal";"25,48";"NULL"
"2026-01-01 21:08:37.883";"a-pk-00000036";"a-pk-00000033";"a0036-b4-p2";"ATP Tour|Arsenal : Real Madrid";"8,49";"Football";"1";"0";"2026-02-15 08:44:36.397";"MATCH ODDS";"Real";"64,30";"NULL"
"2026-02-25 12:02:19.187";"a-pk-00000040";"a-pk-00000039";"a0036-b5-p0";"ATP Tour|Ajax : Fenerbahce Istanbul";"3,61";"Basketball";"1";"0";"2026-04-26 22:58:07.103";"MATCH ODDS";"Fenerbahce";"13,99";"NULL"
"2026-04-17 14:41:33.362";"b-pk-00000019";"b-pk-00000018";"b0037-b0-p0";"ATP Tour|FC Twente : Arsenal";"9,69";"Basketball";"1";"1";"2026-04-06 16:54:31.129";"MATCH ODDS";"Arsenal";"64,58";"NULL"
"2026-02-05 00:57:14.925";"b-pk-00000022";"b-pk-00000021";"b0037-b1-p0";"ATP Tour|Real Madrid : Bayern Munich";"5,94";"Tennis";"1";"1";"2026-04-12 06:29:08.425";"MATCH ODDS";"Bayern";"76,81";"NULL"
"2026-03-02 11:29:58.395";"b-pk-00000023";"b-pk-00000021";"b0037-b1-p1";"Premier League|Ajax : Fenerbahce Istanbul";"10,78";"Tennis";"0";"1";"2026-03-27 16:35:30.041";"MATCH ODDS";"Fenerbahce";"74,78";"NULL"
"2026-03-12 01:51:33.599";"b-pk-00000027";"b-pk-00000026";"b0037-b2-p0";"Premier League|Arsenal : Bayern Munich";"2,53";"Tennis";"1";"1";"2026-01-22 17:46:47.579";"MATCH ODDS";"Bayern";"40,97";"NULL"
"2026-04-24 23:40:17.147";"b-pk-00000028";"b-pk-00000026";"b0037-b2-p1";"Premier League|Real Madrid : Arsenal";"2,74";"Football";"0";"1";"2026-03-13 07:02:02.310";"MATCH ODDS";"Arsenal";"1,96";"NULL"
"2026-01-22 14:51:57.350";"b-pk-00000031";"b-pk-00000030";"b0037-b3-p0";"UEFA Champions League|Ajax : Arsenal";"7,86";"Tennis";"1";"1";"2026-03-21 21:20:33.159";"MATCH ODDS";"Arsenal";"53,75";"NULL"
"2026-02-15 04:59:06.714";"b-pk-00000035";"b-pk-00000034";"b0037-b4-p0";"Eredivisie|Juventus : Real Madrid";"7,06";"Tennis";"1";"1";"2026-04-19 10:19:05.248";"MATCH ODDS";"Real";"13,83";"NULL"
"2026-03-08 19:51:10.344";"b-pk-00000039";"b-pk-00000038";"b0037-b5-p0";"Eredivisie|Arsenal : Arsenal";"2,92";"Tennis";"1";"0";"2026-01-03 02:50:47.008";"MATCH ODDS";"Arsenal";"12,85";"NULL"
"2026-01-16 05:02:08.298";"b-pk-00000040";"b-pk-00000038";"b0037-b5-p1";"UEFA Champions League|Feyenoord Rotterdam : Real Madrid";"11,82";"Tennis";"1";"0";"2026-01-06 09:21:06.039";"MATCH ODDS";"Real";"79,71";"NULL"
"2026-04-10 01:54:06.056";"c-pk-00000014";"c-pk-00000013";"c0038-b0-p0";"Premier League|Bayern Munich : Real Madrid";"11,34";"Basketball";"0";"1";"2026-04-05 08:21:54.421";"MATCH ODDS";"Real";"19,64";"NULL"
"2026-02-19 06:37:51.080";"c-pk-00000018";"c-pk-00000017";"c0038-b1-p0";"UEFA Champions League|Bayern Munich : Bayern Munich";"3,70";"Tennis";"1";"0";"2026-03-18 21:19:06.916";"MATCH ODDS";"Bayern";"8,67";"NULL"
"2026-02-03 10:10:11.664";"c-pk-00000021";"c-pk-00000020";"c0038-b2-p0";"Eredivisie|Feyenoord Rotterdam : Bayern Munich";"11,12";"Basketball";"0";"0";"2026-04-07 23:45:08.173";"MATCH ODDS";"Bayern";"15,02";"NULL"
"2026-04-23 11:59:22.771";"a-pk-00000013";"a-pk-00000012";"a0039-b0-p0";"UEFA Champions League|Juventus : Bayern Munich";"6,09";"Basketball";"0";"0";"2026-01-21 18:01:42.281";"MATCH ODDS";"Bayern";"4,66";"NULL"
"2026-02-27 06:12:08.302";"a-pk-00000014";"a-pk-00000012";"a0039-b0-p1";"Eredivisie|Real Madrid : Fenerbahce Istanbul";"6,18";"Basketball";"1";"0";"2026-02-02 03:46:58.741";"MATCH ODDS";"Fenerbahce";"4,88";"NULL"
"2026-01-27 05:30:24.007";"a-pk-00000015";"a-pk-00000012";"a0039-b0-p2";"Eredivisie|Bayern Munich : Arsenal";"3,05";"Football";"0";"1";"2026-01-03 05:13:04.157";"MATCH ODDS";"Arsenal";"8,89";"NULL"
"2026-03-13 17:29:59.093";"a-pk-00000019";"a-pk-00000018";"a0039-b1-p0";"ATP Tour|Feyenoord Rotterdam : Real Madrid";"10,65";"Football";"0";"0";"2026-02-24 22:34:54.115";"MATCH ODDS";"Real";"11,64";"NULL"
"2026-02-18 07:51:08.246";"a-pk-00000020";"a-pk-00000018";"a0039-b1-p1";"UEFA Champions League|FC Twente : Real Madrid";"11,01";"Basketball";"0";"0";"2026-01-11 16:34:05.265";"MATCH ODDS";"Real";"5,96";"NULL"
"2026-04-28 06:08:51.808";"a-pk-00000021";"a-pk-00000018";"a0039-b1-p2";"ATP Tour|Real Madrid : Fenerbahce Istanbul";"3,58";"Basketball";"0";"0";"2026-04-03 13:46:40.559";"MATCH ODDS";"Fenerbahce";"2,52";"NULL"
"2026-03-25 13:07:35.130";"b-pk-00000016";"b-pk-00000015";"b0040-b0-p0";"UEFA Champions League|Fenerbahce Istanbul : Juventus";"10,25";"Basketball";"0";"0";"2026-04-11 15:40:44.509";"MATCH ODDS";"Juventus";"6,01";"NULL"
"2026-04-11 00:37:08.774";"b-pk-00000020";"b-pk-00000019";"b0040-b1-p0";"ATP Tour|Real Madrid : Real Madrid";"11,97";"Football";"0";"0";"2026-02-20 19:32:09.075";"MATCH ODDS";"Real";"5,56";"NULL"
"2026-01-17 22:06:07.764";"b-pk-00000024";"b-pk-00000023";"b0040-b2-p0";"ATP Tour|AZ Alkmaar : Arsenal";"2,59";"Football";"0";"0";"2026-01-17 06:23:24.407";"MATCH ODDS";"Arsenal";"17,81";"NULL"
"2026-04-21 15:27:48.574";"b-pk-00000027";"b-pk-00000026";"b0040-b3-p0";"UEFA Champions League|Arsenal : Juventus";"8,16";"Football";"0";"1";"2026-03-24 01:07:15.311";"MATCH ODDS";"Juventus";"18,03";"NULL"
"2026-03-10 07:30:55.683";"b-pk-00000028";"b-pk-00000026";"b0040-b3-p1";"Eredivisie|FC Twente : Arsenal";"11,06";"Basketball";"0";"1";"2026-01-07 07:41:23.629";"MATCH ODDS";"Arsenal";"14,75";"NULL"
"2026-01-17 11:36:37.724";"b-pk-00000029";"b-pk-00000026";"b0040-b3-p2";"UEFA Champions League|PSV Eindhoven : Arsenal";"1,90";"Tennis";"1";"0";"2026-01-23 14:16:37.826";"MATCH ODDS";"Arsenal";"4,15";"NULL"
"2026-03-19 19:50:54.199";"b-pk-00000033";"b-pk-00000032";"b0040-b4-p0";"UEFA Champions League|Feyenoord Rotterdam : Bayern Munich";"11,50";"Football";"0";"0";"2026-02-10 04:49:27.413";"MATCH ODDS";"Bayern";"11,71";"NULL"
"2026-02-22 17:27:46.612";"c-pk-00000028";"c-pk-00000027";"c0041-b0-p0";"UEFA Champions League|Fenerbahce Istanbul : Bayern Munich";"8,94";"Tennis";"1";"0";"2026-03-20 10:54:47.624";"MATCH ODDS";"Bayern";"41,46";"NULL"
"2026-04-25 02:39:04.736";"c-pk-00000032";"c-pk-00000031";"c0041-b1-p0";"Premier League|FC Twente : Arsenal";"7,98";"Tennis";"1";"1";"2026-04-18 04:54:39.588";"MATCH ODDS";"Arsenal";"73,31";"NULL"
"2026-03-01 21:57:55.369";"c-pk-00000036";"c-pk-00000035";"c0041-b2-p0";"UEFA Champions League|Real Madrid : Bayern Munich";"9,36";"Tennis";"1";"1";"2026-04-19 01:01:43.127";"MATCH ODDS";"Bayern";"14,27";"NULL"
"2026-03-09 05:59:33.402";"c-pk-00000037";"c-pk-00000035";"c0041-b2-p1";"Premier League|Real Madrid : Bayern Munich";"6,18";"Tennis";"0";"0";"2026-03-27 19:18:11.653";"MATCH ODDS";"Bayern";"20,48";"NULL"
"2026-04-27 07:55:12.559";"c-pk-00000038";"c-pk-00000035";"c0041-b2-p2";"Premier League|Juventus : Juventus";"11,57";"Basketball";"0";"1";"2026-04-06 08:05:43.696";"MATCH ODDS";"Juventus";"73,36";"NULL"
"2026-03-12 00:41:31.531";"c-pk-00000041";"c-pk-00000040";"c0041-b3-p0";"ATP Tour|FC Twente : Fenerbahce Istanbul";"4,04";"Tennis";"1";"0";"2026-03-25 15:49:43.294";"MATCH ODDS";"Fenerbahce";"66,16";"NULL"
"2026-02-13 09:05:20.300";"c-pk-00000044";"c-pk-00000043";"c0041-b4-p0";"Premier League|Feyenoord Rotterdam : Fenerbahce Istanbul";"6,10";"Tennis";"1";"0";"2026-01-07 23:11:23.634";"MATCH ODDS";"Fenerbahce";"71,00";"NULL"
"2026-01-23 18:33:30.574";"c-pk-00000048";"c-pk-00000047";"c0041-b5-p0";"ATP Tour|Real Madrid : Arsenal";"1,85";"Basketball";"0";"1";"2026-01-09 11:08:15.864";"MATCH ODDS";"Arsenal";"41,63";"NULL"
"2026-01-16 23:41:29.754";"a-pk-00000010";"a-pk-00000009";"a0042-b0-p0";"ATP Tour|PSV Eindhoven : Bayern Munich";"9,23";"Tennis";"0";"0";"2026-04-10 07:01:36.340";"MATCH ODDS";"Bayern";"5,96";"NULL"
"2026-01-07 15:45:57.837";"a-pk-00000014";"a-pk-00000013";"a0042-b1-p0";"ATP Tour|Arsenal : Juventus";"4,73";"Basketball";"0";"0";"2026-02-01 21:48:06.137";"MATCH ODDS";"Juventus";"16,07";"NULL"
"2026-02-02 01:16:48.567";"a-pk-00000015";"a-pk-00000013";"a0042-b1-p1";"Eredivisie|Feyenoord Rotterdam : Juventus";"6,48";"Basketball";"1";"1";"2026-03-22 06:44:47.739";"MATCH ODDS";"Juventus";"14,39";"NULL"
"2026-02-21 17:25:59.062";"a-pk-00000016";"a-pk-00000013";"a0042-b1-p2";"Eredivisie|FC Twente : Bayern Munich";"9,83";"Football";"0";"0";"2026-03-10 07:59:24.660";"MATCH ODDS";"Bayern";"2,56";"NULL"
"2026-02-01 00:36:27.186";"b-pk-00000009";"b-pk-00000008";"b0043-b0-p0";"UEFA Champions League|AZ Alkmaar : Real Madrid";"4,97";"Basketball";"1";"1";"2026-04-23 13:38:16.508";"MATCH ODDS";"Real";"1,56";"NULL"
"2026-02-20 12:10:52.829";"b-pk-00000010";"b-pk-00000008";"b0043-b0-p1";"Eredivisie|Feyenoord Rotterdam : Bayern Munich";"11,13";"Tennis";"1";"1";"2026-04-14 04:05:22.599";"MATCH ODDS";"Bayern";"2,22";"NULL"
"2026-03-02 00:47:41.268";"b-pk-00000013";"b-pk-00000012";"b0043-b1-p0";"UEFA Champions League|AZ Alkmaar : Arsenal";"7,52";"Basketball";"0";"1";"2026-01-11 07:42:45.067";"MATCH ODDS";"Arsenal";"7,02";"NULL"
"2026-03-04 13:58:24.978";"b-pk-00000016";"b-pk-00000015";"b0043-b2-p0";"ATP Tour|Feyenoord Rotterdam : Arsenal";"2,28";"Football";"1";"1";"2026-01-16 15:36:17.254";"MATCH ODDS";"Arsenal";"5,43";"NULL"
"2026-02-24 22:32:42.605";"b-pk-00000017";"b-pk-00000015";"b0043-b2-p1";"Eredivisie|PSV Eindhoven : Arsenal";"7,63";"Basketball";"0";"1";"2026-01-03 22:52:58.270";"MATCH ODDS";"Arsenal";"4,14";"NULL"
"2026-04-02 16:29:52.925";"b-pk-00000018";"b-pk-00000015";"b0043-b2-p2";"Eredivisie|Ajax : Fenerbahce Istanbul";"7,04";"Football";"0";"0";"2026-04-02 05:42:42.675";"MATCH ODDS";"Fenerbahce";"1,52";"NULL"
"2026-04-09 17:27:39.679";"c-pk-00000011";"c-pk-00000010";"c0044-b0-p0";"ATP Tour|Juventus : Real Madrid";"7,01";"Football";"1";"1";"2026-03-17 12:36:19.705";"MATCH ODDS";"Real";"17,96";"NULL"
"2026-01-03 15:05:27.699";"c-pk-00000014";"c-pk-00000013";"c0044-b1-p0";"Premier League|Arsenal : Fenerbahce Istanbul";"9,06";"Football";"1";"0";"2026-04-11 07:26:45.663";"MATCH ODDS";"Fenerbahce";"3,39";"NULL"
"2026-04-23 17:06:00.657";"a-pk-00000015";"a-pk-00000014";"a0045-b0-p0";"Eredivisie|FC Twente : Juventus";"8,61";"Basketball";"1";"0";"2026-01-05 17:29:32.524";"MATCH ODDS";"Juventus";"13,56";"NULL"
"2026-02-25 22:38:03.313";"a-pk-00000016";"a-pk-00000014";"a0045-b0-p1";"ATP Tour|Arsenal : Juventus";"11,93";"Tennis";"1";"0";"2026-04-04 08:53:28.697";"MATCH ODDS";"Juventus";"3,61";"NULL"
"2026-03-06 08:08:57.208";"a-pk-00000017";"a-pk-00000014";"a0045-b0-p2";"ATP Tour|Feyenoord Rotterdam : Fenerbahce Istanbul";"10,18";"Basketball";"0";"1";"2026-02-17 07:15:36.811";"MATCH ODDS";"Fenerbahce";"2,96";"NULL"
"2026-02-08 05:56:00.016";"a-pk-00000020";"a-pk-00000019";"a0045-b1-p0";"UEFA Champions League|Feyenoord Rotterdam : Fenerbahce Istanbul";"1,88";"Basketball";"1";"1";"2026-04-13 03:02:58.030";"MATCH ODDS";"Fenerbahce";"10,65";"NULL"
"2026-04-03 23:56:02.761";"b-pk-00000014";"b-pk-00000013";"b0046-b0-p0";"Eredivisie|Fenerbahce Istanbul : Bayern Munich";"5,12";"Tennis";"0";"0";"2026-02-02 01:29:04.829";"MATCH ODDS";"Bayern";"9,17";"NULL"
"2026-03-05 19:16:17.979";"b-pk-00000018";"b-pk-00000017";"b0046-b1-p0";"ATP Tour|Juventus : Real Madrid";"6,30";"Football";"1";"0";"2026-02-16 06:51:19.830";"MATCH ODDS";"Real";"11,23";"NULL"
"2026-03-02 04:22:49.574";"b-pk-00000019";"b-pk-00000017";"b0046-b1-p1";"Premier League|Feyenoord Rotterdam : Fenerbahce Istanbul";"8,37";"Tennis";"0";"0";"2026-01-15 09:13:56.802";"MATCH ODDS";"Fenerbahce";"16,02";"NULL"
"2026-03-06 10:51:14.391";"b-pk-00000023";"b-pk-00000022";"b0046-b2-p0";"Eredivisie|Bayern Munich : Juventus";"11,15";"Basketball";"1";"1";"2026-02-18 01:21:21.054";"MATCH ODDS";"Juventus";"9,46";"NULL"
"2026-03-15 19:21:22.081";"b-pk-00000024";"b-pk-00000022";"b0046-b2-p1";"ATP Tour|PSV Eindhoven : Fenerbahce Istanbul";"5,13";"Tennis";"0";"0";"2026-02-24 00:38:02.553";"MATCH ODDS";"Fenerbahce";"18,80";"NULL"
"2026-04-21 22:19:46.028";"b-pk-00000025";"b-pk-00000022";"b0046-b2-p2";"UEFA Champions League|Bayern Munich : Fenerbahce Istanbul";"8,39";"Basketball";"0";"0";"2026-01-03 03:29:49.519";"MATCH ODDS";"Fenerbahce";"18,89";"NULL"
"2026-01-03 21:08:11.448";"b-pk-00000028";"b-pk-00000027";"b0046-b3-p0";"Eredivisie|PSV Eindhoven : Fenerbahce Istanbul";"10,93";"Basketball";"1";"0";"2026-01-06 13:48:51.716";"MATCH ODDS";"Fenerbahce";"18,46";"NULL"
"2026-01-12 22:47:37.690";"b-pk-00000031";"b-pk-00000030";"b0046-b4-p0";"ATP Tour|Real Madrid : Real Madrid";"5,15";"Football";"0";"0";"2026-01-01 12:18:43.636";"MATCH ODDS";"Real";"5,11";"NULL"
"2026-01-22 04:47:40.752";"c-pk-00000012";"c-pk-00000011";"c0047-b0-p0";"Eredivisie|PSV Eindhoven : Juventus";"1,34";"Football";"0";"0";"2026-03-23 22:09:14.872";"MATCH ODDS";"Juventus";"3,49";"NULL"
"2026-04-15 11:25:57.598";"c-pk-00000016";"c-pk-00000015";"c0047-b1-p0";"ATP Tour|FC Twente : Real Madrid";"2,24";"Basketball";"0";"0";"2026-01-22 00:41:10.612";"MATCH ODDS";"Real";"2,70";"NULL"
"2026-02-19 02:51:55.207";"c-pk-00000020";"c-pk-00000019";"c0047-b2-p0";"Eredivisie|AZ Alkmaar : Arsenal";"11,34";"Tennis";"1";"0";"2026-01-12 12:35:56.377";"MATCH ODDS";"Arsenal";"19,41";"NULL"
"2026-04-14 12:12:43.313";"c-pk-00000024";"c-pk-00000023";"c0047-b3-p0";"UEFA Champions League|Bayern Munich : Bayern Munich";"7,73";"Football";"0";"1";"2026-03-01 09:41:38.385";"MATCH ODDS";"Bayern";"4,18";"NULL"
"2026-02-04 21:32:54.525";"c-pk-00000027";"c-pk-00000026";"c0047-b4-p0";"Premier League|Juventus : Bayern Munich";"8,07";"Football";"1";"0";"2026-04-05 20:15:46.318";"MATCH ODDS";"Bayern";"18,24";"NULL"
"2026-01-25 16:51:10.849";"a-pk-00000019";"a-pk-00000018";"a0048-b0-p0";"ATP Tour|Arsenal : Juventus";"10,42";"Tennis";"0";"0";"2026-01-16 03:09:25.102";"MATCH ODDS";"Juventus";"28,98";"NULL"
"2026-02-23 04:09:10.941";"a-pk-00000023";"a-pk-00000022";"a0048-b1-p0";"Eredivisie|Real Madrid : Real Madrid";"8,89";"Football";"0";"1";"2026-03-05 11:35:42.878";"MATCH ODDS";"Real";"59,50";"NULL"
"2026-04-02 12:11:52.909";"a-pk-00000024";"a-pk-00000022";"a0048-b1-p1";"Premier League|Ajax : Real Madrid";"7,87";"Tennis";"0";"1";"2026-01-13 07:53:57.650";"MATCH ODDS";"Real";"63,44";"NULL"
"2026-01-08 12:11:25.676";"a-pk-00000028";"a-pk-00000027";"a0048-b2-p0";"UEFA Champions League|Bayern Munich : Real Madrid";"1,82";"Tennis";"1";"0";"2026-04-22 11:24:04.321";"MATCH ODDS";"Real";"58,71";"NULL"
"2026-02-19 10:28:35.508";"a-pk-00000032";"a-pk-00000031";"a0048-b3-p0";"ATP Tour|Fenerbahce Istanbul : Juventus";"5,06";"Football";"0";"1";"2026-01-26 04:01:16.172";"MATCH ODDS";"Juventus";"35,33";"NULL"
"2026-01-19 16:30:13.075";"a-pk-00000035";"a-pk-00000034";"a0048-b4-p0";"ATP Tour|FC Twente : Arsenal";"2,98";"Tennis";"1";"0";"2026-01-26 19:49:11.135";"MATCH ODDS";"Arsenal";"35,59";"NULL"
"2026-02-01 16:43:46.804";"a-pk-00000039";"a-pk-00000038";"a0048-b5-p0";"Premier League|AZ Alkmaar : Bayern Munich";"7,44";"Tennis";"0";"0";"2026-01-05 01:10:07.600";"MATCH ODDS";"Bayern";"6,47";"NULL"
"2026-03-10 18:40:29.818";"a-pk-00000040";"a-pk-00000038";"a0048-b5-p1";"ATP Tour|Bayern Munich : Arsenal";"11,15";"Tennis";"0";"0";"2026-01-05 13:35:29.405";"MATCH ODDS";"Arsenal";"25,19";"NULL"
"2026-03-19 14:37:28.945";"a-pk-00000041";"a-pk-00000038";"a0048-b5-p2";"ATP Tour|Arsenal : Arsenal";"4,54";"Football";"1";"0";"2026-04-12 13:44:02.263";"MATCH ODDS";"Arsenal";"68,77";"NULL"
"2026-04-08 10:13:03.711";"a-pk-00000044";"a-pk-00000043";"a0048-b6-p0";"Eredivisie|Juventus : Bayern Munich";"5,21";"Tennis";"0";"0";"2026-03-12 03:10:33.164";"MATCH ODDS";"Bayern";"37,55";"NULL"
"2026-03-26 02:50:57.312";"a-pk-00000048";"a-pk-00000047";"a0048-b7-p0";"Premier League|Bayern Munich : Real Madrid";"7,81";"Tennis";"0";"0";"2026-03-09 18:28:18.231";"MATCH ODDS";"Real";"46,42";"NULL"
"2026-02-05 07:03:37.336";"a-pk-00000049";"a-pk-00000047";"a0048-b7-p1";"UEFA Champions League|AZ Alkmaar : Bayern Munich";"6,61";"Football";"1";"0";"2026-03-04 07:10:06.990";"MATCH ODDS";"Bayern";"1,63";"NULL"
"2026-03-19 13:54:19.390";"a-pk-00000053";"a-pk-00000052";"a0048-b8-p0";"Premier League|Feyenoord Rotterdam : Fenerbahce Istanbul";"11,23";"Football";"0";"0";"2026-01-05 23:55:22.109";"MATCH ODDS";"Fenerbahce";"11,77";"NULL"
"2026-01-09 22:23:35.305";"a-pk-00000056";"a-pk-00000055";"a0048-b9-p0";"Eredivisie|Fenerbahce Istanbul : Juventus";"3,24";"Basketball";"1";"1";"2026-04-08 02:04:14.956";"MATCH ODDS";"Juventus";"43,82";"NULL"
"2026-02-27 13:10:59.686";"a-pk-00000057";"a-pk-00000055";"a0048-b9-p1";"Eredivisie|Ajax : Bayern Munich";"9,20";"Football";"0";"0";"2026-03-15 09:11:16.416";"MATCH ODDS";"Bayern";"17,43";"NULL"
"2026-04-17 23:44:43.820";"a-pk-00000058";"a-pk-00000055";"a0048-b9-p2";"ATP Tour|PSV Eindhoven : Real Madrid";"8,31";"Basketball";"0";"0";"2026-03-23 22:57:09.582";"MATCH ODDS";"Real";"68,97";"NULL"
"2026-02-27 17:39:17.432";"a-pk-00000062";"a-pk-00000061";"a0048-b10-p0";"Eredivisie|Bayern Munich : Fenerbahce Istanbul";"5,42";"Football";"1";"1";"2026-02-07 06:08:33.156";"MATCH ODDS";"Fenerbahce";"50,27";"NULL"
"2026-02-27 19:46:18.680";"b-pk-00000014";"b-pk-00000013";"b0049-b0-p0";"ATP Tour|AZ Alkmaar : Real Madrid";"9,45";"Football";"0";"1";"2026-04-03 10:42:16.638";"MATCH ODDS";"Real";"10,77";"NULL"
"2026-01-27 05:50:04.381";"b-pk-00000018";"b-pk-00000017";"b0049-b1-p0";"Eredivisie|Fenerbahce Istanbul : Real Madrid";"9,29";"Basketball";"0";"1";"2026-02-28 13:34:26.548";"MATCH ODDS";"Real";"10,49";"NULL"
"2026-04-08 10:33:20.794";"b-pk-00000022";"b-pk-00000021";"b0049-b2-p0";"ATP Tour|FC Twente : Arsenal";"9,16";"Tennis";"1";"1";"2026-04-24 09:49:47.121";"MATCH ODDS";"Arsenal";"12,32";"NULL"
"2026-01-03 15:55:39.457";"b-pk-00000026";"b-pk-00000025";"b0049-b3-p0";"ATP Tour|Fenerbahce Istanbul : Bayern Munich";"2,86";"Tennis";"1";"0";"2026-02-17 22:12:07.753";"MATCH ODDS";"Bayern";"11,44";"NULL"
"2026-03-21 01:20:51.183";"b-pk-00000029";"b-pk-00000028";"b0049-b4-p0";"UEFA Champions League|Real Madrid : Fenerbahce Istanbul";"4,12";"Basketball";"0";"0";"2026-03-18 22:10:59.427";"MATCH ODDS";"Fenerbahce";"17,01";"NULL"
"2026-04-26 11:58:00.048";"c-pk-00000016";"c-pk-00000015";"c0050-b0-p0";"Eredivisie|Ajax : Fenerbahce Istanbul";"1,21";"Football";"1";"1";"2026-04-04 18:56:55.797";"MATCH ODDS";"Fenerbahce";"12,33";"NULL"
"2026-03-04 17:16:49.578";"c-pk-00000017";"c-pk-00000015";"c0050-b0-p1";"ATP Tour|Fenerbahce Istanbul : Bayern Munich";"3,27";"Tennis";"1";"1";"2026-04-19 01:32:48.491";"MATCH ODDS";"Bayern";"18,37";"NULL"
"2026-02-14 20:51:02.031";"c-pk-00000018";"c-pk-00000015";"c0050-b0-p2";"ATP Tour|Fenerbahce Istanbul : Juventus";"2,42";"Football";"1";"1";"2026-01-02 07:17:58.302";"MATCH ODDS";"Juventus";"6,76";"NULL"
"2026-03-14 05:11:54.185";"c-pk-00000022";"c-pk-00000021";"c0050-b1-p0";"Eredivisie|Arsenal : Arsenal";"2,55";"Football";"1";"0";"2026-02-21 20:42:18.450";"MATCH ODDS";"Arsenal";"16,07";"NULL"
"2026-03-18 09:43:50.333";"c-pk-00000023";"c-pk-00000021";"c0050-b1-p1";"ATP Tour|PSV Eindhoven : Arsenal";"5,22";"Football";"1";"1";"2026-02-04 07:34:14.320";"MATCH ODDS";"Arsenal";"1,12";"NULL"
"2026-04-06 13:49:17.548";"c-pk-00000026";"c-pk-00000025";"c0050-b2-p0";"ATP Tour|Real Madrid : Real Madrid";"8,14";"Basketball";"0";"1";"2026-03-23 21:20:35.332";"MATCH ODDS";"Real";"4,25";"NULL"
"2026-02-23 10:06:25.118";"c-pk-00000027";"c-pk-00000025";"c0050-b2-p1";"Premier League|Bayern Munich : Real Madrid";"11,76";"Tennis";"1";"1";"2026-01-15 02:03:21.938";"MATCH ODDS";"Real";"1,99";"NULL"
"2026-01-09 14:29:19.275";"c-pk-00000028";"c-pk-00000025";"c0050-b2-p2";"Premier League|Fenerbahce Istanbul : Bayern Munich";"6,29";"Tennis";"0";"1";"2026-02-10 14:55:33.749";"MATCH ODDS";"Bayern";"15,12";"NULL"
"2026-01-17 06:26:05.894";"c-pk-00000032";"c-pk-00000031";"c0050-b3-p0";"Eredivisie|Fenerbahce Istanbul : Real Madrid";"9,71";"Basketball";"0";"0";"2026-02-14 01:32:30.518";"MATCH ODDS";"Real";"11,16";"NULL"
"2026-02-16 17:30:12.009";"c-pk-00000033";"c-pk-00000031";"c0050-b3-p1";"Premier League|FC Twente : Fenerbahce Istanbul";"4,28";"Basketball";"1";"0";"2026-03-22 02:20:11.125";"MATCH ODDS";"Fenerbahce";"9,46";"NULL"
"2026-04-15 23:24:59.166";"c-pk-00000037";"c-pk-00000036";"c0050-b4-p0";"UEFA Champions League|AZ Alkmaar : Arsenal";"7,60";"Tennis";"0";"1";"2026-02-07 12:08:37.619";"MATCH ODDS";"Arsenal";"11,94";"NULL"
"2026-01-20 18:36:37.809";"c-pk-00000038";"c-pk-00000036";"c0050-b4-p1";"Premier League|Arsenal : Bayern Munich";"1,51";"Football";"0";"0";"2026-03-16 07:36:01.544";"MATCH ODDS";"Bayern";"18,21";"NULL"
"2026-03-08 12:43:39.043";"a-pk-00000009";"a-pk-00000008";"a0051-b0-p0";"ATP Tour|Feyenoord Rotterdam : Fenerbahce Istanbul";"8,33";"Basketball";"0";"1";"2026-04-06 14:01:54.162";"MATCH ODDS";"Fenerbahce";"11,35";"NULL"
"2026-04-27 08:02:23.986";"a-pk-00000013";"a-pk-00000012";"a0051-b1-p0";"Premier League|Real Madrid : Bayern Munich";"2,54";"Football";"0";"0";"2026-04-07 00:16:09.498";"MATCH ODDS";"Bayern";"8,97";"NULL"
"2026-03-22 08:29:07.541";"a-pk-00000014";"a-pk-00000012";"a0051-b1-p1";"Premier League|FC Twente : Fenerbahce Istanbul";"9,35";"Football";"1";"0";"2026-01-19 13:36:51.045";"MATCH ODDS";"Fenerbahce";"8,95";"NULL"
"2026-01-15 08:56:12.021";"a-pk-00000018";"a-pk-00000017";"a0051-b2-p0";"ATP Tour|Arsenal : Real Madrid";"8,13";"Tennis";"0";"0";"2026-04-27 08:49:46.784";"MATCH ODDS";"Real";"16,75";"NULL"
"2026-04-07 17:30:28.667";"a-pk-00000019";"a-pk-00000017";"a0051-b2-p1";"UEFA Champions League|Ajax : Juventus";"9,27";"Basketball";"0";"0";"2026-02-13 09:48:30.460";"MATCH ODDS";"Juventus";"1,26";"NULL"
"2026-01-24 20:22:28.472";"a-pk-00000023";"a-pk-00000022";"a0051-b3-p0";"UEFA Champions League|Ajax : Real Madrid";"2,65";"Tennis";"1";"0";"2026-01-02 22:44:31.706";"MATCH ODDS";"Real";"12,24";"NULL"
"2026-02-09 11:49:15.860";"a-pk-00000024";"a-pk-00000022";"a0051-b3-p1";"Eredivisie|Fenerbahce Istanbul : Juventus";"7,15";"Football";"0";"1";"2026-03-04 20:59:09.147";"MATCH ODDS";"Juventus";"15,26";"NULL"
"2026-04-04 03:34:53.636";"a-pk-00000028";"a-pk-00000027";"a0051-b4-p0";"Eredivisie|PSV Eindhoven : Real Madrid";"1,76";"Football";"1";"1";"2026-04-04 22:24:13.051";"MATCH ODDS";"Real";"10,02";"NULL"
"2026-01-13 00:34:50.750";"b-pk-00000016";"b-pk-00000015";"b0052-b0-p0";"ATP Tour|AZ Alkmaar : Juventus";"4,84";"Basketball";"0";"1";"2026-04-09 12:15:02.051";"MATCH ODDS";"Juventus";"1,44";"NULL"
"2026-02-01 06:40:16.824";"b-pk-00000020";"b-pk-00000019";"b0052-b1-p0";"Premier League|FC Twente : Real Madrid";"10,36";"Football";"0";"1";"2026-02-11 07:17:26.420";"MATCH ODDS";"Real";"1,57";"NULL"
"2026-03-19 22:17:55.414";"b-pk-00000021";"b-pk-00000019";"b0052-b1-p1";"Premier League|FC Twente : Juventus";"5,86";"Football";"0";"0";"2026-01-18 04:17:56.659";"MATCH ODDS";"Juventus";"14,70";"NULL"
"2026-02-21 07:32:28.610";"b-pk-00000022";"b-pk-00000019";"b0052-b1-p2";"Eredivisie|Juventus : Fenerbahce Istanbul";"11,16";"Tennis";"0";"0";"2026-04-05 01:33:22.512";"MATCH ODDS";"Fenerbahce";"17,86";"NULL"
"2026-01-22 13:04:40.180";"b-pk-00000026";"b-pk-00000025";"b0052-b2-p0";"UEFA Champions League|Juventus : Bayern Munich";"9,69";"Tennis";"1";"0";"2026-03-22 12:07:56.032";"MATCH ODDS";"Bayern";"2,16";"NULL"
"2026-04-14 00:03:05.130";"b-pk-00000027";"b-pk-00000025";"b0052-b2-p1";"Premier League|Real Madrid : Fenerbahce Istanbul";"7,26";"Basketball";"0";"1";"2026-01-01 02:46:56.763";"MATCH ODDS";"Fenerbahce";"18,24";"NULL"
"2026-01-12 02:08:01.670";"b-pk-00000028";"b-pk-00000025";"b0052-b2-p2";"ATP Tour|Ajax : Juventus";"10,97";"Basketball";"1";"0";"2026-04-24 13:27:48.332";"MATCH ODDS";"Juventus";"5,26";"NULL"
"2026-02-11 16:10:45.122";"c-pk-00000009";"c-pk-00000008";"c0053-b0-p0";"Premier League|Ajax : Arsenal";"1,44";"Football";"1";"0";"2026-04-05 14:38:48.057";"MATCH ODDS";"Arsenal";"14,59";"NULL"
"2026-01-18 22:32:07.797";"c-pk-00000010";"c-pk-00000008";"c0053-b0-p1";"ATP Tour|AZ Alkmaar : Fenerbahce Istanbul";"7,85";"Football";"0";"0";"2026-04-09 15:31:49.123";"MATCH ODDS";"Fenerbahce";"11,17";"NULL"
"2026-04-18 03:57:57.007";"c-pk-00000011";"c-pk-00000008";"c0053-b0-p2";"ATP Tour|Ajax : Fenerbahce Istanbul";"3,17";"Tennis";"0";"1";"2026-03-15 16:02:00.173";"MATCH ODDS";"Fenerbahce";"13,38";"NULL"
"2026-04-22 21:22:04.447";"c-pk-00000015";"c-pk-00000014";"c0053-b1-p0";"ATP Tour|AZ Alkmaar : Fenerbahce Istanbul";"7,89";"Football";"0";"1";"2026-02-03 10:03:47.118";"MATCH ODDS";"Fenerbahce";"16,94";"NULL"
"2026-01-16 00:13:12.372";"c-pk-00000016";"c-pk-00000014";"c0053-b1-p1";"UEFA Champions League|Real Madrid : Arsenal";"1,70";"Basketball";"1";"0";"2026-03-28 06:44:47.711";"MATCH ODDS";"Arsenal";"3,14";"NULL"
"2026-04-24 11:48:51.731";"c-pk-00000020";"c-pk-00000019";"c0053-b2-p0";"ATP Tour|PSV Eindhoven : Fenerbahce Istanbul";"7,14";"Tennis";"1";"1";"2026-02-08 21:55:59.629";"MATCH ODDS";"Fenerbahce";"17,39";"NULL"
"2026-03-24 03:08:34.788";"c-pk-00000023";"c-pk-00000022";"c0053-b3-p0";"Premier League|Ajax : Juventus";"2,02";"Tennis";"1";"1";"2026-01-05 07:37:23.783";"MATCH ODDS";"Juventus";"11,69";"NULL"
"2026-02-06 13:53:29.187";"a-pk-00000015";"a-pk-00000014";"a0054-b0-p0";"Eredivisie|Feyenoord Rotterdam : Bayern Munich";"3,94";"Tennis";"1";"0";"2026-01-28 14:10:36.285";"MATCH ODDS";"Bayern";"15,87";"NULL"
"2026-02-19 01:47:25.774";"a-pk-00000016";"a-pk-00000014";"a0054-b0-p1";"UEFA Champions League|Ajax : Juventus";"11,24";"Tennis";"0";"0";"2026-03-20 23:39:52.563";"MATCH ODDS";"Juventus";"7,18";"NULL"
"2026-02-15 22:10:48.505";"a-pk-00000017";"a-pk-00000014";"a0054-b0-p2";"Eredivisie|Real Madrid : Juventus";"3,15";"Football";"0";"0";"2026-04-08 11:41:03.305";"MATCH ODDS";"Juventus";"19,52";"NULL"
"2026-04-24 00:32:54.559";"a-pk-00000021";"a-pk-00000020";"a0054-b1-p0";"UEFA Champions League|FC Twente : Bayern Munich";"5,90";"Football";"1";"1";"2026-03-25 13:54:55.022";"MATCH ODDS";"Bayern";"4,22";"NULL"
"2026-02-08 06:11:00.980";"a-pk-00000025";"a-pk-00000024";"a0054-b2-p0";"Premier League|Real Madrid : Real Madrid";"3,01";"Tennis";"0";"0";"2026-02-26 11:57:41.824";"MATCH ODDS";"Real";"7,30";"NULL"
"2026-03-28 07:25:58.167";"a-pk-00000028";"a-pk-00000027";"a0054-b3-p0";"Eredivisie|Ajax : Real Madrid";"7,59";"Football";"0";"0";"2026-03-19 23:47:34.660";"MATCH ODDS";"Real";"5,38";"NULL"
"2026-02-19 01:28:49.341";"a-pk-00000029";"a-pk-00000027";"a0054-b3-p1";"UEFA Champions League|PSV Eindhoven : Bayern Munich";"9,31";"Tennis";"1";"0";"2026-01-04 04:15:31.411";"MATCH ODDS";"Bayern";"4,76";"NULL"
"2026-03-06 02:58:00.393";"a-pk-00000030";"a-pk-00000027";"a0054-b3-p2";"Premier League|PSV Eindhoven : Juventus";"3,17";"Tennis";"0";"0";"2026-04-11 19:50:06.600";"MATCH ODDS";"Juventus";"3,52";"NULL"
"2026-01-15 07:01:00.584";"a-pk-00000034";"a-pk-00000033";"a0054-b4-p0";"ATP Tour|Ajax : Fenerbahce Istanbul";"7,61";"Basketball";"1";"1";"2026-02-09 01:12:10.722";"MATCH ODDS";"Fenerbahce";"3,01";"NULL"
"2026-01-11 03:17:13.737";"a-pk-00000035";"a-pk-00000033";"a0054-b4-p1";"Premier League|Ajax : Bayern Munich";"9,54";"Football";"0";"1";"2026-02-22 01:33:54.452";"MATCH ODDS";"Bayern";"10,22";"NULL"
"2026-01-16 10:54:21.102";"b-pk-00000015";"b-pk-00000014";"b0055-b0-p0";"ATP Tour|Fenerbahce Istanbul : Bayern Munich";"6,73";"Tennis";"0";"0";"2026-04-20 19:36:12.176";"MATCH ODDS";"Bayern";"6,70";"NULL"
"2026-01-06 11:55:18.791";"b-pk-00000018";"b-pk-00000017";"b0055-b1-p0";"ATP Tour|Juventus : Bayern Munich";"6,99";"Basketball";"0";"1";"2026-02-14 17:36:02.287";"MATCH ODDS";"Bayern";"14,08";"NULL"
"2026-01-21 00:00:38.347";"b-pk-00000019";"b-pk-00000017";"b0055-b1-p1";"Premier League|FC Twente : Arsenal";"3,65";"Tennis";"1";"1";"2026-03-06 02:25:46.285";"MATCH ODDS";"Arsenal";"5,45";"NULL"
"2026-02-16 17:04:16.688";"b-pk-00000020";"b-pk-00000017";"b0055-b1-p2";"UEFA Champions League|Juventus : Fenerbahce Istanbul";"5,82";"Tennis";"1";"1";"2026-01-10 07:29:32.979";"MATCH ODDS";"Fenerbahce";"18,22";"NULL"
"2026-01-17 11:52:33.764";"b-pk-00000024";"b-pk-00000023";"b0055-b2-p0";"Premier League|Feyenoord Rotterdam : Bayern Munich";"7,78";"Football";"0";"0";"2026-04-16 22:10:36.863";"MATCH ODDS";"Bayern";"3,09";"NULL"
"2026-03-11 16:43:52.896";"c-pk-00000013";"c-pk-00000012";"c0056-b0-p0";"Eredivisie|FC Twente : Arsenal";"6,43";"Football";"0";"0";"2026-01-24 23:18:51.677";"MATCH ODDS";"Arsenal";"18,68";"NULL"
"2026-04-20 00:37:05.961";"c-pk-00000014";"c-pk-00000012";"c0056-b0-p1";"Eredivisie|Ajax : Bayern Munich";"11,20";"Football";"1";"1";"2026-02-01 05:35:58.272";"MATCH ODDS";"Bayern";"11,83";"NULL"
"2026-04-26 11:49:17.695";"c-pk-00000018";"c-pk-00000017";"c0056-b1-p0";"UEFA Champions League|AZ Alkmaar : Bayern Munich";"1,38";"Football";"1";"1";"2026-02-04 11:55:45.583";"MATCH ODDS";"Bayern";"9,58";"NULL"
"2026-04-14 04:12:08.236";"c-pk-00000019";"c-pk-00000017";"c0056-b1-p1";"Premier League|FC Twente : Bayern Munich";"5,82";"Tennis";"1";"1";"2026-04-10 18:04:08.381";"MATCH ODDS";"Bayern";"12,05";"NULL"
"2026-02-07 11:24:39.604";"c-pk-00000023";"c-pk-00000022";"c0056-b2-p0";"ATP Tour|Juventus : Juventus";"11,01";"Basketball";"0";"0";"2026-02-11 17:47:30.885";"MATCH ODDS";"Juventus";"19,48";"NULL"
"2026-02-28 06:46:15.350";"a-pk-00000013";"a-pk-00000012";"a0057-b0-p0";"ATP Tour|AZ Alkmaar : Bayern Munich";"8,98";"Football";"0";"0";"2026-02-20 14:19:16.870";"MATCH ODDS";"Bayern";"1,39";"NULL"
"2026-01-07 21:54:58.148";"a-pk-00000017";"a-pk-00000016";"a0057-b1-p0";"UEFA Champions League|Bayern Munich : Real Madrid";"9,96";"Tennis";"0";"0";"2026-03-18 08:35:21.574";"MATCH ODDS";"Real";"1,89";"NULL"
"2026-01-04 19:41:25.033";"a-pk-00000018";"a-pk-00000016";"a0057-b1-p1";"Eredivisie|AZ Alkmaar : Real Madrid";"4,39";"Tennis";"0";"0";"2026-01-11 07:38:57.481";"MATCH ODDS";"Real";"13,88";"NULL"
"2026-03-16 23:44:50.058";"a-pk-00000019";"a-pk-00000016";"a0057-b1-p2";"Premier League|PSV Eindhoven : Bayern Munich";"10,53";"Basketball";"0";"0";"2026-01-15 02:18:24.763";"MATCH ODDS";"Bayern";"2,40";"NULL"
"2026-01-24 17:19:01.132";"a-pk-00000023";"a-pk-00000022";"a0057-b2-p0";"ATP Tour|Feyenoord Rotterdam : Real Madrid";"5,24";"Basketball";"1";"0";"2026-02-13 16:25:03.338";"MATCH ODDS";"Real";"18,63";"NULL"
"2026-02-19 01:37:07.168";"a-pk-00000026";"a-pk-00000025";"a0057-b3-p0";"UEFA Champions League|Juventus : Fenerbahce Istanbul";"1,83";"Basketball";"0";"0";"2026-02-12 04:01:38.268";"MATCH ODDS";"Fenerbahce";"7,44";"NULL"
"2026-03-02 07:24:51.035";"b-pk-00000017";"b-pk-00000016";"b0058-b0-p0";"Eredivisie|AZ Alkmaar : Fenerbahce Istanbul";"4,82";"Tennis";"0";"1";"2026-02-21 09:05:46.843";"MATCH ODDS";"Fenerbahce";"3,97";"NULL"
"2026-04-07 16:42:22.649";"b-pk-00000021";"b-pk-00000020";"b0058-b1-p0";"Eredivisie|Fenerbahce Istanbul : Fenerbahce Istanbul";"10,35";"Tennis";"1";"1";"2026-01-10 18:28:17.322";"MATCH ODDS";"Fenerbahce";"48,01";"NULL"
"2026-04-24 18:53:34.725";"b-pk-00000022";"b-pk-00000020";"b0058-b1-p1";"Eredivisie|Real Madrid : Fenerbahce Istanbul";"4,20";"Basketball";"0";"1";"2026-04-02 18:47:39.910";"MATCH ODDS";"Fenerbahce";"25,88";"NULL"
"2026-01-11 19:18:35.955";"b-pk-00000026";"b-pk-00000025";"b0058-b2-p0";"UEFA Champions League|FC Twente : Juventus";"4,87";"Tennis";"0";"0";"2026-01-06 21:28:27.759";"MATCH ODDS";"Juventus";"56,22";"NULL"
"2026-01-11 21:34:54.297";"b-pk-00000029";"b-pk-00000028";"b0058-b3-p0";"ATP Tour|FC Twente : Juventus";"1,93";"Basketball";"0";"1";"2026-01-24 06:44:46.261";"MATCH ODDS";"Juventus";"46,47";"NULL"
"2026-04-26 03:03:53.556";"b-pk-00000033";"b-pk-00000032";"b0058-b4-p0";"Eredivisie|Arsenal : Real Madrid";"1,84";"Football";"1";"0";"2026-04-13 04:00:06.428";"MATCH ODDS";"Real";"26,49";"NULL"
"2026-04-17 14:21:33.805";"b-pk-00000037";"b-pk-00000036";"b0058-b5-p0";"UEFA Champions League|Feyenoord Rotterdam : Fenerbahce Istanbul";"9,94";"Basketball";"0";"1";"2026-01-12 02:26:24.361";"MATCH ODDS";"Fenerbahce";"21,17";"NULL"
"2026-03-03 16:37:39.483";"b-pk-00000038";"b-pk-00000036";"b0058-b5-p1";"Premier League|Ajax : Bayern Munich";"11,28";"Football";"0";"0";"2026-02-17 13:58:34.436";"MATCH ODDS";"Bayern";"2,34";"NULL"
"2026-02-02 22:21:46.049";"b-pk-00000041";"b-pk-00000040";"b0058-b6-p0";"UEFA Champions League|Juventus : Arsenal";"7,04";"Basketball";"0";"0";"2026-03-24 02:13:17.684";"MATCH ODDS";"Arsenal";"46,69";"NULL"
"2026-01-15 06:22:48.788";"b-pk-00000045";"b-pk-00000044";"b0058-b7-p0";"Premier League|Feyenoord Rotterdam : Bayern Munich";"5,28";"Basketball";"1";"1";"2026-01-19 10:31:40.654";"MATCH ODDS";"Bayern";"76,31";"NULL"
"2026-02-22 13:00:10.734";"b-pk-00000046";"b-pk-00000044";"b0058-b7-p1";"UEFA Champions League|Fenerbahce Istanbul : Bayern Munich";"7,86";"Tennis";"0";"0";"2026-02-03 11:58:33.614";"MATCH ODDS";"Bayern";"78,02";"NULL"
"2026-04-07 09:09:02.232";"b-pk-00000047";"b-pk-00000044";"b0058-b7-p2";"UEFA Champions League|FC Twente : Bayern Munich";"2,24";"Basketball";"1";"1";"2026-04-10 17:27:29.371";"MATCH ODDS";"Bayern";"49,16";"NULL"
"2026-01-19 13:10:15.662";"b-pk-00000050";"b-pk-00000049";"b0058-b8-p0";"Premier League|Arsenal : Juventus";"9,48";"Football";"1";"0";"2026-03-24 17:24:45.637";"MATCH ODDS";"Juventus";"60,78";"NULL"
"2026-02-04 14:12:44.002";"b-pk-00000051";"b-pk-00000049";"b0058-b8-p1";"Premier League|AZ Alkmaar : Arsenal";"5,35";"Football";"0";"0";"2026-03-03 16:59:57.817";"MATCH ODDS";"Arsenal";"61,38";"NULL"
"2026-02-13 11:52:21.576";"b-pk-00000052";"b-pk-00000049";"b0058-b8-p2";"Premier League|FC Twente : Real Madrid";"4,57";"Basketball";"0";"1";"2026-02-08 04:29:46.147";"MATCH ODDS";"Real";"18,39";"NULL"
"2026-04-15 18:20:45.265";"b-pk-00000056";"b-pk-00000055";"b0058-b9-p0";"Premier League|Arsenal : Fenerbahce Istanbul";"1,96";"Tennis";"1";"1";"2026-03-11 06:37:33.079";"MATCH ODDS";"Fenerbahce";"79,12";"NULL"
"2026-04-24 06:29:32.067";"b-pk-00000057";"b-pk-00000055";"b0058-b9-p1";"UEFA Champions League|Juventus : Juventus";"5,01";"Football";"1";"1";"2026-01-18 18:19:23.522";"MATCH ODDS";"Juventus";"79,02";"NULL"
"2026-02-17 08:35:32.453";"b-pk-00000058";"b-pk-00000055";"b0058-b9-p2";"ATP Tour|Arsenal : Real Madrid";"5,64";"Basketball";"0";"0";"2026-01-22 15:25:05.154";"MATCH ODDS";"Real";"19,79";"NULL"
"2026-04-13 22:48:54.988";"b-pk-00000062";"b-pk-00000061";"b0058-b10-p0";"UEFA Champions League|Fenerbahce Istanbul : Arsenal";"7,64";"Football";"0";"1";"2026-02-08 15:49:09.603";"MATCH ODDS";"Arsenal";"44,83";"NULL"
"2026-03-23 16:42:59.869";"b-pk-00000063";"b-pk-00000061";"b0058-b10-p1";"Eredivisie|FC Twente : Real Madrid";"5,92";"Tennis";"1";"0";"2026-02-23 10:02:26.502";"MATCH ODDS";"Real";"26,90";"NULL"
"2026-02-11 11:44:28.013";"b-pk-00000064";"b-pk-00000061";"b0058-b10-p2";"Eredivisie|Arsenal : Juventus";"9,84";"Tennis";"0";"0";"2026-02-27 21:57:56.223";"MATCH ODDS";"Juventus";"8,91";"NULL"
"2026-02-24 19:16:21.852";"c-pk-00000021";"c-pk-00000020";"c0059-b0-p0";"Eredivisie|Fenerbahce Istanbul : Real Madrid";"10,49";"Basketball";"1";"1";"2026-02-07 09:11:32.409";"MATCH ODDS";"Real";"24,57";"NULL"
"2026-02-20 15:53:14.364";"c-pk-00000025";"c-pk-00000024";"c0059-b1-p0";"Premier League|Real Madrid : Bayern Munich";"5,57";"Football";"1";"0";"2026-04-13 11:52:21.576";"MATCH ODDS";"Bayern";"67,92";"NULL"
"2026-02-28 20:32:03.634";"c-pk-00000026";"c-pk-00000024";"c0059-b1-p1";"Premier League|AZ Alkmaar : Real Madrid";"11,09";"Tennis";"1";"0";"2026-03-16 11:14:15.414";"MATCH ODDS";"Real";"68,07";"NULL"
"2026-03-25 12:27:46.325";"c-pk-00000027";"c-pk-00000024";"c0059-b1-p2";"ATP Tour|Real Madrid : Bayern Munich";"8,40";"Tennis";"0";"1";"2026-02-25 20:56:49.590";"MATCH ODDS";"Bayern";"44,56";"NULL"
"2026-02-22 09:26:35.336";"c-pk-00000031";"c-pk-00000030";"c0059-b2-p0";"Premier League|Real Madrid : Bayern Munich";"6,60";"Tennis";"0";"0";"2026-04-26 03:25:46.551";"MATCH ODDS";"Bayern";"12,62";"NULL"
"2026-04-04 11:55:14.689";"c-pk-00000032";"c-pk-00000030";"c0059-b2-p1";"UEFA Champions League|Juventus : Real Madrid";"11,42";"Football";"0";"1";"2026-02-23 14:05:01.250";"MATCH ODDS";"Real";"2,83";"NULL"
"2026-01-16 22:10:49.850";"c-pk-00000033";"c-pk-00000030";"c0059-b2-p2";"ATP Tour|Arsenal : Real Madrid";"9,55";"Football";"1";"1";"2026-04-18 22:01:35.917";"MATCH ODDS";"Real";"12,06";"NULL"
"2026-02-27 06:38:06.471";"c-pk-00000037";"c-pk-00000036";"c0059-b3-p0";"ATP Tour|Bayern Munich : Bayern Munich";"2,70";"Basketball";"1";"0";"2026-02-13 18:16:32.866";"MATCH ODDS";"Bayern";"53,53";"NULL"
"2026-04-23 09:36:29.090";"c-pk-00000038";"c-pk-00000036";"c0059-b3-p1";"ATP Tour|Fenerbahce Istanbul : Real Madrid";"7,90";"Tennis";"0";"1";"2026-02-07 10:14:38.113";"MATCH ODDS";"Real";"3,60";"NULL"
"2026-03-18 03:18:02.845";"c-pk-00000042";"c-pk-00000041";"c0059-b4-p0";"Eredivisie|AZ Alkmaar : Arsenal";"7,28";"Basketball";"1";"0";"2026-01-03 13:31:38.221";"MATCH ODDS";"Arsenal";"3,98";"NULL"
"2026-04-01 09:37:41.727";"c-pk-00000043";"c-pk-00000041";"c0059-b4-p1";"UEFA Champions League|Juventus : Fenerbahce Istanbul";"7,58";"Basketball";"0";"0";"2026-01-28 09:41:57.944";"MATCH ODDS";"Fenerbahce";"13,76";"NULL"
"2026-02-02 06:20:12.076";"c-pk-00000046";"c-pk-00000045";"c0059-b5-p0";"Premier League|PSV Eindhoven : Bayern Munich";"5,80";"Basketball";"1";"0";"2026-04-27 18:06:13.942";"MATCH ODDS";"Bayern";"43,94";"NULL"
"2026-01-10 02:07:08.860";"c-pk-00000049";"c-pk-00000048";"c0059-b6-p0";"Eredivisie|AZ Alkmaar : Fenerbahce Istanbul";"6,96";"Basketball";"1";"1";"2026-02-16 22:04:49.951";"MATCH ODDS";"Fenerbahce";"49,00";"NULL"
"2026-02-21 04:07:22.290";"c-pk-00000053";"c-pk-00000052";"c0059-b7-p0";"Eredivisie|FC Twente : Bayern Munich";"10,67";"Football";"0";"0";"2026-03-07 10:03:26.611";"MATCH ODDS";"Bayern";"53,41";"NULL"
"2026-04-15 07:14:28.774";"a-pk-00000010";"a-pk-00000009";"a0060-b0-p0";"Premier League|Feyenoord Rotterdam : Arsenal";"4,15";"Tennis";"0";"0";"2026-04-11 04:28:26.095";"MATCH ODDS";"Arsenal";"18,60";"NULL"
"2026-03-26 00:34:18.691";"a-pk-00000014";"a-pk-00000013";"a0060-b1-p0";"Eredivisie|AZ Alkmaar : Arsenal";"3,19";"Basketball";"0";"1";"2026-02-07 09:32:00.785";"MATCH ODDS";"Arsenal";"1,61";"NULL"
"2026-03-11 07:55:25.614";"a-pk-00000015";"a-pk-00000013";"a0060-b1-p1";"UEFA Champions League|Ajax : Bayern Munich";"2,37";"Basketball";"1";"1";"2026-04-10 18:59:01.393";"MATCH ODDS";"Bayern";"4,31";"NULL"
"2026-04-08 01:17:01.933";"a-pk-00000019";"a-pk-00000018";"a0060-b2-p0";"Eredivisie|Fenerbahce Istanbul : Bayern Munich";"10,14";"Basketball";"1";"1";"2026-02-23 19:38:05.453";"MATCH ODDS";"Bayern";"4,00";"NULL"
"2026-02-27 11:48:02.994";"a-pk-00000023";"a-pk-00000022";"a0060-b3-p0";"Eredivisie|Feyenoord Rotterdam : Arsenal";"3,53";"Football";"0";"0";"2026-03-18 11:00:11.154";"MATCH ODDS";"Arsenal";"1,86";"NULL"
"2026-04-01 12:12:26.645";"b-pk-00000016";"b-pk-00000015";"b0061-b0-p0";"ATP Tour|AZ Alkmaar : Arsenal";"3,57";"Football";"1";"0";"2026-01-04 02:08:56.812";"MATCH ODDS";"Arsenal";"16,68";"NULL"
"2026-02-13 00:54:21.655";"b-pk-00000019";"b-pk-00000018";"b0061-b1-p0";"UEFA Champions League|Arsenal : Arsenal";"8,51";"Basketball";"1";"1";"2026-02-01 17:23:58.429";"MATCH ODDS";"Arsenal";"6,32";"NULL"
"2026-02-09 19:23:48.887";"b-pk-00000020";"b-pk-00000018";"b0061-b1-p1";"Eredivisie|Fenerbahce Istanbul : Fenerbahce Istanbul";"2,21";"Basketball";"0";"1";"2026-01-27 20:56:55.000";"MATCH ODDS";"Fenerbahce";"2,47";"NULL"
"2026-04-12 16:45:44.916";"b-pk-00000021";"b-pk-00000018";"b0061-b1-p2";"UEFA Champions League|Bayern Munich : Arsenal";"8,85";"Football";"0";"0";"2026-01-10 08:40:04.062";"MATCH ODDS";"Arsenal";"6,36";"NULL"
"2026-04-17 10:24:18.458";"b-pk-00000025";"b-pk-00000024";"b0061-b2-p0";"UEFA Champions League|FC Twente : Fenerbahce Istanbul";"2,39";"Tennis";"1";"0";"2026-01-20 01:09:56.473";"MATCH ODDS";"Fenerbahce";"16,02";"NULL"
"2026-03-05 03:35:37.127";"c-pk-00000028";"c-pk-00000027";"c0062-b0-p0";"ATP Tour|Ajax : Juventus";"9,27";"Football";"1";"0";"2026-04-14 23:55:22.663";"MATCH ODDS";"Juventus";"3,27";"NULL"
"2026-04-06 18:10:11.435";"c-pk-00000032";"c-pk-00000031";"c0062-b1-p0";"ATP Tour|AZ Alkmaar : Real Madrid";"5,87";"Tennis";"0";"0";"2026-04-21 12:05:25.836";"MATCH ODDS";"Real";"26,66";"NULL"
"2026-02-18 11:47:34.025";"c-pk-00000035";"c-pk-00000034";"c0062-b2-p0";"UEFA Champions League|Arsenal : Bayern Munich";"4,62";"Football";"1";"0";"2026-04-04 12:21:30.564";"MATCH ODDS";"Bayern";"47,03";"NULL"
"2026-04-12 02:34:34.451";"c-pk-00000036";"c-pk-00000034";"c0062-b2-p1";"Premier League|Real Madrid : Juventus";"2,07";"Football";"1";"1";"2026-01-02 20:23:49.044";"MATCH ODDS";"Juventus";"1,34";"NULL"
"2026-04-18 15:22:40.474";"c-pk-00000037";"c-pk-00000034";"c0062-b2-p2";"Eredivisie|Bayern Munich : Bayern Munich";"11,92";"Basketball";"0";"0";"2026-02-19 06:01:07.104";"MATCH ODDS";"Bayern";"58,76";"NULL"
"2026-02-14 19:13:52.121";"c-pk-00000040";"c-pk-00000039";"c0062-b3-p0";"Eredivisie|Ajax : Real Madrid";"8,05";"Football";"1";"0";"2026-01-01 15:40:12.020";"MATCH ODDS";"Real";"75,29";"NULL"
"2026-03-28 06:03:16.280";"a-pk-00000012";"a-pk-00000011";"a0063-b0-p0";"UEFA Champions League|Bayern Munich : Juventus";"4,63";"Football";"0";"0";"2026-02-25 20:24:47.826";"MATCH ODDS";"Juventus";"10,89";"NULL"
"2026-02-24 09:40:22.901";"a-pk-00000013";"a-pk-00000011";"a0063-b0-p1";"UEFA Champions League|Juventus : Juventus";"1,80";"Basketball";"1";"1";"2026-04-25 12:03:15.664";"MATCH ODDS";"Juventus";"15,80";"NULL"
"2026-04-06 02:03:55.768";"a-pk-00000017";"a-pk-00000016";"a0063-b1-p0";"Eredivisie|Ajax : Juventus";"4,59";"Football";"0";"1";"2026-04-02 03:34:19.163";"MATCH ODDS";"Juventus";"3,83";"NULL"
"2026-04-08 23:24:38.012";"a-pk-00000020";"a-pk-00000019";"a0063-b2-p0";"UEFA Champions League|Feyenoord Rotterdam : Real Madrid";"6,23";"Basketball";"1";"1";"2026-04-16 05:02:02.023";"MATCH ODDS";"Real";"7,72";"NULL"
"2026-01-25 03:56:49.598";"a-pk-00000023";"a-pk-00000022";"a0063-b3-p0";"Premier League|AZ Alkmaar : Fenerbahce Istanbul";"9,34";"Basketball";"1";"1";"2026-03-09 11:26:38.483";"MATCH ODDS";"Fenerbahce";"3,69";"NULL"
"2026-04-17 05:44:03.116";"b-pk-00000010";"b-pk-00000009";"b0064-b0-p0";"UEFA Champions League|Real Madrid : Juventus";"9,45";"Basketball";"0";"1";"2026-01-14 15:22:12.814";"MATCH ODDS";"Juventus";"13,98";"NULL"
"2026-02-20 11:47:18.380";"b-pk-00000013";"b-pk-00000012";"b0064-b1-p0";"ATP Tour|Fenerbahce Istanbul : Real Madrid";"6,77";"Tennis";"0";"1";"2026-04-27 07:43:38.939";"MATCH ODDS";"Real";"12,13";"NULL"
"2026-04-06 03:52:45.186";"b-pk-00000016";"b-pk-00000015";"b0064-b2-p0";"ATP Tour|Feyenoord Rotterdam : Bayern Munich";"8,83";"Tennis";"0";"0";"2026-04-08 18:38:16.366";"MATCH ODDS";"Bayern";"5,91";"NULL"
"2026-03-16 20:55:00.254";"c-pk-00000010";"c-pk-00000009";"c0065-b0-p0";"Premier League|Juventus : Juventus";"7,35";"Basketball";"1";"1";"2026-03-07 10:38:06.859";"MATCH ODDS";"Juventus";"17,38";"NULL"
"2026-04-15 18:34:39.593";"c-pk-00000014";"c-pk-00000013";"c0065-b1-p0";"ATP Tour|Arsenal : Arsenal";"3,99";"Football";"1";"0";"2026-04-23 20:01:55.884";"MATCH ODDS";"Arsenal";"17,46";"NULL"
"2026-04-03 02:01:48.220";"c-pk-00000015";"c-pk-00000013";"c0065-b1-p1";"Premier League|Feyenoord Rotterdam : Fenerbahce Istanbul";"9,82";"Tennis";"1";"0";"2026-03-13 15:53:22.428";"MATCH ODDS";"Fenerbahce";"9,21";"NULL"
"2026-01-22 03:24:31.678";"c-pk-00000016";"c-pk-00000013";"c0065-b1-p2";"ATP Tour|PSV Eindhoven : Fenerbahce Istanbul";"4,36";"Basketball";"0";"0";"2026-03-23 06:23:39.908";"MATCH ODDS";"Fenerbahce";"13,15";"NULL"
"2026-04-13 21:41:54.800";"a-pk-00000016";"a-pk-00000015";"a0066-b0-p0";"ATP Tour|Feyenoord Rotterdam : Bayern Munich";"10,21";"Basketball";"0";"0";"2026-03-23 04:23:25.351";"MATCH ODDS";"Bayern";"19,58";"NULL"
"2026-03-23 05:44:14.708";"a-pk-00000017";"a-pk-00000015";"a0066-b0-p1";"UEFA Champions League|Fenerbahce Istanbul : Juventus";"3,70";"Basketball";"0";"0";"2026-04-14 09:54:01.323";"MATCH ODDS";"Juventus";"6,29";"NULL"
"2026-02-05 02:16:03.363";"a-pk-00000018";"a-pk-00000015";"a0066-b0-p2";"ATP Tour|Ajax : Juventus";"1,93";"Football";"1";"1";"2026-01-10 15:19:28.888";"MATCH ODDS";"Juventus";"5,63";"NULL"
"2026-03-03 17:58:47.698";"a-pk-00000022";"a-pk-00000021";"a0066-b1-p0";"Eredivisie|FC Twente : Arsenal";"8,76";"Tennis";"1";"1";"2026-04-16 09:06:13.092";"MATCH ODDS";"Arsenal";"19,42";"NULL"
"2026-01-05 11:32:23.200";"a-pk-00000023";"a-pk-00000021";"a0066-b1-p1";"Eredivisie|Fenerbahce Istanbul : Juventus";"4,09";"Tennis";"1";"0";"2026-03-07 19:59:33.794";"MATCH ODDS";"Juventus";"11,22";"NULL"
"2026-03-20 19:03:51.591";"a-pk-00000024";"a-pk-00000021";"a0066-b1-p2";"Premier League|Fenerbahce Istanbul : Arsenal";"6,84";"Basketball";"0";"0";"2026-04-11 11:51:33.859";"MATCH ODDS";"Arsenal";"17,85";"NULL"
"2026-03-28 12:12:16.130";"a-pk-00000027";"a-pk-00000026";"a0066-b2-p0";"UEFA Champions League|Ajax : Juventus";"8,80";"Football";"1";"0";"2026-01-23 19:56:23.588";"MATCH ODDS";"Juventus";"9,80";"NULL"
"2026-02-03 16:20:09.483";"a-pk-00000028";"a-pk-00000026";"a0066-b2-p1";"UEFA Champions League|Fenerbahce Istanbul : Juventus";"10,97";"Tennis";"0";"0";"2026-03-24 12:05:12.255";"MATCH ODDS";"Juventus";"2,59";"NULL"
"2026-01-03 10:14:02.194";"a-pk-00000029";"a-pk-00000026";"a0066-b2-p2";"Eredivisie|Bayern Munich : Bayern Munich";"1,84";"Tennis";"1";"0";"2026-04-15 17:05:42.729";"MATCH ODDS";"Bayern";"2,90";"NULL"
"2026-01-05 13:39:54.926";"a-pk-00000032";"a-pk-00000031";"a0066-b3-p0";"Eredivisie|Bayern Munich : Fenerbahce Istanbul";"7,66";"Tennis";"0";"0";"2026-04-10 21:05:59.632";"MATCH ODDS";"Fenerbahce";"18,43";"NULL"
"2026-04-21 12:44:39.095";"a-pk-00000033";"a-pk-00000031";"a0066-b3-p1";"UEFA Champions League|Fenerbahce Istanbul : Arsenal";"1,39";"Basketball";"0";"0";"2026-03-05 23:07:25.548";"MATCH ODDS";"Arsenal";"3,69";"NULL"
"2026-04-09 10:51:35.224";"b-pk-00000009";"b-pk-00000008";"b0067-b0-p0";"UEFA Champions League|AZ Alkmaar : Arsenal";"6,38";"Tennis";"1";"1";"2026-04-11 04:05:14.365";"MATCH ODDS";"Arsenal";"13,09";"NULL"
"2026-02-14 14:20:48.123";"b-pk-00000012";"b-pk-00000011";"b0067-b1-p0";"ATP Tour|Bayern Munich : Juventus";"10,26";"Basketball";"0";"1";"2026-04-09 10:14:17.627";"MATCH ODDS";"Juventus";"8,72";"NULL"
"2026-04-26 06:53:02.087";"b-pk-00000016";"b-pk-00000015";"b0067-b2-p0";"UEFA Champions League|Real Madrid : Fenerbahce Istanbul";"9,39";"Tennis";"1";"0";"2026-02-09 04:08:33.287";"MATCH ODDS";"Fenerbahce";"15,43";"NULL"
"2026-04-13 13:35:03.581";"b-pk-00000017";"b-pk-00000015";"b0067-b2-p1";"Eredivisie|Real Madrid : Bayern Munich";"7,99";"Tennis";"1";"0";"2026-01-26 20:55:32.994";"MATCH ODDS";"Bayern";"1,64";"NULL"
"2026-01-03 10:55:14.449";"b-pk-00000018";"b-pk-00000015";"b0067-b2-p2";"Premier League|Ajax : Real Madrid";"9,28";"Tennis";"1";"1";"2026-04-04 11:20:16.279";"MATCH ODDS";"Real";"8,92";"NULL"
"2026-04-13 21:15:22.202";"c-pk-00000021";"c-pk-00000020";"c0068-b0-p0";"ATP Tour|Juventus : Real Madrid";"9,74";"Tennis";"0";"1";"2026-03-23 16:38:26.046";"MATCH ODDS";"Real";"39,63";"NULL"
"2026-03-25 02:13:14.820";"c-pk-00000022";"c-pk-00000020";"c0068-b0-p1";"Eredivisie|Ajax : Juventus";"4,93";"Football";"0";"0";"2026-01-09 06:03:38.479";"MATCH ODDS";"Juventus";"72,95";"NULL"
"2026-04-13 21:59:14.321";"c-pk-00000023";"c-pk-00000020";"c0068-b0-p2";"Eredivisie|AZ Alkmaar : Bayern Munich";"6,38";"Basketball";"1";"1";"2026-01-23 08:33:01.200";"MATCH ODDS";"Bayern";"56,58";"NULL"
"2026-01-05 16:55:48.535";"c-pk-00000027";"c-pk-00000026";"c0068-b1-p0";"Premier League|Arsenal : Juventus";"5,42";"Basketball";"0";"0";"2026-02-22 04:12:50.821";"MATCH ODDS";"Juventus";"14,13";"NULL"
"2026-02-06 11:43:52.324";"c-pk-00000031";"c-pk-00000030";"c0068-b2-p0";"Premier League|Bayern Munich : Arsenal";"4,23";"Football";"0";"0";"2026-03-03 06:24:58.460";"MATCH ODDS";"Arsenal";"15,82";"NULL"
"2026-02-18 20:41:34.102";"c-pk-00000032";"c-pk-00000030";"c0068-b2-p1";"UEFA Champions League|Bayern Munich : Real Madrid";"8,65";"Football";"1";"1";"2026-03-25 03:34:49.919";"MATCH ODDS";"Real";"23,08";"NULL"
"2026-04-25 12:58:18.479";"c-pk-00000036";"c-pk-00000035";"c0068-b3-p0";"UEFA Champions League|Fenerbahce Istanbul : Real Madrid";"11,01";"Football";"0";"1";"2026-04-14 03:34:15.794";"MATCH ODDS";"Real";"37,74";"NULL"
"2026-02-02 07:56:52.687";"c-pk-00000039";"c-pk-00000038";"c0068-b4-p0";"ATP Tour|Bayern Munich : Fenerbahce Istanbul";"2,95";"Tennis";"1";"1";"2026-03-20 13:29:19.111";"MATCH ODDS";"Fenerbahce";"47,52";"NULL"
"2026-01-04 17:04:47.884";"c-pk-00000042";"c-pk-00000041";"c0068-b5-p0";"ATP Tour|Fenerbahce Istanbul : Juventus";"5,24";"Basketball";"0";"0";"2026-04-18 04:37:25.475";"MATCH ODDS";"Juventus";"76,40";"NULL"
"2026-02-03 19:15:40.922";"c-pk-00000043";"c-pk-00000041";"c0068-b5-p1";"Premier League|Ajax : Fenerbahce Istanbul";"5,50";"Football";"1";"0";"2026-04-26 00:08:11.115";"MATCH ODDS";"Fenerbahce";"34,45";"NULL"
"2026-01-16 09:21:58.259";"c-pk-00000047";"c-pk-00000046";"c0068-b6-p0";"Premier League|AZ Alkmaar : Real Madrid";"5,28";"Football";"1";"0";"2026-01-06 23:05:19.048";"MATCH ODDS";"Real";"72,68";"NULL"
"2026-01-07 01:22:26.512";"c-pk-00000050";"c-pk-00000049";"c0068-b7-p0";"ATP Tour|AZ Alkmaar : Fenerbahce Istanbul";"6,08";"Football";"1";"0";"2026-02-09 22:24:00.337";"MATCH ODDS";"Fenerbahce";"8,36";"NULL"
"2026-03-27 14:19:44.879";"a-pk-00000015";"a-pk-00000014";"a0069-b0-p0";"ATP Tour|Ajax : Fenerbahce Istanbul";"2,40";"Tennis";"0";"1";"2026-04-27 07:37:26.162";"MATCH ODDS";"Fenerbahce";"31,45";"NULL"
"2026-03-20 14:33:31.168";"a-pk-00000019";"a-pk-00000018";"a0069-b1-p0";"Premier League|PSV Eindhoven : Real Madrid";"7,72";"Tennis";"1";"1";"2026-01-11 12:48:45.871";"MATCH ODDS";"Real";"25,28";"NULL"
"2026-02-09 17:41:01.656";"a-pk-00000020";"a-pk-00000018";"a0069-b1-p1";"UEFA Champions League|Fenerbahce Istanbul : Real Madrid";"4,41";"Tennis";"1";"1";"2026-01-21 00:46:03.581";"MATCH ODDS";"Real";"23,68";"NULL"
"2026-01-23 08:59:53.644";"a-pk-00000024";"a-pk-00000023";"a0069-b2-p0";"UEFA Champions League|FC Twente : Real Madrid";"11,73";"Football";"1";"0";"2026-04-08 03:45:07.770";"MATCH ODDS";"Real";"37,35";"NULL"
"2026-04-26 09:10:10.589";"a-pk-00000027";"a-pk-00000026";"a0069-b3-p0";"Premier League|Juventus : Juventus";"7,02";"Football";"1";"1";"2026-04-23 15:50:30.816";"MATCH ODDS";"Juventus";"74,80";"NULL"
"2026-04-14 02:55:53.660";"a-pk-00000031";"a-pk-00000030";"a0069-b4-p0";"Premier League|Feyenoord Rotterdam : Arsenal";"4,57";"Football";"1";"1";"2026-02-27 23:45:20.325";"MATCH ODDS";"Arsenal";"21,52";"NULL"
"2026-01-13 19:31:38.147";"a-pk-00000032";"a-pk-00000030";"a0069-b4-p1";"Eredivisie|Bayern Munich : Real Madrid";"9,02";"Basketball";"0";"1";"2026-04-12 08:36:14.636";"MATCH ODDS";"Real";"16,52";"NULL"
"2026-03-11 06:47:49.687";"a-pk-00000033";"a-pk-00000030";"a0069-b4-p2";"UEFA Champions League|Juventus : Arsenal";"7,57";"Football";"1";"0";"2026-04-18 22:14:21.467";"MATCH ODDS";"Arsenal";"16,65";"NULL"
"2026-02-23 14:10:03.247";"a-pk-00000037";"a-pk-00000036";"a0069-b5-p0";"Premier League|Fenerbahce Istanbul : Juventus";"3,69";"Football";"1";"0";"2026-04-02 04:15:52.135";"MATCH ODDS";"Juventus";"26,81";"NULL"
"2026-03-11 17:54:31.055";"a-pk-00000038";"a-pk-00000036";"a0069-b5-p1";"Premier League|Arsenal : Fenerbahce Istanbul";"9,88";"Tennis";"0";"1";"2026-02-05 20:52:43.691";"MATCH ODDS";"Fenerbahce";"24,63";"NULL"
"2026-01-27 03:52:37.823";"b-pk-00000014";"b-pk-00000013";"b0070-b0-p0";"UEFA Champions League|PSV Eindhoven : Arsenal";"9,84";"Football";"1";"1";"2026-02-10 23:31:26.573";"MATCH ODDS";"Arsenal";"11,49";"NULL"
"2026-02-11 20:07:28.894";"b-pk-00000017";"b-pk-00000016";"b0070-b1-p0";"Eredivisie|Bayern Munich : Fenerbahce Istanbul";"7,54";"Football";"1";"1";"2026-04-02 16:23:26.001";"MATCH ODDS";"Fenerbahce";"11,88";"NULL"
"2026-03-22 15:38:17.809";"b-pk-00000021";"b-pk-00000020";"b0070-b2-p0";"ATP Tour|Ajax : Real Madrid";"1,79";"Basketball";"1";"0";"2026-02-07 14:16:16.633";"MATCH ODDS";"Real";"12,92";"NULL"
"2026-02-08 19:06:45.234";"b-pk-00000022";"b-pk-00000020";"b0070-b2-p1";"UEFA Champions League|Juventus : Arsenal";"5,45";"Basketball";"1";"0";"2026-02-27 20:25:19.072";"MATCH ODDS";"Arsenal";"1,08";"NULL"
"2026-04-03 18:29:12.575";"c-pk-00000011";"c-pk-00000010";"c0071-b0-p0";"UEFA Champions League|PSV Eindhoven : Arsenal";"3,99";"Tennis";"0";"0";"2026-01-28 07:00:03.688";"MATCH ODDS";"Arsenal";"15,06";"NULL"
"2026-04-28 11:20:46.429";"c-pk-00000015";"c-pk-00000014";"c0071-b1-p0";"Eredivisie|Arsenal : Arsenal";"1,96";"Football";"0";"0";"2026-02-05 00:26:13.768";"MATCH ODDS";"Arsenal";"2,55";"NULL"
"2026-04-28 14:27:17.015";"c-pk-00000019";"c-pk-00000018";"c0071-b2-p0";"UEFA Champions League|Ajax : Bayern Munich";"10,24";"Football";"0";"0";"2026-02-22 05:21:08.807";"MATCH ODDS";"Bayern";"18,09";"NULL"
"2026-03-10 21:33:17.778";"c-pk-00000022";"c-pk-00000021";"c0071-b3-p0";"Premier League|FC Twente : Arsenal";"11,58";"Basketball";"1";"1";"2026-01-28 03:04:19.801";"MATCH ODDS";"Arsenal";"19,45";"NULL"
"2026-01-24 23:49:12.125";"a-pk-00000009";"a-pk-00000008";"a0072-b0-p0";"ATP Tour|Arsenal : Juventus";"4,76";"Football";"1";"1";"2026-02-23 07:44:10.136";"MATCH ODDS";"Juventus";"13,55";"NULL"
"2026-01-25 03:05:07.936";"a-pk-00000013";"a-pk-00000012";"a0072-b1-p0";"Premier League|PSV Eindhoven : Real Madrid";"4,76";"Football";"1";"1";"2026-04-27 05:29:28.721";"MATCH ODDS";"Real";"11,32";"NULL"
"2026-01-16 16:34:13.397";"b-pk-00000011";"b-pk-00000010";"b0073-b0-p0";"UEFA Champions League|Ajax : Bayern Munich";"7,51";"Football";"0";"0";"2026-03-10 00:15:57.193";"MATCH ODDS";"Bayern";"8,77";"NULL"
"2026-01-24 05:14:05.783";"b-pk-00000012";"b-pk-00000010";"b0073-b0-p1";"Premier League|Bayern Munich : Real Madrid";"12,00";"Football";"1";"1";"2026-02-06 14:15:20.711";"MATCH ODDS";"Real";"13,75";"NULL"
"2026-03-23 14:02:58.152";"b-pk-00000016";"b-pk-00000015";"b0073-b1-p0";"Premier League|Bayern Munich : Bayern Munich";"1,60";"Tennis";"0";"1";"2026-03-03 06:26:19.271";"MATCH ODDS";"Bayern";"18,80";"NULL"
"2026-02-06 04:58:34.664";"b-pk-00000020";"b-pk-00000019";"b0073-b2-p0";"UEFA Champions League|AZ Alkmaar : Arsenal";"3,76";"Basketball";"0";"1";"2026-04-10 09:26:35.711";"MATCH ODDS";"Arsenal";"7,70";"NULL"
"2026-02-19 23:38:03.269";"b-pk-00000024";"b-pk-00000023";"b0073-b3-p0";"ATP Tour|Ajax : Arsenal";"8,53";"Tennis";"0";"0";"2026-02-23 23:52:15.409";"MATCH ODDS";"Arsenal";"11,75";"NULL"
"2026-04-22 21:43:39.781";"c-pk-00000015";"c-pk-00000014";"c0074-b0-p0";"Eredivisie|Ajax : Bayern Munich";"9,21";"Basketball";"0";"0";"2026-03-03 12:18:07.357";"MATCH ODDS";"Bayern";"62,51";"NULL"
"2026-01-07 07:29:59.799";"c-pk-00000016";"c-pk-00000014";"c0074-b0-p1";"Premier League|PSV Eindhoven : Fenerbahce Istanbul";"11,82";"Football";"1";"1";"2026-04-24 18:49:50.703";"MATCH ODDS";"Fenerbahce";"49,03";"NULL"
"2026-03-11 15:49:05.827";"c-pk-00000017";"c-pk-00000014";"c0074-b0-p2";"UEFA Champions League|Feyenoord Rotterdam : Arsenal";"9,79";"Tennis";"0";"1";"2026-03-20 23:25:33.521";"MATCH ODDS";"Arsenal";"7,23";"NULL"
"2026-03-05 14:47:37.111";"c-pk-00000021";"c-pk-00000020";"c0074-b1-p0";"Eredivisie|PSV Eindhoven : Bayern Munich";"2,25";"Football";"0";"0";"2026-03-26 22:55:04.985";"MATCH ODDS";"Bayern";"43,20";"NULL"
"2026-01-05 04:42:54.428";"c-pk-00000025";"c-pk-00000024";"c0074-b2-p0";"UEFA Champions League|Real Madrid : Bayern Munich";"4,06";"Tennis";"1";"0";"2026-01-11 10:18:34.846";"MATCH ODDS";"Bayern";"13,95";"NULL"
"2026-04-24 17:58:16.698";"c-pk-00000029";"c-pk-00000028";"c0074-b3-p0";"UEFA Champions League|Ajax : Arsenal";"6,32";"Football";"0";"1";"2026-04-03 14:11:31.344";"MATCH ODDS";"Arsenal";"43,29";"NULL"
"2026-04-15 13:39:58.515";"c-pk-00000030";"c-pk-00000028";"c0074-b3-p1";"Eredivisie|Bayern Munich : Real Madrid";"6,80";"Basketball";"1";"1";"2026-04-11 09:17:21.525";"MATCH ODDS";"Real";"21,38";"NULL"
"2026-03-13 07:33:38.027";"c-pk-00000034";"c-pk-00000033";"c0074-b4-p0";"Eredivisie|Fenerbahce Istanbul : Juventus";"2,40";"Tennis";"1";"1";"2026-04-20 07:27:46.807";"MATCH ODDS";"Juventus";"53,86";"NULL"
"2026-04-05 22:08:44.943";"c-pk-00000035";"c-pk-00000033";"c0074-b4-p1";"ATP Tour|Feyenoord Rotterdam : Bayern Munich";"3,79";"Football";"1";"0";"2026-04-11 19:16:33.030";"MATCH ODDS";"Bayern";"69,44";"NULL"
"2026-04-28 11:26:12.882";"c-pk-00000038";"c-pk-00000037";"c0074-b5-p0";"Premier League|Real Madrid : Bayern Munich";"1,88";"Football";"0";"0";"2026-02-18 22:00:31.557";"MATCH ODDS";"Bayern";"67,95";"NULL"
"2026-02-23 10:08:47.873";"a-pk-00000013";"a-pk-00000012";"a0075-b0-p0";"Premier League|Juventus : Real Madrid";"8,36";"Tennis";"0";"0";"2026-04-22 16:41:32.167";"MATCH ODDS";"Real";"15,72";"NULL"
"2026-02-03 09:53:58.383";"a-pk-00000014";"a-pk-00000012";"a0075-b0-p1";"UEFA Champions League|PSV Eindhoven : Fenerbahce Istanbul";"6,51";"Basketball";"1";"1";"2026-02-02 06:02:50.826";"MATCH ODDS";"Fenerbahce";"13,63";"NULL"
"2026-01-24 22:11:37.205";"a-pk-00000018";"a-pk-00000017";"a0075-b1-p0";"Premier League|Real Madrid : Bayern Munich";"11,99";"Tennis";"0";"1";"2026-01-19 08:05:11.816";"MATCH ODDS";"Bayern";"14,61";"NULL"
"2026-03-16 18:20:37.581";"a-pk-00000019";"a-pk-00000017";"a0075-b1-p1";"Eredivisie|Fenerbahce Istanbul : Bayern Munich";"1,86";"Football";"1";"1";"2026-03-03 04:51:58.671";"MATCH ODDS";"Bayern";"5,50";"NULL"
"2026-01-18 19:05:50.116";"a-pk-00000020";"a-pk-00000017";"a0075-b1-p2";"UEFA Champions League|PSV Eindhoven : Arsenal";"3,40";"Tennis";"0";"1";"2026-03-16 02:12:13.615";"MATCH ODDS";"Arsenal";"15,58";"NULL"
"2026-03-19 09:35:02.166";"a-pk-00000024";"a-pk-00000023";"a0075-b2-p0";"UEFA Champions League|Real Madrid : Fenerbahce Istanbul";"7,88";"Basketball";"0";"0";"2026-04-22 13:19:51.369";"MATCH ODDS";"Fenerbahce";"4,00";"NULL"
"2026-01-10 22:56:44.070";"a-pk-00000027";"a-pk-00000026";"a0075-b3-p0";"ATP Tour|AZ Alkmaar : Arsenal";"11,04";"Football";"0";"0";"2026-01-20 03:56:32.812";"MATCH ODDS";"Arsenal";"15,49";"NULL"
"2026-01-04 13:59:47.910";"b-pk-00000017";"b-pk-00000016";"b0076-b0-p0";"UEFA Champions League|PSV Eindhoven : Real Madrid";"11,96";"Basketball";"0";"1";"2026-02-09 09:29:37.678";"MATCH ODDS";"Real";"62,87";"NULL"
"2026-02-11 21:07:52.419";"b-pk-00000018";"b-pk-00000016";"b0076-b0-p1";"Eredivisie|Bayern Munich : Juventus";"8,89";"Basketball";"0";"0";"2026-04-09 23:32:38.498";"MATCH ODDS";"Juventus";"57,76";"NULL"
"2026-01-23 09:11:40.722";"b-pk-00000022";"b-pk-00000021";"b0076-b1-p0";"Premier League|Juventus : Bayern Munich";"10,82";"Football";"1";"1";"2026-02-26 17:12:40.218";"MATCH ODDS";"Bayern";"39,19";"NULL"
"2026-01-27 16:55:29.982";"b-pk-00000026";"b-pk-00000025";"b0076-b2-p0";"Eredivisie|Bayern Munich : Juventus";"1,61";"Basketball";"1";"0";"2026-01-16 23:36:07.118";"MATCH ODDS";"Juventus";"79,12";"NULL"
"2026-03-23 05:15:31.738";"b-pk-00000029";"b-pk-00000028";"b0076-b3-p0";"Eredivisie|PSV Eindhoven : Arsenal";"8,43";"Tennis";"1";"1";"2026-01-02 15:35:35.908";"MATCH ODDS";"Arsenal";"10,56";"NULL"
"2026-04-08 21:47:10.359";"c-pk-00000015";"c-pk-00000014";"c0077-b0-p0";"ATP Tour|Arsenal : Real Madrid";"9,15";"Basketball";"1";"0";"2026-02-06 23:13:18.940";"MATCH ODDS";"Real";"10,59";"NULL"
"2026-03-25 14:49:49.571";"c-pk-00000019";"c-pk-00000018";"c0077-b1-p0";"Premier League|Real Madrid : Arsenal";"10,77";"Basketball";"0";"1";"2026-03-20 11:40:17.093";"MATCH ODDS";"Arsenal";"10,20";"NULL"
"2026-04-14 18:53:19.261";"c-pk-00000023";"c-pk-00000022";"c0077-b2-p0";"Premier League|AZ Alkmaar : Real Madrid";"11,07";"Football";"0";"1";"2026-01-24 22:20:08.513";"MATCH ODDS";"Real";"18,92";"NULL"
"2026-03-03 17:12:28.555";"c-pk-00000024";"c-pk-00000022";"c0077-b2-p1";"ATP Tour|PSV Eindhoven : Arsenal";"9,83";"Tennis";"1";"1";"2026-01-19 16:59:48.552";"MATCH ODDS";"Arsenal";"10,55";"NULL"
"2026-02-10 07:22:16.541";"c-pk-00000028";"c-pk-00000027";"c0077-b3-p0";"Premier League|FC Twente : Real Madrid";"5,58";"Tennis";"0";"0";"2026-02-27 03:43:22.398";"MATCH ODDS";"Real";"1,61";"NULL"
"2026-04-14 23:58:37.125";"c-pk-00000031";"c-pk-00000030";"c0077-b4-p0";"Premier League|PSV Eindhoven : Arsenal";"8,30";"Football";"1";"0";"2026-02-06 03:51:21.045";"MATCH ODDS";"Arsenal";"19,72";"NULL"
"2026-01-09 01:51:49.565";"a-pk-00000014";"a-pk-00000013";"a0078-b0-p0";"ATP Tour|Fenerbahce Istanbul : Juventus";"10,28";"Tennis";"1";"1";"2026-03-09 18:56:22.030";"MATCH ODDS";"Juventus";"16,58";"NULL"
"2026-02-20 08:05:19.146";"a-pk-00000017";"a-pk-00000016";"a0078-b1-p0";"Premier League|Fenerbahce Istanbul : Arsenal";"8,38";"Basketball";"0";"1";"2026-03-15 20:28:58.441";"MATCH ODDS";"Arsenal";"4,40";"NULL"
"2026-02-02 20:30:20.212";"b-pk-00000012";"b-pk-00000011";"b0079-b0-p0";"UEFA Champions League|FC Twente : Arsenal";"1,98";"Football";"1";"1";"2026-02-04 11:49:48.726";"MATCH ODDS";"Arsenal";"3,59";"NULL"
"2026-01-09 08:14:00.650";"b-pk-00000013";"b-pk-00000011";"b0079-b0-p1";"Premier League|Feyenoord Rotterdam : Arsenal";"10,05";"Football";"1";"0";"2026-03-10 11:09:37.807";"MATCH ODDS";"Arsenal";"17,48";"NULL"
"2026-04-01 02:01:48.046";"b-pk-00000017";"b-pk-00000016";"b0079-b1-p0";"ATP Tour|Real Madrid : Juventus";"9,26";"Basketball";"1";"0";"2026-03-10 19:38:31.373";"MATCH ODDS";"Juventus";"15,04";"NULL"
"2026-01-24 16:33:32.094";"b-pk-00000018";"b-pk-00000016";"b0079-b1-p1";"ATP Tour|Bayern Munich : Juventus";"10,25";"Tennis";"1";"0";"2026-02-04 11:36:37.157";"MATCH ODDS";"Juventus";"10,48";"NULL"
"2026-02-16 09:37:55.046";"b-pk-00000019";"b-pk-00000016";"b0079-b1-p2";"Eredivisie|AZ Alkmaar : Arsenal";"11,49";"Football";"0";"0";"2026-02-06 05:14:55.616";"MATCH ODDS";"Arsenal";"7,11";"NULL"
"2026-04-17 10:26:32.565";"c-pk-00000014";"c-pk-00000013";"c0080-b0-p0";"UEFA Champions League|Real Madrid : Arsenal";"8,63";"Basketball";"1";"0";"2026-01-25 16:21:43.619";"MATCH ODDS";"Arsenal";"10,01";"NULL"
"2026-03-24 10:33:28.671";"c-pk-00000018";"c-pk-00000017";"c0080-b1-p0";"ATP Tour|PSV Eindhoven : Juventus";"9,21";"Tennis";"1";"1";"2026-04-24 02:22:22.862";"MATCH ODDS";"Juventus";"12,94";"NULL"
"2026-03-21 01:45:40.132";"c-pk-00000019";"c-pk-00000017";"c0080-b1-p1";"Premier League|Bayern Munich : Arsenal";"3,93";"Tennis";"0";"1";"2026-04-06 19:41:00.572";"MATCH ODDS";"Arsenal";"14,77";"NULL"
"2026-03-08 20:39:16.340";"c-pk-00000020";"c-pk-00000017";"c0080-b1-p2";"ATP Tour|Juventus : Juventus";"10,68";"Football";"1";"1";"2026-03-18 01:49:30.537";"MATCH ODDS";"Juventus";"1,14";"NULL"
"2026-03-03 11:00:46.901";"c-pk-00000023";"c-pk-00000022";"c0080-b2-p0";"UEFA Champions League|AZ Alkmaar : Real Madrid";"5,37";"Football";"1";"0";"2026-03-04 01:51:47.900";"MATCH ODDS";"Real";"3,68";"NULL"
"2026-04-07 18:39:30.270";"c-pk-00000027";"c-pk-00000026";"c0080-b3-p0";"Eredivisie|Real Madrid : Real Madrid";"2,40";"Basketball";"0";"0";"2026-03-27 02:03:56.090";"MATCH ODDS";"Real";"1,40";"NULL"
"2026-01-22 19:20:07.401";"c-pk-00000028";"c-pk-00000026";"c0080-b3-p1";"ATP Tour|Arsenal : Fenerbahce Istanbul";"4,43";"Basketball";"1";"1";"2026-04-19 20:30:12.530";"MATCH ODDS";"Fenerbahce";"4,73";"NULL"
"2026-01-06 14:01:46.413";"c-pk-00000031";"c-pk-00000030";"c0080-b4-p0";"ATP Tour|PSV Eindhoven : Real Madrid";"10,50";"Tennis";"1";"1";"2026-04-02 15:05:40.866";"MATCH ODDS";"Real";"18,37";"NULL"
"2026-02-24 12:59:06.883";"c-pk-00000032";"c-pk-00000030";"c0080-b4-p1";"Eredivisie|Fenerbahce Istanbul : Real Madrid";"3,56";"Football";"0";"0";"2026-04-15 08:23:38.660";"MATCH ODDS";"Real";"12,18";"NULL"
"2026-04-24 23:54:53.635";"a-pk-00000011";"a-pk-00000010";"a0081-b0-p0";"UEFA Champions League|Feyenoord Rotterdam : Juventus";"4,75";"Tennis";"1";"1";"2026-04-04 21:51:21.015";"MATCH ODDS";"Juventus";"16,67";"NULL"
"2026-01-23 10:47:01.522";"a-pk-00000012";"a-pk-00000010";"a0081-b0-p1";"Premier League|Juventus : Juventus";"7,38";"Basketball";"1";"1";"2026-04-23 09:02:15.939";"MATCH ODDS";"Juventus";"7,32";"NULL"
"2026-03-26 11:38:44.819";"a-pk-00000013";"a-pk-00000010";"a0081-b0-p2";"Premier League|AZ Alkmaar : Juventus";"9,55";"Football";"1";"1";"2026-01-28 01:32:48.728";"MATCH ODDS";"Juventus";"3,55";"NULL"
"2026-02-16 19:30:39.039";"a-pk-00000016";"a-pk-00000015";"a0081-b1-p0";"Premier League|AZ Alkmaar : Real Madrid";"1,38";"Football";"1";"1";"2026-03-20 09:35:53.317";"MATCH ODDS";"Real";"11,81";"NULL"
"2026-04-09 19:46:50.021";"a-pk-00000020";"a-pk-00000019";"a0081-b2-p0";"ATP Tour|Real Madrid : Arsenal";"5,26";"Football";"0";"0";"2026-04-05 21:30:25.369";"MATCH ODDS";"Arsenal";"4,75";"NULL"
"2026-02-09 03:31:58.951";"a-pk-00000021";"a-pk-00000019";"a0081-b2-p1";"UEFA Champions League|PSV Eindhoven : Bayern Munich";"8,08";"Football";"0";"1";"2026-03-12 10:35:15.809";"MATCH ODDS";"Bayern";"6,51";"NULL"
"2026-03-20 08:13:26.937";"b-pk-00000012";"b-pk-00000011";"b0082-b0-p0";"Premier League|Arsenal : Arsenal";"3,62";"Tennis";"0";"1";"2026-04-04 08:27:22.197";"MATCH ODDS";"Arsenal";"17,77";"NULL"
"2026-03-05 02:43:32.441";"b-pk-00000013";"b-pk-00000011";"b0082-b0-p1";"UEFA Champions League|Real Madrid : Fenerbahce Istanbul";"5,99";"Tennis";"0";"1";"2026-02-02 07:20:05.646";"MATCH ODDS";"Fenerbahce";"11,91";"NULL"
"2026-04-14 22:13:11.874";"b-pk-00000017";"b-pk-00000016";"b0082-b1-p0";"ATP Tour|Real Madrid : Juventus";"6,49";"Basketball";"0";"1";"2026-02-07 06:35:06.001";"MATCH ODDS";"Juventus";"8,64";"NULL"
"2026-03-28 04:30:01.720";"b-pk-00000021";"b-pk-00000020";"b0082-b2-p0";"UEFA Champions League|Arsenal : Bayern Munich";"3,15";"Basketball";"1";"0";"2026-01-26 09:13:20.925";"MATCH ODDS";"Bayern";"19,62";"NULL"
"2026-04-16 23:57:47.736";"b-pk-00000022";"b-pk-00000020";"b0082-b2-p1";"UEFA Champions League|Fenerbahce Istanbul : Bayern Munich";"5,16";"Football";"0";"1";"2026-01-01 19:48:09.918";"MATCH ODDS";"Bayern";"17,90";"NULL"
"2026-03-11 06:52:29.112";"b-pk-00000023";"b-pk-00000020";"b0082-b2-p2";"ATP Tour|AZ Alkmaar : Juventus";"4,25";"Tennis";"0";"0";"2026-01-10 07:05:39.129";"MATCH ODDS";"Juventus";"9,43";"NULL"
"2026-03-11 10:09:26.467";"b-pk-00000026";"b-pk-00000025";"b0082-b3-p0";"ATP Tour|Ajax : Bayern Munich";"11,35";"Football";"0";"1";"2026-04-24 01:09:29.741";"MATCH ODDS";"Bayern";"6,97";"NULL"
"2026-02-26 05:15:23.818";"b-pk-00000029";"b-pk-00000028";"b0082-b4-p0";"ATP Tour|Fenerbahce Istanbul : Arsenal";"9,79";"Basketball";"0";"0";"2026-01-21 11:17:33.288";"MATCH ODDS";"Arsenal";"14,95";"NULL"
"2026-03-13 19:37:37.480";"c-pk-00000014";"c-pk-00000013";"c0083-b0-p0";"Eredivisie|Real Madrid : Juventus";"9,32";"Football";"1";"0";"2026-01-27 02:39:12.063";"MATCH ODDS";"Juventus";"14,24";"NULL"
"2026-02-13 15:07:36.091";"c-pk-00000015";"c-pk-00000013";"c0083-b0-p1";"UEFA Champions League|Arsenal : Juventus";"7,34";"Basketball";"0";"0";"2026-03-08 21:02:13.642";"MATCH ODDS";"Juventus";"2,45";"NULL"
"2026-01-11 20:25:33.135";"c-pk-00000016";"c-pk-00000013";"c0083-b0-p2";"Eredivisie|Arsenal : Juventus";"6,77";"Basketball";"1";"1";"2026-02-08 10:53:21.182";"MATCH ODDS";"Juventus";"9,05";"NULL"
"2026-02-26 04:08:37.226";"c-pk-00000019";"c-pk-00000018";"c0083-b1-p0";"Eredivisie|Fenerbahce Istanbul : Arsenal";"2,09";"Basketball";"1";"1";"2026-03-01 07:36:41.283";"MATCH ODDS";"Arsenal";"14,03";"NULL"
"2026-03-11 15:44:42.506";"c-pk-00000020";"c-pk-00000018";"c0083-b1-p1";"UEFA Champions League|Arsenal : Bayern Munich";"9,03";"Basketball";"0";"1";"2026-03-07 02:58:08.685";"MATCH ODDS";"Bayern";"6,72";"NULL"
"2026-04-06 19:16:12.204";"c-pk-00000024";"c-pk-00000023";"c0083-b2-p0";"Premier League|PSV Eindhoven : Arsenal";"7,43";"Tennis";"1";"1";"2026-01-26 16:34:20.332";"MATCH ODDS";"Arsenal";"1,31";"NULL"
"2026-01-04 16:51:04.517";"c-pk-00000028";"c-pk-00000027";"c0083-b3-p0";"UEFA Champions League|FC Twente : Real Madrid";"7,09";"Basketball";"1";"0";"2026-02-05 20:37:15.378";"MATCH ODDS";"Real";"9,52";"NULL"
"2026-03-27 10:58:20.290";"c-pk-00000032";"c-pk-00000031";"c0083-b4-p0";"Eredivisie|Ajax : Arsenal";"5,70";"Football";"0";"0";"2026-01-27 07:21:45.256";"MATCH ODDS";"Arsenal";"16,07";"NULL"
"2026-02-23 01:56:50.379";"a-pk-00000013";"a-pk-00000012";"a0084-b0-p0";"Eredivisie|Fenerbahce Istanbul : Fenerbahce Istanbul";"10,43";"Football";"1";"0";"2026-03-26 14:51:08.352";"MATCH ODDS";"Fenerbahce";"6,25";"NULL"
"2026-04-18 20:27:33.021";"a-pk-00000017";"a-pk-00000016";"a0084-b1-p0";"Eredivisie|Arsenal : Real Madrid";"6,36";"Basketball";"0";"1";"2026-02-21 07:22:57.936";"MATCH ODDS";"Real";"9,68";"NULL"
"2026-02-03 02:46:27.698";"a-pk-00000018";"a-pk-00000016";"a0084-b1-p1";"Premier League|Fenerbahce Istanbul : Juventus";"7,45";"Football";"0";"0";"2026-03-08 09:45:29.737";"MATCH ODDS";"Juventus";"2,08";"NULL"
"2026-04-12 00:46:35.564";"a-pk-00000019";"a-pk-00000016";"a0084-b1-p2";"ATP Tour|AZ Alkmaar : Fenerbahce Istanbul";"11,12";"Tennis";"1";"1";"2026-02-26 11:29:24.516";"MATCH ODDS";"Fenerbahce";"8,91";"NULL"
"2026-02-23 01:47:20.627";"a-pk-00000023";"a-pk-00000022";"a0084-b2-p0";"Eredivisie|Bayern Munich : Fenerbahce Istanbul";"1,93";"Tennis";"0";"1";"2026-02-22 22:22:07.942";"MATCH ODDS";"Fenerbahce";"15,21";"NULL"
"2026-03-04 00:44:19.565";"b-pk-00000016";"b-pk-00000015";"b0085-b0-p0";"UEFA Champions League|AZ Alkmaar : Juventus";"5,82";"Tennis";"0";"1";"2026-03-09 04:27:08.788";"MATCH ODDS";"Juventus";"6,55";"NULL"
"2026-02-10 12:42:27.791";"b-pk-00000020";"b-pk-00000019";"b0085-b1-p0";"Eredivisie|Feyenoord Rotterdam : Arsenal";"6,93";"Basketball";"1";"1";"2026-01-25 06:40:49.058";"MATCH ODDS";"Arsenal";"5,95";"NULL"
"2026-04-20 19:56:47.512";"b-pk-00000021";"b-pk-00000019";"b0085-b1-p1";"ATP Tour|Juventus : Fenerbahce Istanbul";"11,28";"Basketball";"0";"1";"2026-04-27 18:10:18.478";"MATCH ODDS";"Fenerbahce";"1,42";"NULL"
"2026-01-03 16:27:49.295";"b-pk-00000022";"b-pk-00000019";"b0085-b1-p2";"Eredivisie|Fenerbahce Istanbul : Fenerbahce Istanbul";"3,85";"Football";"0";"1";"2026-03-23 12:52:23.099";"MATCH ODDS";"Fenerbahce";"10,69";"NULL"
"2026-04-05 10:05:56.664";"b-pk-00000025";"b-pk-00000024";"b0085-b2-p0";"Eredivisie|Feyenoord Rotterdam : Bayern Munich";"8,45";"Football";"0";"0";"2026-03-09 03:40:04.116";"MATCH ODDS";"Bayern";"12,25";"NULL"
"2026-04-01 15:06:15.754";"b-pk-00000026";"b-pk-00000024";"b0085-b2-p1";"UEFA Champions League|Fenerbahce Istanbul : Real Madrid";"5,54";"Basketball";"0";"0";"2026-01-12 04:11:04.691";"MATCH ODDS";"Real";"6,88";"NULL"
"2026-03-27 06:35:16.685";"b-pk-00000027";"b-pk-00000024";"b0085-b2-p2";"Eredivisie|AZ Alkmaar : Arsenal";"2,67";"Tennis";"0";"0";"2026-04-04 21:20:42.782";"MATCH ODDS";"Arsenal";"12,80";"NULL"
"2026-01-18 20:40:30.087";"c-pk-00000023";"c-pk-00000022";"c0086-b0-p0";"Eredivisie|Arsenal : Real Madrid";"10,61";"Football";"1";"1";"2026-02-08 19:41:44.331";"MATCH ODDS";"Real";"46,05";"NULL"
"2026-04-28 00:56:38.289";"c-pk-00000026";"c-pk-00000025";"c0086-b1-p0";"UEFA Champions League|FC Twente : Juventus";"11,34";"Tennis";"1";"0";"2026-02-26 23:17:07.969";"MATCH ODDS";"Juventus";"18,46";"NULL"
"2026-02-08 12:26:39.298";"c-pk-00000029";"c-pk-00000028";"c0086-b2-p0";"ATP Tour|PSV Eindhoven : Juventus";"8,51";"Football";"1";"0";"2026-04-11 03:34:58.127";"MATCH ODDS";"Juventus";"23,75";"NULL"
"2026-03-25 21:20:58.047";"c-pk-00000030";"c-pk-00000028";"c0086-b2-p1";"Eredivisie|Fenerbahce Istanbul : Bayern Munich";"8,57";"Basketball";"1";"1";"2026-02-04 15:56:24.267";"MATCH ODDS";"Bayern";"53,33";"NULL"
"2026-04-09 19:04:48.088";"c-pk-00000034";"c-pk-00000033";"c0086-b3-p0";"Premier League|Bayern Munich : Juventus";"1,79";"Basketball";"1";"1";"2026-02-14 09:05:32.458";"MATCH ODDS";"Juventus";"50,36";"NULL"
"2026-02-15 15:03:04.990";"c-pk-00000035";"c-pk-00000033";"c0086-b3-p1";"Premier League|Arsenal : Juventus";"2,93";"Basketball";"0";"0";"2026-04-24 08:22:43.686";"MATCH ODDS";"Juventus";"48,21";"NULL"
"2026-01-09 14:00:18.040";"c-pk-00000036";"c-pk-00000033";"c0086-b3-p2";"ATP Tour|Bayern Munich : Real Madrid";"6,41";"Basketball";"0";"1";"2026-03-03 16:53:28.382";"MATCH ODDS";"Real";"32,12";"NULL"
"2026-01-01 17:49:21.468";"c-pk-00000040";"c-pk-00000039";"c0086-b4-p0";"Eredivisie|Fenerbahce Istanbul : Real Madrid";"8,33";"Basketball";"1";"0";"2026-03-08 04:45:19.185";"MATCH ODDS";"Real";"27,89";"NULL"
"2026-02-05 18:32:20.444";"c-pk-00000044";"c-pk-00000043";"c0086-b5-p0";"Premier League|Real Madrid : Arsenal";"9,11";"Basketball";"1";"1";"2026-04-27 00:47:31.820";"MATCH ODDS";"Arsenal";"4,44";"NULL"
"2026-04-08 16:58:44.469";"c-pk-00000047";"c-pk-00000046";"c0086-b6-p0";"UEFA Champions League|FC Twente : Arsenal";"5,92";"Football";"1";"1";"2026-04-26 09:53:00.756";"MATCH ODDS";"Arsenal";"26,68";"NULL"
"2026-01-17 04:18:48.552";"c-pk-00000048";"c-pk-00000046";"c0086-b6-p1";"ATP Tour|Juventus : Arsenal";"9,02";"Tennis";"0";"1";"2026-02-16 16:23:56.239";"MATCH ODDS";"Arsenal";"50,59";"NULL"
"2026-01-07 04:42:44.006";"c-pk-00000052";"c-pk-00000051";"c0086-b7-p0";"ATP Tour|Feyenoord Rotterdam : Fenerbahce Istanbul";"4,33";"Tennis";"1";"1";"2026-04-15 15:04:23.849";"MATCH ODDS";"Fenerbahce";"66,38";"NULL"
"2026-03-27 15:46:27.394";"c-pk-00000056";"c-pk-00000055";"c0086-b8-p0";"ATP Tour|Arsenal : Arsenal";"5,53";"Tennis";"1";"1";"2026-01-18 11:08:00.512";"MATCH ODDS";"Arsenal";"54,03";"NULL"
"2026-03-11 10:59:11.072";"c-pk-00000057";"c-pk-00000055";"c0086-b8-p1";"ATP Tour|Real Madrid : Juventus";"6,50";"Football";"1";"1";"2026-02-19 17:32:31.147";"MATCH ODDS";"Juventus";"37,97";"NULL"
"2026-04-26 15:08:19.424";"c-pk-00000061";"c-pk-00000060";"c0086-b9-p0";"UEFA Champions League|Bayern Munich : Fenerbahce Istanbul";"10,50";"Tennis";"0";"0";"2026-02-06 02:16:15.056";"MATCH ODDS";"Fenerbahce";"16,32";"NULL"
"2026-02-19 12:06:21.076";"c-pk-00000065";"c-pk-00000064";"c0086-b10-p0";"Premier League|Ajax : Bayern Munich";"4,19";"Tennis";"1";"1";"2026-03-15 22:33:13.324";"MATCH ODDS";"Bayern";"6,76";"NULL"
"2026-02-19 22:50:23.322";"a-pk-00000009";"a-pk-00000008";"a0087-b0-p0";"Premier League|Real Madrid : Arsenal";"6,19";"Football";"1";"0";"2026-01-26 23:05:26.962";"MATCH ODDS";"Arsenal";"13,79";"NULL"
"2026-01-02 00:45:17.854";"a-pk-00000010";"a-pk-00000008";"a0087-b0-p1";"Premier League|Fenerbahce Istanbul : Arsenal";"3,92";"Tennis";"1";"0";"2026-04-09 09:16:13.843";"MATCH ODDS";"Arsenal";"4,05";"NULL"
"2026-03-05 05:44:48.945";"a-pk-00000011";"a-pk-00000008";"a0087-b0-p2";"UEFA Champions League|Arsenal : Juventus";"8,84";"Basketball";"0";"1";"2026-02-06 14:25:45.512";"MATCH ODDS";"Juventus";"5,54";"NULL"
"2026-03-17 23:55:27.660";"a-pk-00000014";"a-pk-00000013";"a0087-b1-p0";"Eredivisie|Arsenal : Real Madrid";"11,54";"Tennis";"1";"1";"2026-04-12 17:26:07.490";"MATCH ODDS";"Real";"4,15";"NULL"
"2026-04-24 06:21:07.476";"a-pk-00000018";"a-pk-00000017";"a0087-b2-p0";"Premier League|Fenerbahce Istanbul : Bayern Munich";"4,58";"Football";"1";"0";"2026-03-04 23:53:31.405";"MATCH ODDS";"Bayern";"11,81";"NULL"
"2026-02-03 06:15:52.845";"b-pk-00000011";"b-pk-00000010";"b0088-b0-p0";"Eredivisie|Feyenoord Rotterdam : Bayern Munich";"5,47";"Basketball";"0";"0";"2026-03-25 00:37:35.181";"MATCH ODDS";"Bayern";"2,51";"NULL"
"2026-01-23 00:44:06.671";"b-pk-00000015";"b-pk-00000014";"b0088-b1-p0";"UEFA Champions League|PSV Eindhoven : Arsenal";"7,48";"Basketball";"0";"1";"2026-04-28 10:53:56.217";"MATCH ODDS";"Arsenal";"16,60";"NULL"
"2026-01-05 15:09:34.990";"b-pk-00000018";"b-pk-00000017";"b0088-b2-p0";"ATP Tour|Feyenoord Rotterdam : Juventus";"3,21";"Football";"1";"0";"2026-01-20 07:42:46.736";"MATCH ODDS";"Juventus";"10,87";"NULL"
"2026-04-06 11:09:41.889";"b-pk-00000022";"b-pk-00000021";"b0088-b3-p0";"ATP Tour|PSV Eindhoven : Real Madrid";"1,66";"Football";"0";"0";"2026-01-04 13:29:36.354";"MATCH ODDS";"Real";"14,79";"NULL"
"2026-04-22 00:06:47.775";"b-pk-00000023";"b-pk-00000021";"b0088-b3-p1";"ATP Tour|Ajax : Real Madrid";"2,10";"Tennis";"0";"0";"2026-04-15 23:34:26.754";"MATCH ODDS";"Real";"3,58";"NULL"
"2026-03-07 16:25:55.262";"b-pk-00000024";"b-pk-00000021";"b0088-b3-p2";"UEFA Champions League|Real Madrid : Bayern Munich";"9,34";"Tennis";"1";"0";"2026-01-06 05:02:39.587";"MATCH ODDS";"Bayern";"6,68";"NULL"
"2026-03-06 17:18:26.951";"b-pk-00000028";"b-pk-00000027";"b0088-b4-p0";"Premier League|PSV Eindhoven : Fenerbahce Istanbul";"6,49";"Football";"0";"1";"2026-03-14 14:39:31.050";"MATCH ODDS";"Fenerbahce";"14,94";"NULL"
"2026-01-04 14:21:16.910";"c-pk-00000013";"c-pk-00000012";"c0089-b0-p0";"UEFA Champions League|PSV Eindhoven : Real Madrid";"7,42";"Tennis";"1";"1";"2026-03-06 02:40:35.544";"MATCH ODDS";"Real";"14,65";"NULL"
"2026-02-09 14:46:13.330";"c-pk-00000016";"c-pk-00000015";"c0089-b1-p0";"ATP Tour|Bayern Munich : Real Madrid";"3,52";"Basketball";"1";"1";"2026-01-12 07:54:00.062";"MATCH ODDS";"Real";"9,83";"NULL"
"2026-02-28 08:30:56.582";"c-pk-00000017";"c-pk-00000015";"c0089-b1-p1";"UEFA Champions League|Bayern Munich : Bayern Munich";"3,12";"Basketball";"0";"0";"2026-03-15 17:10:16.332";"MATCH ODDS";"Bayern";"15,06";"NULL"
"2026-01-14 13:47:47.604";"c-pk-00000020";"c-pk-00000019";"c0089-b2-p0";"ATP Tour|Fenerbahce Istanbul : Bayern Munich";"5,40";"Basketball";"0";"1";"2026-04-08 23:28:58.316";"MATCH ODDS";"Bayern";"12,54";"NULL"
"2026-03-01 04:46:12.083";"c-pk-00000023";"c-pk-00000022";"c0089-b3-p0";"Eredivisie|Fenerbahce Istanbul : Fenerbahce Istanbul";"5,69";"Football";"1";"0";"2026-02-16 05:35:59.830";"MATCH ODDS";"Fenerbahce";"12,80";"NULL"
"2026-03-06 01:59:03.662";"c-pk-00000027";"c-pk-00000026";"c0089-b4-p0";"ATP Tour|Arsenal : Juventus";"1,93";"Football";"1";"1";"2026-02-09 12:00:41.487";"MATCH ODDS";"Juventus";"5,23";"NULL"
"2026-04-15 14:29:15.873";"a-pk-00000016";"a-pk-00000015";"a0090-b0-p0";"ATP Tour|Arsenal : Arsenal";"5,69";"Tennis";"1";"1";"2026-03-12 09:21:39.906";"MATCH ODDS";"Arsenal";"2,11";"NULL"
"2026-02-23 07:12:41.968";"a-pk-00000020";"a-pk-00000019";"a0090-b1-p0";"Eredivisie|Juventus : Juventus";"10,69";"Football";"1";"0";"2026-03-21 16:20:21.764";"MATCH ODDS";"Juventus";"15,92";"NULL"
"2026-03-22 04:29:44.899";"a-pk-00000024";"a-pk-00000023";"a0090-b2-p0";"Eredivisie|AZ Alkmaar : Bayern Munich";"10,22";"Basketball";"1";"0";"2026-01-06 18:18:03.447";"MATCH ODDS";"Bayern";"11,77";"NULL"
"2026-01-06 07:47:51.793";"a-pk-00000025";"a-pk-00000023";"a0090-b2-p1";"Eredivisie|Real Madrid : Bayern Munich";"11,54";"Basketball";"0";"1";"2026-04-25 03:10:23.559";"MATCH ODDS";"Bayern";"4,43";"NULL"
"2026-03-05 07:52:37.006";"a-pk-00000029";"a-pk-00000028";"a0090-b3-p0";"Premier League|Bayern Munich : Arsenal";"1,53";"Football";"1";"0";"2026-03-28 04:56:56.874";"MATCH ODDS";"Arsenal";"15,01";"NULL"
"2026-03-16 00:50:04.514";"a-pk-00000030";"a-pk-00000028";"a0090-b3-p1";"Premier League|FC Twente : Bayern Munich";"7,55";"Tennis";"1";"0";"2026-01-22 09:24:28.961";"MATCH ODDS";"Bayern";"1,83";"NULL"
"2026-02-25 20:21:57.045";"a-pk-00000031";"a-pk-00000028";"a0090-b3-p2";"ATP Tour|Real Madrid : Arsenal";"9,22";"Basketball";"0";"0";"2026-03-22 02:29:30.921";"MATCH ODDS";"Arsenal";"14,51";"NULL"
"2026-03-27 05:31:22.295";"a-pk-00000035";"a-pk-00000034";"a0090-b4-p0";"ATP Tour|PSV Eindhoven : Bayern Munich";"8,19";"Basketball";"0";"0";"2026-04-16 21:57:32.346";"MATCH ODDS";"Bayern";"18,49";"NULL"
"2026-01-23 02:20:07.283";"b-pk-00000013";"b-pk-00000012";"b0091-b0-p0";"Eredivisie|Juventus : Real Madrid";"7,54";"Tennis";"1";"1";"2026-03-19 02:15:25.743";"MATCH ODDS";"Real";"2,61";"NULL"
"2026-02-17 05:08:45.969";"b-pk-00000014";"b-pk-00000012";"b0091-b0-p1";"Premier League|Arsenal : Arsenal";"9,89";"Tennis";"0";"1";"2026-03-23 18:42:52.024";"MATCH ODDS";"Arsenal";"17,90";"NULL"
"2026-03-07 21:54:47.833";"b-pk-00000015";"b-pk-00000012";"b0091-b0-p2";"Premier League|Juventus : Bayern Munich";"3,97";"Tennis";"1";"1";"2026-04-28 12:04:46.902";"MATCH ODDS";"Bayern";"5,52";"NULL"
"2026-04-26 00:59:07.593";"b-pk-00000019";"b-pk-00000018";"b0091-b1-p0";"Eredivisie|Juventus : Bayern Munich";"9,63";"Football";"0";"1";"2026-01-14 12:06:35.793";"MATCH ODDS";"Bayern";"7,22";"NULL"
"2026-04-28 15:27:14.453";"b-pk-00000022";"b-pk-00000021";"b0091-b2-p0";"ATP Tour|Real Madrid : Fenerbahce Istanbul";"2,97";"Football";"0";"1";"2026-02-10 08:32:14.917";"MATCH ODDS";"Fenerbahce";"8,13";"NULL"
"2026-03-24 19:00:37.968";"b-pk-00000026";"b-pk-00000025";"b0091-b3-p0";"ATP Tour|Ajax : Fenerbahce Istanbul";"9,22";"Tennis";"1";"1";"2026-04-24 07:45:42.051";"MATCH ODDS";"Fenerbahce";"15,35";"NULL"
"2026-01-28 05:21:13.096";"b-pk-00000027";"b-pk-00000025";"b0091-b3-p1";"UEFA Champions League|Juventus : Arsenal";"2,68";"Basketball";"0";"1";"2026-04-05 10:17:31.796";"MATCH ODDS";"Arsenal";"10,66";"NULL"
"2026-01-15 06:33:32.960";"b-pk-00000030";"b-pk-00000029";"b0091-b4-p0";"UEFA Champions League|Feyenoord Rotterdam : Juventus";"4,66";"Tennis";"1";"0";"2026-03-24 15:18:15.864";"MATCH ODDS";"Juventus";"8,64";"NULL"
"2026-03-17 13:03:15.943";"c-pk-00000014";"c-pk-00000013";"c0092-b0-p0";"ATP Tour|Feyenoord Rotterdam : Real Madrid";"7,96";"Basketball";"1";"1";"2026-02-23 07:54:13.796";"MATCH ODDS";"Real";"11,27";"NULL"
"2026-02-09 10:28:03.347";"c-pk-00000015";"c-pk-00000013";"c0092-b0-p1";"Premier League|PSV Eindhoven : Juventus";"2,03";"Tennis";"1";"0";"2026-04-07 17:34:00.843";"MATCH ODDS";"Juventus";"13,16";"NULL"
"2026-04-01 06:43:35.352";"c-pk-00000018";"c-pk-00000017";"c0092-b1-p0";"Eredivisie|AZ Alkmaar : Real Madrid";"8,24";"Tennis";"1";"1";"2026-02-14 16:06:36.888";"MATCH ODDS";"Real";"4,59";"NULL"
"2026-03-03 22:11:59.985";"c-pk-00000019";"c-pk-00000017";"c0092-b1-p1";"Eredivisie|FC Twente : Real Madrid";"8,78";"Football";"0";"1";"2026-02-12 07:43:37.256";"MATCH ODDS";"Real";"17,48";"NULL"
"2026-03-12 08:04:53.552";"c-pk-00000020";"c-pk-00000017";"c0092-b1-p2";"Premier League|FC Twente : Bayern Munich";"7,82";"Tennis";"0";"0";"2026-03-25 00:03:56.237";"MATCH ODDS";"Bayern";"7,60";"NULL"
"2026-02-03 06:09:49.756";"c-pk-00000023";"c-pk-00000022";"c0092-b2-p0";"ATP Tour|AZ Alkmaar : Juventus";"9,77";"Football";"1";"0";"2026-04-18 10:24:18.983";"MATCH ODDS";"Juventus";"12,88";"NULL"
"2026-02-01 18:10:54.370";"c-pk-00000024";"c-pk-00000022";"c0092-b2-p1";"Eredivisie|AZ Alkmaar : Fenerbahce Istanbul";"7,08";"Football";"1";"1";"2026-04-22 06:25:13.079";"MATCH ODDS";"Fenerbahce";"8,54";"NULL"
"2026-03-19 02:40:05.443";"c-pk-00000027";"c-pk-00000026";"c0092-b3-p0";"ATP Tour|Juventus : Bayern Munich";"9,92";"Football";"1";"0";"2026-01-08 03:03:45.973";"MATCH ODDS";"Bayern";"14,10";"NULL"
"2026-02-25 04:33:17.371";"c-pk-00000028";"c-pk-00000026";"c0092-b3-p1";"ATP Tour|Ajax : Arsenal";"10,24";"Tennis";"0";"1";"2026-01-18 20:21:29.630";"MATCH ODDS";"Arsenal";"18,36";"NULL"
"2026-03-09 06:38:37.606";"a-pk-00000009";"a-pk-00000008";"a0093-b0-p0";"ATP Tour|Real Madrid : Arsenal";"4,07";"Basketball";"1";"0";"2026-02-08 00:33:26.655";"MATCH ODDS";"Arsenal";"5,84";"NULL"
"2026-01-18 04:58:13.477";"a-pk-00000012";"a-pk-00000011";"a0093-b1-p0";"Premier League|FC Twente : Fenerbahce Istanbul";"6,47";"Football";"0";"0";"2026-04-09 09:16:30.586";"MATCH ODDS";"Fenerbahce";"14,13";"NULL"
"2026-04-09 22:00:01.205";"a-pk-00000013";"a-pk-00000011";"a0093-b1-p1";"UEFA Champions League|Fenerbahce Istanbul : Arsenal";"8,87";"Tennis";"1";"1";"2026-04-11 21:59:31.772";"MATCH ODDS";"Arsenal";"4,95";"NULL"
"2026-04-13 00:28:08.224";"a-pk-00000014";"a-pk-00000011";"a0093-b1-p2";"ATP Tour|PSV Eindhoven : Juventus";"5,45";"Basketball";"0";"1";"2026-04-09 03:09:00.571";"MATCH ODDS";"Juventus";"3,01";"NULL"
"2026-04-12 04:44:58.440";"a-pk-00000017";"a-pk-00000016";"a0093-b2-p0";"ATP Tour|FC Twente : Bayern Munich";"5,72";"Tennis";"0";"0";"2026-01-14 06:25:30.535";"MATCH ODDS";"Bayern";"2,32";"NULL"
"2026-03-07 05:38:51.572";"a-pk-00000021";"a-pk-00000020";"a0093-b3-p0";"UEFA Champions League|Real Madrid : Arsenal";"10,24";"Football";"1";"0";"2026-01-03 08:39:51.616";"MATCH ODDS";"Arsenal";"10,29";"NULL"
"2026-04-15 07:39:24.096";"a-pk-00000025";"a-pk-00000024";"a0093-b4-p0";"Premier League|Bayern Munich : Arsenal";"9,62";"Football";"0";"1";"2026-01-11 15:13:58.918";"MATCH ODDS";"Arsenal";"8,63";"NULL"
"2026-01-11 07:47:40.183";"b-pk-00000016";"b-pk-00000015";"b0094-b0-p0";"Premier League|AZ Alkmaar : Bayern Munich";"4,20";"Basketball";"0";"1";"2026-03-08 10:14:44.170";"MATCH ODDS";"Bayern";"18,96";"NULL"
"2026-01-12 17:56:04.245";"b-pk-00000017";"b-pk-00000015";"b0094-b0-p1";"ATP Tour|Arsenal : Fenerbahce Istanbul";"11,74";"Basketball";"0";"1";"2026-04-08 05:07:14.387";"MATCH ODDS";"Fenerbahce";"15,74";"NULL"
"2026-03-02 17:25:34.504";"b-pk-00000021";"b-pk-00000020";"b0094-b1-p0";"Eredivisie|Fenerbahce Istanbul : Bayern Munich";"10,81";"Tennis";"1";"0";"2026-02-25 06:21:59.689";"MATCH ODDS";"Bayern";"12,15";"NULL"
"2026-03-03 18:12:30.898";"b-pk-00000025";"b-pk-00000024";"b0094-b2-p0";"ATP Tour|AZ Alkmaar : Juventus";"6,83";"Basketball";"1";"0";"2026-01-27 05:29:51.202";"MATCH ODDS";"Juventus";"6,08";"NULL"
"2026-04-21 15:47:16.481";"c-pk-00000014";"c-pk-00000013";"c0095-b0-p0";"ATP Tour|Juventus : Fenerbahce Istanbul";"6,41";"Basketball";"0";"0";"2026-01-03 21:55:03.302";"MATCH ODDS";"Fenerbahce";"1,03";"NULL"
"2026-03-07 18:14:39.132";"c-pk-00000017";"c-pk-00000016";"c0095-b1-p0";"Eredivisie|Bayern Munich : Real Madrid";"2,65";"Football";"1";"1";"2026-04-15 05:29:29.258";"MATCH ODDS";"Real";"7,88";"NULL"
"2026-02-26 00:48:47.814";"c-pk-00000021";"c-pk-00000020";"c0095-b2-p0";"Premier League|Arsenal : Juventus";"8,41";"Tennis";"1";"0";"2026-03-22 16:50:38.318";"MATCH ODDS";"Juventus";"9,49";"NULL"
"2026-02-17 10:15:08.660";"c-pk-00000022";"c-pk-00000020";"c0095-b2-p1";"Eredivisie|AZ Alkmaar : Juventus";"8,10";"Football";"1";"1";"2026-04-03 13:45:42.720";"MATCH ODDS";"Juventus";"13,26";"NULL"
"2026-04-17 21:50:04.532";"c-pk-00000023";"c-pk-00000020";"c0095-b2-p2";"ATP Tour|Bayern Munich : Arsenal";"11,93";"Basketball";"1";"0";"2026-04-24 02:55:14.890";"MATCH ODDS";"Arsenal";"11,91";"NULL"
"2026-04-13 06:01:03.667";"a-pk-00000014";"a-pk-00000013";"a0096-b0-p0";"Premier League|Fenerbahce Istanbul : Juventus";"5,45";"Tennis";"0";"0";"2026-01-12 21:04:24.265";"MATCH ODDS";"Juventus";"2,07";"NULL"
"2026-03-06 15:59:40.908";"a-pk-00000018";"a-pk-00000017";"a0096-b1-p0";"ATP Tour|Real Madrid : Juventus";"2,96";"Basketball";"1";"1";"2026-04-15 15:44:03.342";"MATCH ODDS";"Juventus";"7,85";"NULL"
"2026-04-09 15:30:30.284";"b-pk-00000015";"b-pk-00000014";"b0097-b0-p0";"Premier League|Bayern Munich : Real Madrid";"3,76";"Basketball";"0";"0";"2026-02-08 16:17:32.466";"MATCH ODDS";"Real";"36,11";"NULL"
"2026-01-11 09:22:47.116";"b-pk-00000019";"b-pk-00000018";"b0097-b1-p0";"Premier League|Feyenoord Rotterdam : Fenerbahce Istanbul";"5,93";"Tennis";"1";"1";"2026-03-02 10:46:36.068";"MATCH ODDS";"Fenerbahce";"46,16";"NULL"
"2026-02-28 21:47:55.480";"b-pk-00000020";"b-pk-00000018";"b0097-b1-p1";"ATP Tour|Ajax : Bayern Munich";"2,31";"Football";"0";"0";"2026-02-02 13:21:15.207";"MATCH ODDS";"Bayern";"30,38";"NULL"
"2026-03-27 18:42:34.020";"b-pk-00000021";"b-pk-00000018";"b0097-b1-p2";"ATP Tour|Bayern Munich : Juventus";"7,36";"Football";"0";"0";"2026-04-01 16:31:35.500";"MATCH ODDS";"Juventus";"61,35";"NULL"
"2026-04-17 10:59:21.999";"b-pk-00000025";"b-pk-00000024";"b0097-b2-p0";"ATP Tour|Arsenal : Fenerbahce Istanbul";"1,32";"Football";"1";"1";"2026-03-22 01:28:45.143";"MATCH ODDS";"Fenerbahce";"48,45";"NULL"
"2026-01-15 19:14:45.186";"b-pk-00000026";"b-pk-00000024";"b0097-b2-p1";"UEFA Champions League|FC Twente : Fenerbahce Istanbul";"8,65";"Football";"1";"1";"2026-02-15 16:10:22.296";"MATCH ODDS";"Fenerbahce";"31,48";"NULL"
"2026-04-22 01:32:42.512";"b-pk-00000029";"b-pk-00000028";"b0097-b3-p0";"UEFA Champions League|PSV Eindhoven : Juventus";"4,48";"Tennis";"1";"1";"2026-02-23 17:51:00.373";"MATCH ODDS";"Juventus";"16,47";"NULL"
"2026-03-13 17:15:35.460";"b-pk-00000033";"b-pk-00000032";"b0097-b4-p0";"UEFA Champions League|Ajax : Juventus";"9,64";"Football";"1";"1";"2026-02-15 18:56:52.570";"MATCH ODDS";"Juventus";"61,90";"NULL"
"2026-02-28 13:49:59.781";"b-pk-00000036";"b-pk-00000035";"b0097-b5-p0";"Premier League|AZ Alkmaar : Juventus";"6,77";"Football";"1";"1";"2026-02-07 17:25:27.344";"MATCH ODDS";"Juventus";"53,67";"NULL"
"2026-03-12 18:22:28.803";"b-pk-00000037";"b-pk-00000035";"b0097-b5-p1";"ATP Tour|AZ Alkmaar : Arsenal";"3,83";"Tennis";"1";"0";"2026-01-11 23:48:40.685";"MATCH ODDS";"Arsenal";"71,18";"NULL"
"2026-03-02 05:21:44.844";"b-pk-00000038";"b-pk-00000035";"b0097-b5-p2";"UEFA Champions League|Ajax : Bayern Munich";"9,87";"Basketball";"0";"0";"2026-03-26 10:33:28.154";"MATCH ODDS";"Bayern";"17,69";"NULL"
"2026-01-17 21:07:27.784";"b-pk-00000042";"b-pk-00000041";"b0097-b6-p0";"ATP Tour|Fenerbahce Istanbul : Arsenal";"8,55";"Football";"0";"1";"2026-03-21 12:27:05.236";"MATCH ODDS";"Arsenal";"52,18";"NULL"
"2026-04-10 19:50:19.638";"b-pk-00000045";"b-pk-00000044";"b0097-b7-p0";"UEFA Champions League|FC Twente : Juventus";"3,81";"Tennis";"1";"0";"2026-02-26 20:25:13.575";"MATCH ODDS";"Juventus";"18,19";"NULL"
"2026-04-23 07:42:38.036";"b-pk-00000049";"b-pk-00000048";"b0097-b8-p0";"ATP Tour|Bayern Munich : Bayern Munich";"9,52";"Basketball";"0";"1";"2026-03-07 18:58:45.561";"MATCH ODDS";"Bayern";"2,44";"NULL"
"2026-04-21 05:53:20.106";"b-pk-00000050";"b-pk-00000048";"b0097-b8-p1";"ATP Tour|Juventus : Juventus";"4,46";"Basketball";"1";"0";"2026-04-02 18:37:32.967";"MATCH ODDS";"Juventus";"36,38";"NULL"
"2026-04-14 17:58:35.105";"b-pk-00000051";"b-pk-00000048";"b0097-b8-p2";"UEFA Champions League|Feyenoord Rotterdam : Juventus";"3,61";"Football";"0";"1";"2026-04-20 03:43:11.562";"MATCH ODDS";"Juventus";"8,58";"NULL"
"2026-03-16 23:40:37.964";"b-pk-00000054";"b-pk-00000053";"b0097-b9-p0";"Eredivisie|Arsenal : Real Madrid";"4,54";"Tennis";"1";"0";"2026-01-21 18:41:32.631";"MATCH ODDS";"Real";"62,91";"NULL"
"2026-03-25 15:06:59.434";"b-pk-00000055";"b-pk-00000053";"b0097-b9-p1";"UEFA Champions League|Ajax : Real Madrid";"1,60";"Tennis";"0";"1";"2026-01-09 08:28:05.918";"MATCH ODDS";"Real";"33,97";"NULL"
"2026-03-06 13:16:18.991";"b-pk-00000056";"b-pk-00000053";"b0097-b9-p2";"UEFA Champions League|PSV Eindhoven : Bayern Munich";"4,93";"Basketball";"0";"1";"2026-03-24 11:16:05.675";"MATCH ODDS";"Bayern";"54,18";"NULL"
"2026-02-27 15:42:26.002";"b-pk-00000060";"b-pk-00000059";"b0097-b10-p0";"Premier League|PSV Eindhoven : Real Madrid";"8,81";"Tennis";"1";"0";"2026-03-14 08:54:48.914";"MATCH ODDS";"Real";"22,35";"NULL"
"2026-03-07 09:09:20.361";"b-pk-00000061";"b-pk-00000059";"b0097-b10-p1";"Eredivisie|Arsenal : Fenerbahce Istanbul";"4,89";"Football";"0";"0";"2026-04-24 04:53:05.212";"MATCH ODDS";"Fenerbahce";"43,14";"NULL"
"2026-01-19 21:22:17.952";"b-pk-00000062";"b-pk-00000059";"b0097-b10-p2";"UEFA Champions League|Bayern Munich : Bayern Munich";"2,63";"Basketball";"1";"0";"2026-04-11 00:23:25.924";"MATCH ODDS";"Bayern";"43,75";"NULL"
"2026-03-13 00:05:56.632";"c-pk-00000013";"c-pk-00000012";"c0098-b0-p0";"UEFA Champions League|Feyenoord Rotterdam : Fenerbahce Istanbul";"8,51";"Football";"1";"0";"2026-01-28 13:10:11.828";"MATCH ODDS";"Fenerbahce";"19,46";"NULL"
"2026-04-04 19:50:37.302";"c-pk-00000016";"c-pk-00000015";"c0098-b1-p0";"UEFA Champions League|Feyenoord Rotterdam : Arsenal";"4,62";"Basketball";"1";"0";"2026-03-25 03:38:42.652";"MATCH ODDS";"Arsenal";"11,88";"NULL"
"2026-02-21 00:09:45.190";"c-pk-00000019";"c-pk-00000018";"c0098-b2-p0";"UEFA Champions League|Ajax : Bayern Munich";"9,91";"Basketball";"1";"1";"2026-01-02 12:26:20.760";"MATCH ODDS";"Bayern";"9,05";"NULL"
"2026-03-14 08:20:12.779";"a-pk-00000010";"a-pk-00000009";"a0099-b0-p0";"ATP Tour|Ajax : Fenerbahce Istanbul";"11,19";"Football";"1";"1";"2026-03-01 13:02:49.331";"MATCH ODDS";"Fenerbahce";"13,27";"NULL"
"2026-04-24 12:03:07.570";"a-pk-00000014";"a-pk-00000013";"a0099-b1-p0";"Premier League|AZ Alkmaar : Juventus";"9,85";"Basketball";"0";"0";"2026-03-04 22:43:20.649";"MATCH ODDS";"Juventus";"17,31";"NULL"
"2026-04-08 07:17:44.228";"a-pk-00000015";"a-pk-00000013";"a0099-b1-p1";"Premier League|PSV Eindhoven : Arsenal";"5,21";"Basketball";"1";"0";"2026-04-25 19:30:02.096";"MATCH ODDS";"Arsenal";"13,63";"NULL"
"2026-02-03 21:51:53.719";"a-pk-00000016";"a-pk-00000013";"a0099-b1-p2";"Premier League|Bayern Munich : Real Madrid";"6,42";"Tennis";"0";"1";"2026-01-26 18:13:30.018";"MATCH ODDS";"Real";"2,57";"NULL"
"2026-03-15 23:09:24.407";"a-pk-00000020";"a-pk-00000019";"a0099-b2-p0";"UEFA Champions League|Real Madrid : Juventus";"6,66";"Tennis";"0";"0";"2026-03-03 13:40:06.092";"MATCH ODDS";"Juventus";"12,34";"NULL"
"2026-04-17 20:57:57.626";"a-pk-00000021";"a-pk-00000019";"a0099-b2-p1";"Eredivisie|Fenerbahce Istanbul : Arsenal";"1,48";"Basketball";"0";"1";"2026-02-03 03:09:42.841";"MATCH ODDS";"Arsenal";"3,24";"NULL"
"2026-03-03 06:17:50.178";"a-pk-00000025";"a-pk-00000024";"a0099-b3-p0";"UEFA Champions League|Ajax : Arsenal";"6,57";"Basketball";"1";"0";"2026-02-07 10:41:31.238";"MATCH ODDS";"Arsenal";"14,29";"NULL"
"2026-02-01 19:16:11.035";"a-pk-00000026";"a-pk-00000024";"a0099-b3-p1";"Premier League|Real Madrid : Fenerbahce Istanbul";"5,94";"Football";"1";"1";"2026-01-12 20:32:29.067";"MATCH ODDS";"Fenerbahce";"12,73";"NULL"
"2026-02-13 09:42:50.186";"a-pk-00000030";"a-pk-00000029";"a0099-b4-p0";"ATP Tour|Juventus : Arsenal";"6,48";"Tennis";"1";"1";"2026-02-08 16:46:40.101";"MATCH ODDS";"Arsenal";"9,02";"NULL"
"2026-01-08 10:06:06.675";"a-pk-00000031";"a-pk-00000029";"a0099-b4-p1";"Eredivisie|Fenerbahce Istanbul : Real Madrid";"10,79";"Football";"0";"0";"2026-01-04 00:30:21.192";"MATCH ODDS";"Real";"8,09";"NULL"
"2026-04-19 08:33:53.794";"a-pk-00000032";"a-pk-00000029";"a0099-b4-p2";"Premier League|Fenerbahce Istanbul : Real Madrid";"9,98";"Basketball";"0";"0";"2026-02-05 23:08:11.233";"MATCH ODDS";"Real";"17,27";"NULL"
